case,format,workload,sample,elapsed_ns,read_calls,read_bytes,write_calls,write_bytes,flush_calls,io_failures,seek_calls,backend,cache,file_count,metadata_blocks,peak_rss_bytes
baseline-file,fat12,mount,1,1792,1,512,0,0,0,0,0,file,default,32,8,2490368
baseline-file,fat12,mount,2,5084,1,512,0,0,0,0,0,file,default,32,8,2490368
baseline-file,fat12,mount,3,2000,1,512,0,0,0,0,0,file,default,32,8,2490368
baseline-file,fat12,mount,4,1834,1,512,0,0,0,0,0,file,default,32,8,2490368
baseline-file,fat12,mount,5,2500,1,512,0,0,0,0,0,file,default,32,8,2490368
baseline-file,fat12,list,1,8041,3,1536,0,0,0,0,0,file,default,32,8,2703360
baseline-file,fat12,list,2,7833,3,1536,0,0,0,0,0,file,default,32,8,2686976
baseline-file,fat12,list,3,8167,3,1536,0,0,0,0,0,file,default,32,8,2686976
baseline-file,fat12,list,4,10583,3,1536,0,0,0,0,0,file,default,32,8,2686976
baseline-file,fat12,list,5,7667,3,1536,0,0,0,0,0,file,default,32,8,2670592
baseline-file,fat12,lookup-last,1,3084,3,1536,0,0,0,0,0,file,default,32,8,2605056
baseline-file,fat12,lookup-last,2,3125,3,1536,0,0,0,0,0,file,default,32,8,2605056
baseline-file,fat12,lookup-last,3,3500,3,1536,0,0,0,0,0,file,default,32,8,2605056
baseline-file,fat12,lookup-last,4,3250,3,1536,0,0,0,0,0,file,default,32,8,2605056
baseline-file,fat12,lookup-last,5,3500,3,1536,0,0,0,0,0,file,default,32,8,2605056
baseline-file,fat12,lookup-miss,1,3875,3,1536,0,0,0,0,0,file,default,32,8,2555904
baseline-file,fat12,lookup-miss,2,3000,3,1536,0,0,0,0,0,file,default,32,8,2555904
baseline-file,fat12,lookup-miss,3,3125,3,1536,0,0,0,0,0,file,default,32,8,2555904
baseline-file,fat12,lookup-miss,4,2792,3,1536,0,0,0,0,0,file,default,32,8,2555904
baseline-file,fat12,lookup-miss,5,3209,3,1536,0,0,0,0,0,file,default,32,8,2555904
baseline-file,fat12,lookup-last-warm,1,875,0,0,0,0,0,0,0,file,default,32,8,2605056
baseline-file,fat12,lookup-last-warm,2,1250,0,0,0,0,0,0,0,file,default,32,8,2605056
baseline-file,fat12,lookup-last-warm,3,958,0,0,0,0,0,0,0,file,default,32,8,2605056
baseline-file,fat12,lookup-last-warm,4,1000,0,0,0,0,0,0,0,file,default,32,8,2605056
baseline-file,fat12,lookup-last-warm,5,1042,0,0,0,0,0,0,0,file,default,32,8,2605056
baseline-file,fat12,lookup-batch,1,22917,3,1536,0,0,0,0,0,file,default,32,8,2605056
baseline-file,fat12,lookup-batch,2,22875,3,1536,0,0,0,0,0,file,default,32,8,2621440
baseline-file,fat12,lookup-batch,3,20959,3,1536,0,0,0,0,0,file,default,32,8,2637824
baseline-file,fat12,lookup-batch,4,21500,3,1536,0,0,0,0,0,file,default,32,8,2621440
baseline-file,fat12,lookup-batch,5,20625,3,1536,0,0,0,0,0,file,default,32,8,2637824
baseline-file,fat12,stat,1,83,0,0,0,0,0,0,0,file,default,32,8,2605056
baseline-file,fat12,stat,2,41,0,0,0,0,0,0,0,file,default,32,8,2605056
baseline-file,fat12,stat,3,83,0,0,0,0,0,0,0,file,default,32,8,2605056
baseline-file,fat12,stat,4,83,0,0,0,0,0,0,0,file,default,32,8,2605056
baseline-file,fat12,stat,5,125,0,0,0,0,0,0,0,file,default,32,8,2605056
baseline-file,fat12,read-4k,1,2458,2,4608,0,0,0,0,0,file,default,32,8,2637824
baseline-file,fat12,read-4k,2,1958,2,4608,0,0,0,0,0,file,default,32,8,2637824
baseline-file,fat12,read-4k,3,1750,2,4608,0,0,0,0,0,file,default,32,8,2637824
baseline-file,fat12,read-4k,4,1667,2,4608,0,0,0,0,0,file,default,32,8,2637824
baseline-file,fat12,read-4k,5,1875,2,4608,0,0,0,0,0,file,default,32,8,2637824
baseline-file,fat12,read-64k,1,4833,2,66048,0,0,0,0,0,file,default,32,8,2686976
baseline-file,fat12,read-64k,2,4333,2,66048,0,0,0,0,0,file,default,32,8,2686976
baseline-file,fat12,read-64k,3,4084,2,66048,0,0,0,0,0,file,default,32,8,2686976
baseline-file,fat12,read-64k,4,4125,2,66048,0,0,0,0,0,file,default,32,8,2686976
baseline-file,fat12,read-64k,5,4334,2,66048,0,0,0,0,0,file,default,32,8,2686976
baseline-file,fat12,read-scattered,1,8083,6,20992,0,0,0,0,0,file,default,32,8,2605056
baseline-file,fat12,read-scattered,2,8041,6,20992,0,0,0,0,0,file,default,32,8,2605056
baseline-file,fat12,read-scattered,3,8167,6,20992,0,0,0,0,0,file,default,32,8,2605056
baseline-file,fat12,read-scattered,4,7125,6,20992,0,0,0,0,0,file,default,32,8,2605056
baseline-file,fat12,read-scattered,5,7875,6,20992,0,0,0,0,0,file,default,32,8,2605056
baseline-file,fat12,read-full,1,7417,2,131584,0,0,0,0,0,file,default,32,8,2752512
baseline-file,fat12,read-full,2,7125,2,131584,0,0,0,0,0,file,default,32,8,2752512
baseline-file,fat12,read-full,3,7584,2,131584,0,0,0,0,0,file,default,32,8,2752512
baseline-file,fat12,read-full,4,7416,2,131584,0,0,0,0,0,file,default,32,8,2752512
baseline-file,fat12,read-full,5,7334,2,131584,0,0,0,0,0,file,default,32,8,2752512
baseline-file,fat16,mount,1,2500,2,1024,0,0,0,0,0,file,default,32,8,2490368
baseline-file,fat16,mount,2,3084,2,1024,0,0,0,0,0,file,default,32,8,2490368
baseline-file,fat16,mount,3,2584,2,1024,0,0,0,0,0,file,default,32,8,2490368
baseline-file,fat16,mount,4,2292,2,1024,0,0,0,0,0,file,default,32,8,2490368
baseline-file,fat16,mount,5,2459,2,1024,0,0,0,0,0,file,default,32,8,2490368
baseline-file,fat16,list,1,8417,3,1536,0,0,0,0,0,file,default,32,8,2686976
baseline-file,fat16,list,2,7958,3,1536,0,0,0,0,0,file,default,32,8,2670592
baseline-file,fat16,list,3,7625,3,1536,0,0,0,0,0,file,default,32,8,2686976
baseline-file,fat16,list,4,7666,3,1536,0,0,0,0,0,file,default,32,8,2686976
baseline-file,fat16,list,5,8167,3,1536,0,0,0,0,0,file,default,32,8,2686976
baseline-file,fat16,lookup-last,1,3000,3,1536,0,0,0,0,0,file,default,32,8,2605056
baseline-file,fat16,lookup-last,2,3416,3,1536,0,0,0,0,0,file,default,32,8,2605056
baseline-file,fat16,lookup-last,3,3417,3,1536,0,0,0,0,0,file,default,32,8,2605056
baseline-file,fat16,lookup-last,4,3375,3,1536,0,0,0,0,0,file,default,32,8,2605056
baseline-file,fat16,lookup-last,5,3334,3,1536,0,0,0,0,0,file,default,32,8,2605056
baseline-file,fat16,lookup-miss,1,2875,3,1536,0,0,0,0,0,file,default,32,8,2555904
baseline-file,fat16,lookup-miss,2,3167,3,1536,0,0,0,0,0,file,default,32,8,2555904
baseline-file,fat16,lookup-miss,3,2792,3,1536,0,0,0,0,0,file,default,32,8,2555904
baseline-file,fat16,lookup-miss,4,2792,3,1536,0,0,0,0,0,file,default,32,8,2555904
baseline-file,fat16,lookup-miss,5,3208,3,1536,0,0,0,0,0,file,default,32,8,2555904
baseline-file,fat16,lookup-last-warm,1,958,0,0,0,0,0,0,0,file,default,32,8,2605056
baseline-file,fat16,lookup-last-warm,2,1000,0,0,0,0,0,0,0,file,default,32,8,2605056
baseline-file,fat16,lookup-last-warm,3,917,0,0,0,0,0,0,0,file,default,32,8,2605056
baseline-file,fat16,lookup-last-warm,4,1000,0,0,0,0,0,0,0,file,default,32,8,2605056
baseline-file,fat16,lookup-last-warm,5,1333,0,0,0,0,0,0,0,file,default,32,8,2605056
baseline-file,fat16,lookup-batch,1,23708,3,1536,0,0,0,0,0,file,default,32,8,2621440
baseline-file,fat16,lookup-batch,2,20833,3,1536,0,0,0,0,0,file,default,32,8,2637824
baseline-file,fat16,lookup-batch,3,20625,3,1536,0,0,0,0,0,file,default,32,8,2621440
baseline-file,fat16,lookup-batch,4,21792,3,1536,0,0,0,0,0,file,default,32,8,2621440
baseline-file,fat16,lookup-batch,5,20625,3,1536,0,0,0,0,0,file,default,32,8,2621440
baseline-file,fat16,stat,1,125,0,0,0,0,0,0,0,file,default,32,8,2605056
baseline-file,fat16,stat,2,125,0,0,0,0,0,0,0,file,default,32,8,2605056
baseline-file,fat16,stat,3,125,0,0,0,0,0,0,0,file,default,32,8,2605056
baseline-file,fat16,stat,4,83,0,0,0,0,0,0,0,file,default,32,8,2605056
baseline-file,fat16,stat,5,83,0,0,0,0,0,0,0,file,default,32,8,2605056
baseline-file,fat16,read-4k,1,1666,2,4608,0,0,0,0,0,file,default,32,8,2637824
baseline-file,fat16,read-4k,2,1792,2,4608,0,0,0,0,0,file,default,32,8,2637824
baseline-file,fat16,read-4k,3,1625,2,4608,0,0,0,0,0,file,default,32,8,2637824
baseline-file,fat16,read-4k,4,1542,2,4608,0,0,0,0,0,file,default,32,8,2637824
baseline-file,fat16,read-4k,5,1667,2,4608,0,0,0,0,0,file,default,32,8,2605056
baseline-file,fat16,read-64k,1,3375,2,66048,0,0,0,0,0,file,default,32,8,2686976
baseline-file,fat16,read-64k,2,3334,2,66048,0,0,0,0,0,file,default,32,8,2686976
baseline-file,fat16,read-64k,3,3792,2,66048,0,0,0,0,0,file,default,32,8,2686976
baseline-file,fat16,read-64k,4,3542,2,66048,0,0,0,0,0,file,default,32,8,2686976
baseline-file,fat16,read-64k,5,3458,2,66048,0,0,0,0,0,file,default,32,8,2686976
baseline-file,fat16,read-scattered,1,6000,6,20992,0,0,0,0,0,file,default,32,8,2605056
baseline-file,fat16,read-scattered,2,6208,6,20992,0,0,0,0,0,file,default,32,8,2605056
baseline-file,fat16,read-scattered,3,5583,6,20992,0,0,0,0,0,file,default,32,8,2605056
baseline-file,fat16,read-scattered,4,7833,6,20992,0,0,0,0,0,file,default,32,8,2605056
baseline-file,fat16,read-scattered,5,5834,6,20992,0,0,0,0,0,file,default,32,8,2605056
baseline-file,fat16,read-full,1,5375,2,131584,0,0,0,0,0,file,default,32,8,2752512
baseline-file,fat16,read-full,2,6000,2,131584,0,0,0,0,0,file,default,32,8,2752512
baseline-file,fat16,read-full,3,6042,2,131584,0,0,0,0,0,file,default,32,8,2736128
baseline-file,fat16,read-full,4,5167,2,131584,0,0,0,0,0,file,default,32,8,2752512
baseline-file,fat16,read-full,5,5291,2,131584,0,0,0,0,0,file,default,32,8,2752512
baseline-file,fat32,mount,1,3458,3,1536,0,0,0,0,0,file,default,32,8,2490368
baseline-file,fat32,mount,2,3167,3,1536,0,0,0,0,0,file,default,32,8,2490368
baseline-file,fat32,mount,3,3000,3,1536,0,0,0,0,0,file,default,32,8,2490368
baseline-file,fat32,mount,4,2958,3,1536,0,0,0,0,0,file,default,32,8,2490368
baseline-file,fat32,mount,5,3166,3,1536,0,0,0,0,0,file,default,32,8,2490368
baseline-file,fat32,list,1,9750,4,2048,0,0,0,0,0,file,default,32,8,2670592
baseline-file,fat32,list,2,9208,4,2048,0,0,0,0,0,file,default,32,8,2686976
baseline-file,fat32,list,3,8500,4,2048,0,0,0,0,0,file,default,32,8,2686976
baseline-file,fat32,list,4,9750,4,2048,0,0,0,0,0,file,default,32,8,2670592
baseline-file,fat32,list,5,9167,4,2048,0,0,0,0,0,file,default,32,8,2686976
baseline-file,fat32,lookup-last,1,3792,4,2048,0,0,0,0,0,file,default,32,8,2605056
baseline-file,fat32,lookup-last,2,3916,4,2048,0,0,0,0,0,file,default,32,8,2605056
baseline-file,fat32,lookup-last,3,3916,4,2048,0,0,0,0,0,file,default,32,8,2605056
baseline-file,fat32,lookup-last,4,4250,4,2048,0,0,0,0,0,file,default,32,8,2605056
baseline-file,fat32,lookup-last,5,4250,4,2048,0,0,0,0,0,file,default,32,8,2605056
baseline-file,fat32,lookup-miss,1,3667,4,2048,0,0,0,0,0,file,default,32,8,2555904
baseline-file,fat32,lookup-miss,2,3625,4,2048,0,0,0,0,0,file,default,32,8,2555904
baseline-file,fat32,lookup-miss,3,3958,4,2048,0,0,0,0,0,file,default,32,8,2555904
baseline-file,fat32,lookup-miss,4,3666,4,2048,0,0,0,0,0,file,default,32,8,2555904
baseline-file,fat32,lookup-miss,5,3875,4,2048,0,0,0,0,0,file,default,32,8,2555904
baseline-file,fat32,lookup-last-warm,1,1083,0,0,0,0,0,0,0,file,default,32,8,2605056
baseline-file,fat32,lookup-last-warm,2,1125,0,0,0,0,0,0,0,file,default,32,8,2605056
baseline-file,fat32,lookup-last-warm,3,1417,0,0,0,0,0,0,0,file,default,32,8,2605056
baseline-file,fat32,lookup-last-warm,4,1167,0,0,0,0,0,0,0,file,default,32,8,2605056
baseline-file,fat32,lookup-last-warm,5,1208,0,0,0,0,0,0,0,file,default,32,8,2605056
baseline-file,fat32,lookup-batch,1,26583,4,2048,0,0,0,0,0,file,default,32,8,2621440
baseline-file,fat32,lookup-batch,2,25459,4,2048,0,0,0,0,0,file,default,32,8,2621440
baseline-file,fat32,lookup-batch,3,23834,4,2048,0,0,0,0,0,file,default,32,8,2621440
baseline-file,fat32,lookup-batch,4,23875,4,2048,0,0,0,0,0,file,default,32,8,2637824
baseline-file,fat32,lookup-batch,5,26459,4,2048,0,0,0,0,0,file,default,32,8,2637824
baseline-file,fat32,stat,1,125,0,0,0,0,0,0,0,file,default,32,8,2605056
baseline-file,fat32,stat,2,83,0,0,0,0,0,0,0,file,default,32,8,2605056
baseline-file,fat32,stat,3,125,0,0,0,0,0,0,0,file,default,32,8,2605056
baseline-file,fat32,stat,4,125,0,0,0,0,0,0,0,file,default,32,8,2605056
baseline-file,fat32,stat,5,83,0,0,0,0,0,0,0,file,default,32,8,2605056
baseline-file,fat32,read-4k,1,1042,1,4096,0,0,0,0,0,file,default,32,8,2621440
baseline-file,fat32,read-4k,2,958,1,4096,0,0,0,0,0,file,default,32,8,2637824
baseline-file,fat32,read-4k,3,917,1,4096,0,0,0,0,0,file,default,32,8,2621440
baseline-file,fat32,read-4k,4,1083,1,4096,0,0,0,0,0,file,default,32,8,2637824
baseline-file,fat32,read-4k,5,1000,1,4096,0,0,0,0,0,file,default,32,8,2637824
baseline-file,fat32,read-64k,1,4042,2,66048,0,0,0,0,0,file,default,32,8,2703360
baseline-file,fat32,read-64k,2,4125,2,66048,0,0,0,0,0,file,default,32,8,2703360
baseline-file,fat32,read-64k,3,4083,2,66048,0,0,0,0,0,file,default,32,8,2703360
baseline-file,fat32,read-64k,4,4333,2,66048,0,0,0,0,0,file,default,32,8,2703360
baseline-file,fat32,read-64k,5,4583,2,66048,0,0,0,0,0,file,default,32,8,2703360
baseline-file,fat32,read-scattered,1,7625,7,21504,0,0,0,0,0,file,default,32,8,2621440
baseline-file,fat32,read-scattered,2,7792,7,21504,0,0,0,0,0,file,default,32,8,2621440
baseline-file,fat32,read-scattered,3,8125,7,21504,0,0,0,0,0,file,default,32,8,2621440
baseline-file,fat32,read-scattered,4,8750,7,21504,0,0,0,0,0,file,default,32,8,2637824
baseline-file,fat32,read-scattered,5,7625,7,21504,0,0,0,0,0,file,default,32,8,2621440
baseline-file,fat32,read-full,1,8959,3,132096,0,0,0,0,0,file,default,32,8,2768896
baseline-file,fat32,read-full,2,7208,3,132096,0,0,0,0,0,file,default,32,8,2768896
baseline-file,fat32,read-full,3,7584,3,132096,0,0,0,0,0,file,default,32,8,2768896
baseline-file,fat32,read-full,4,7042,3,132096,0,0,0,0,0,file,default,32,8,2768896
baseline-file,fat32,read-full,5,7250,3,132096,0,0,0,0,0,file,default,32,8,2768896
baseline-file,exfat,mount,1,67083,27,13824,0,0,0,0,0,file,default,32,0,2490368
baseline-file,exfat,mount,2,63875,27,13824,0,0,0,0,0,file,default,32,0,2490368
baseline-file,exfat,mount,3,70042,27,13824,0,0,0,0,0,file,default,32,0,2490368
baseline-file,exfat,mount,4,70375,27,13824,0,0,0,0,0,file,default,32,0,2490368
baseline-file,exfat,mount,5,67667,27,13824,0,0,0,0,0,file,default,32,0,2490368
baseline-file,exfat,list,1,14208,7,3584,0,0,0,0,0,file,default,32,0,2654208
baseline-file,exfat,list,2,12333,7,3584,0,0,0,0,0,file,default,32,0,2637824
baseline-file,exfat,list,3,12417,7,3584,0,0,0,0,0,file,default,32,0,2637824
baseline-file,exfat,list,4,12875,7,3584,0,0,0,0,0,file,default,32,0,2654208
baseline-file,exfat,list,5,15542,7,3584,0,0,0,0,0,file,default,32,0,2621440
baseline-file,exfat,lookup-last,1,7625,7,3584,0,0,0,0,0,file,default,32,0,2572288
baseline-file,exfat,lookup-last,2,5833,7,3584,0,0,0,0,0,file,default,32,0,2572288
baseline-file,exfat,lookup-last,3,5584,7,3584,0,0,0,0,0,file,default,32,0,2572288
baseline-file,exfat,lookup-last,4,6042,7,3584,0,0,0,0,0,file,default,32,0,2572288
baseline-file,exfat,lookup-last,5,5834,7,3584,0,0,0,0,0,file,default,32,0,2572288
baseline-file,exfat,lookup-miss,1,5750,7,3584,0,0,0,0,0,file,default,32,0,2555904
baseline-file,exfat,lookup-miss,2,5625,7,3584,0,0,0,0,0,file,default,32,0,2555904
baseline-file,exfat,lookup-miss,3,5709,7,3584,0,0,0,0,0,file,default,32,0,2555904
baseline-file,exfat,lookup-miss,4,5458,7,3584,0,0,0,0,0,file,default,32,0,2555904
baseline-file,exfat,lookup-miss,5,5459,7,3584,0,0,0,0,0,file,default,32,0,2555904
baseline-file,exfat,lookup-last-warm,1,5375,7,3584,0,0,0,0,0,file,default,32,0,2572288
baseline-file,exfat,lookup-last-warm,2,5458,7,3584,0,0,0,0,0,file,default,32,0,2572288
baseline-file,exfat,lookup-last-warm,3,5667,7,3584,0,0,0,0,0,file,default,32,0,2572288
baseline-file,exfat,lookup-last-warm,4,5333,7,3584,0,0,0,0,0,file,default,32,0,2572288
baseline-file,exfat,lookup-last-warm,5,5625,7,3584,0,0,0,0,0,file,default,32,0,2572288
baseline-file,exfat,lookup-batch,1,96583,116,59392,0,0,0,0,0,file,default,32,0,2588672
baseline-file,exfat,lookup-batch,2,106250,116,59392,0,0,0,0,0,file,default,32,0,2588672
baseline-file,exfat,lookup-batch,3,91250,116,59392,0,0,0,0,0,file,default,32,0,2588672
baseline-file,exfat,lookup-batch,4,92959,116,59392,0,0,0,0,0,file,default,32,0,2588672
baseline-file,exfat,lookup-batch,5,99500,116,59392,0,0,0,0,0,file,default,32,0,2588672
baseline-file,exfat,stat,1,208,0,0,0,0,0,0,0,file,default,32,0,2572288
baseline-file,exfat,stat,2,208,0,0,0,0,0,0,0,file,default,32,0,2572288
baseline-file,exfat,stat,3,208,0,0,0,0,0,0,0,file,default,32,0,2572288
baseline-file,exfat,stat,4,208,0,0,0,0,0,0,0,file,default,32,0,2572288
baseline-file,exfat,stat,5,208,0,0,0,0,0,0,0,file,default,32,0,2572288
baseline-file,exfat,read-4k,1,958,1,4096,0,0,0,0,0,file,default,32,0,2605056
baseline-file,exfat,read-4k,2,834,1,4096,0,0,0,0,0,file,default,32,0,2588672
baseline-file,exfat,read-4k,3,916,1,4096,0,0,0,0,0,file,default,32,0,2605056
baseline-file,exfat,read-4k,4,917,1,4096,0,0,0,0,0,file,default,32,0,2605056
baseline-file,exfat,read-4k,5,875,1,4096,0,0,0,0,0,file,default,32,0,2605056
baseline-file,exfat,read-64k,1,3417,2,66048,0,0,0,0,0,file,default,32,0,2654208
baseline-file,exfat,read-64k,2,2958,2,66048,0,0,0,0,0,file,default,32,0,2654208
baseline-file,exfat,read-64k,3,3208,2,66048,0,0,0,0,0,file,default,32,0,2654208
baseline-file,exfat,read-64k,4,3209,2,66048,0,0,0,0,0,file,default,32,0,2654208
baseline-file,exfat,read-64k,5,2834,2,66048,0,0,0,0,0,file,default,32,0,2654208
baseline-file,exfat,read-scattered,1,4458,6,20992,0,0,0,0,0,file,default,32,0,2572288
baseline-file,exfat,read-scattered,2,4542,6,20992,0,0,0,0,0,file,default,32,0,2572288
baseline-file,exfat,read-scattered,3,4875,6,20992,0,0,0,0,0,file,default,32,0,2572288
baseline-file,exfat,read-scattered,4,4333,6,20992,0,0,0,0,0,file,default,32,0,2555904
baseline-file,exfat,read-scattered,5,4583,6,20992,0,0,0,0,0,file,default,32,0,2572288
baseline-file,exfat,read-full,1,4875,2,131584,0,0,0,0,0,file,default,32,0,2719744
baseline-file,exfat,read-full,2,4792,2,131584,0,0,0,0,0,file,default,32,0,2719744
baseline-file,exfat,read-full,3,4500,2,131584,0,0,0,0,0,file,default,32,0,2719744
baseline-file,exfat,read-full,4,4375,2,131584,0,0,0,0,0,file,default,32,0,2719744
baseline-file,exfat,read-full,5,6250,2,131584,0,0,0,0,0,file,default,32,0,2719744
baseline-file,iso,mount,1,3500,3,6144,0,0,0,0,0,file,default,32,0,2441216
baseline-file,iso,mount,2,3833,3,6144,0,0,0,0,0,file,default,32,0,2441216
baseline-file,iso,mount,3,3417,3,6144,0,0,0,0,0,file,default,32,0,2441216
baseline-file,iso,mount,4,3500,3,6144,0,0,0,0,0,file,default,32,0,2441216
baseline-file,iso,mount,5,3416,3,6144,0,0,0,0,0,file,default,32,0,2441216
baseline-file,iso,list,1,51250,68,139264,0,0,0,0,0,file,default,32,0,2588672
baseline-file,iso,list,2,52166,68,139264,0,0,0,0,0,file,default,32,0,2572288
baseline-file,iso,list,3,51959,68,139264,0,0,0,0,0,file,default,32,0,2572288
baseline-file,iso,list,4,45583,68,139264,0,0,0,0,0,file,default,32,0,2555904
baseline-file,iso,list,5,51083,68,139264,0,0,0,0,0,file,default,32,0,2572288
baseline-file,iso,lookup-last,1,2875,2,4096,0,0,0,0,0,file,default,32,0,2473984
baseline-file,iso,lookup-last,2,2625,2,4096,0,0,0,0,0,file,default,32,0,2473984
baseline-file,iso,lookup-last,3,2833,2,4096,0,0,0,0,0,file,default,32,0,2473984
baseline-file,iso,lookup-last,4,2875,2,4096,0,0,0,0,0,file,default,32,0,2473984
baseline-file,iso,lookup-last,5,2959,2,4096,0,0,0,0,0,file,default,32,0,2473984
baseline-file,iso,lookup-miss,1,2667,2,4096,0,0,0,0,0,file,default,32,0,2490368
baseline-file,iso,lookup-miss,2,3584,2,4096,0,0,0,0,0,file,default,32,0,2490368
baseline-file,iso,lookup-miss,3,2667,2,4096,0,0,0,0,0,file,default,32,0,2490368
baseline-file,iso,lookup-miss,4,2875,2,4096,0,0,0,0,0,file,default,32,0,2490368
baseline-file,iso,lookup-miss,5,2833,2,4096,0,0,0,0,0,file,default,32,0,2490368
baseline-file,iso,lookup-last-warm,1,2916,2,4096,0,0,0,0,0,file,default,32,0,2473984
baseline-file,iso,lookup-last-warm,2,2500,2,4096,0,0,0,0,0,file,default,32,0,2473984
baseline-file,iso,lookup-last-warm,3,2875,2,4096,0,0,0,0,0,file,default,32,0,2473984
baseline-file,iso,lookup-last-warm,4,2833,2,4096,0,0,0,0,0,file,default,32,0,2473984
baseline-file,iso,lookup-last-warm,5,2500,2,4096,0,0,0,0,0,file,default,32,0,2473984
baseline-file,iso,lookup-batch,1,71166,64,131072,0,0,0,0,0,file,default,32,0,2506752
baseline-file,iso,lookup-batch,2,73959,64,131072,0,0,0,0,0,file,default,32,0,2490368
baseline-file,iso,lookup-batch,3,68709,64,131072,0,0,0,0,0,file,default,32,0,2490368
baseline-file,iso,lookup-batch,4,60916,64,131072,0,0,0,0,0,file,default,32,0,2490368
baseline-file,iso,lookup-batch,5,66625,64,131072,0,0,0,0,0,file,default,32,0,2506752
baseline-file,iso,stat,1,709,1,2048,0,0,0,0,0,file,default,32,0,2473984
baseline-file,iso,stat,2,750,1,2048,0,0,0,0,0,file,default,32,0,2473984
baseline-file,iso,stat,3,667,1,2048,0,0,0,0,0,file,default,32,0,2473984
baseline-file,iso,stat,4,834,1,2048,0,0,0,0,0,file,default,32,0,2473984
baseline-file,iso,stat,5,791,1,2048,0,0,0,0,0,file,default,32,0,2473984
baseline-file,iso,read-4k,1,1417,2,6144,0,0,0,0,0,file,default,32,0,2506752
baseline-file,iso,read-4k,2,1333,2,6144,0,0,0,0,0,file,default,32,0,2490368
baseline-file,iso,read-4k,3,1291,2,6144,0,0,0,0,0,file,default,32,0,2490368
baseline-file,iso,read-4k,4,1916,2,6144,0,0,0,0,0,file,default,32,0,2506752
baseline-file,iso,read-4k,5,1500,2,6144,0,0,0,0,0,file,default,32,0,2506752
baseline-file,iso,read-64k,1,3041,2,67584,0,0,0,0,0,file,default,32,0,2555904
baseline-file,iso,read-64k,2,3083,2,67584,0,0,0,0,0,file,default,32,0,2539520
baseline-file,iso,read-64k,3,3000,2,67584,0,0,0,0,0,file,default,32,0,2555904
baseline-file,iso,read-64k,4,3000,2,67584,0,0,0,0,0,file,default,32,0,2555904
baseline-file,iso,read-64k,5,2958,2,67584,0,0,0,0,0,file,default,32,0,2555904
baseline-file,iso,read-scattered,1,6875,10,30720,0,0,0,0,0,file,default,32,0,2473984
baseline-file,iso,read-scattered,2,6834,10,30720,0,0,0,0,0,file,default,32,0,2473984
baseline-file,iso,read-scattered,3,6375,10,30720,0,0,0,0,0,file,default,32,0,2473984
baseline-file,iso,read-scattered,4,6542,10,30720,0,0,0,0,0,file,default,32,0,2473984
baseline-file,iso,read-scattered,5,6875,10,30720,0,0,0,0,0,file,default,32,0,2473984
baseline-file,iso,read-full,1,4459,2,133120,0,0,0,0,0,file,default,32,0,2621440
baseline-file,iso,read-full,2,4334,2,133120,0,0,0,0,0,file,default,32,0,2621440
baseline-file,iso,read-full,3,4209,2,133120,0,0,0,0,0,file,default,32,0,2621440
baseline-file,iso,read-full,4,4625,2,133120,0,0,0,0,0,file,default,32,0,2621440
baseline-file,iso,read-full,5,4500,2,133120,0,0,0,0,0,file,default,32,0,2621440
baseline-file,udf,mount,1,22958,16,22016,0,0,0,0,0,file,default,32,0,2473984
baseline-file,udf,mount,2,20209,16,22016,0,0,0,0,0,file,default,32,0,2473984
baseline-file,udf,mount,3,22833,16,22016,0,0,0,0,0,file,default,32,0,2473984
baseline-file,udf,mount,4,22708,16,22016,0,0,0,0,0,file,default,32,0,2473984
baseline-file,udf,mount,5,23000,16,22016,0,0,0,0,0,file,default,32,0,2473984
baseline-file,udf,list,1,160167,138,173568,0,0,0,0,0,file,default,32,0,2605056
baseline-file,udf,list,2,199333,138,173568,0,0,0,0,0,file,default,32,0,2605056
baseline-file,udf,list,3,162708,138,173568,0,0,0,0,0,file,default,32,0,2605056
baseline-file,udf,list,4,147834,138,173568,0,0,0,0,0,file,default,32,0,2588672
baseline-file,udf,list,5,155542,138,173568,0,0,0,0,0,file,default,32,0,2605056
baseline-file,udf,lookup-last,1,53250,72,38400,0,0,0,0,0,file,default,32,0,2523136
baseline-file,udf,lookup-last,2,52709,72,38400,0,0,0,0,0,file,default,32,0,2523136
baseline-file,udf,lookup-last,3,54334,72,38400,0,0,0,0,0,file,default,32,0,2523136
baseline-file,udf,lookup-last,4,51958,72,38400,0,0,0,0,0,file,default,32,0,2506752
baseline-file,udf,lookup-last,5,49625,72,38400,0,0,0,0,0,file,default,32,0,2523136
baseline-file,udf,lookup-miss,1,57084,72,38400,0,0,0,0,0,file,default,32,0,2523136
baseline-file,udf,lookup-miss,2,52083,72,38400,0,0,0,0,0,file,default,32,0,2523136
baseline-file,udf,lookup-miss,3,52125,72,38400,0,0,0,0,0,file,default,32,0,2523136
baseline-file,udf,lookup-miss,4,52834,72,38400,0,0,0,0,0,file,default,32,0,2523136
baseline-file,udf,lookup-miss,5,49542,72,38400,0,0,0,0,0,file,default,32,0,2523136
baseline-file,udf,lookup-last-warm,1,52959,72,38400,0,0,0,0,0,file,default,32,0,2523136
baseline-file,udf,lookup-last-warm,2,54916,72,38400,0,0,0,0,0,file,default,32,0,2523136
baseline-file,udf,lookup-last-warm,3,54917,72,38400,0,0,0,0,0,file,default,32,0,2523136
baseline-file,udf,lookup-last-warm,4,49792,72,38400,0,0,0,0,0,file,default,32,0,2523136
baseline-file,udf,lookup-last-warm,5,52875,72,38400,0,0,0,0,0,file,default,32,0,2523136
baseline-file,udf,lookup-batch,1,1028375,1193,659968,0,0,0,0,0,file,default,32,0,2539520
baseline-file,udf,lookup-batch,2,884666,1193,659968,0,0,0,0,0,file,default,32,0,2539520
baseline-file,udf,lookup-batch,3,909709,1193,659968,0,0,0,0,0,file,default,32,0,2539520
baseline-file,udf,lookup-batch,4,886333,1193,659968,0,0,0,0,0,file,default,32,0,2539520
baseline-file,udf,lookup-batch,5,904833,1193,659968,0,0,0,0,0,file,default,32,0,2555904
baseline-file,udf,stat,1,1333,1,2048,0,0,0,0,0,file,default,32,0,2506752
baseline-file,udf,stat,2,1375,1,2048,0,0,0,0,0,file,default,32,0,2506752
baseline-file,udf,stat,3,1375,1,2048,0,0,0,0,0,file,default,32,0,2506752
baseline-file,udf,stat,4,1375,1,2048,0,0,0,0,0,file,default,32,0,2506752
baseline-file,udf,stat,5,1375,1,2048,0,0,0,0,0,file,default,32,0,2506752
baseline-file,udf,read-4k,1,2292,2,6144,0,0,0,0,0,file,default,32,0,2539520
baseline-file,udf,read-4k,2,2125,2,6144,0,0,0,0,0,file,default,32,0,2539520
baseline-file,udf,read-4k,3,3292,2,6144,0,0,0,0,0,file,default,32,0,2539520
baseline-file,udf,read-4k,4,2416,2,6144,0,0,0,0,0,file,default,32,0,2539520
baseline-file,udf,read-4k,5,2292,2,6144,0,0,0,0,0,file,default,32,0,2539520
baseline-file,udf,read-64k,1,4000,2,67584,0,0,0,0,0,file,default,32,0,2588672
baseline-file,udf,read-64k,2,3583,2,67584,0,0,0,0,0,file,default,32,0,2588672
baseline-file,udf,read-64k,3,3750,2,67584,0,0,0,0,0,file,default,32,0,2588672
baseline-file,udf,read-64k,4,3541,2,67584,0,0,0,0,0,file,default,32,0,2588672
baseline-file,udf,read-64k,5,3458,2,67584,0,0,0,0,0,file,default,32,0,2588672
baseline-file,udf,read-scattered,1,9625,10,30720,0,0,0,0,0,file,default,32,0,2506752
baseline-file,udf,read-scattered,2,9833,10,30720,0,0,0,0,0,file,default,32,0,2506752
baseline-file,udf,read-scattered,3,10375,10,30720,0,0,0,0,0,file,default,32,0,2506752
baseline-file,udf,read-scattered,4,10667,10,30720,0,0,0,0,0,file,default,32,0,2506752
baseline-file,udf,read-scattered,5,11209,10,30720,0,0,0,0,0,file,default,32,0,2506752
baseline-file,udf,read-full,1,10667,2,133120,0,0,0,0,0,file,default,32,0,2654208
baseline-file,udf,read-full,2,7917,2,133120,0,0,0,0,0,file,default,32,0,2654208
baseline-file,udf,read-full,3,5541,2,133120,0,0,0,0,0,file,default,32,0,2654208
baseline-file,udf,read-full,4,4792,2,133120,0,0,0,0,0,file,default,32,0,2654208
baseline-file,udf,read-full,5,5417,2,133120,0,0,0,0,0,file,default,32,0,2654208
baseline-memory,fat12,mount,1,666,1,512,0,0,0,0,0,memory,default,32,8,
baseline-memory,fat12,mount,2,666,1,512,0,0,0,0,0,memory,default,32,8,
baseline-memory,fat12,mount,3,583,1,512,0,0,0,0,0,memory,default,32,8,
baseline-memory,fat12,mount,4,584,1,512,0,0,0,0,0,memory,default,32,8,
baseline-memory,fat12,mount,5,583,1,512,0,0,0,0,0,memory,default,32,8,
baseline-memory,fat12,mount,6,2000,1,512,0,0,0,0,0,memory,default,32,8,
baseline-memory,fat12,mount,7,625,1,512,0,0,0,0,0,memory,default,32,8,
baseline-memory,fat12,mount,8,1750,1,512,0,0,0,0,0,memory,default,32,8,
baseline-memory,fat12,mount,9,625,1,512,0,0,0,0,0,memory,default,32,8,
baseline-memory,fat12,mount,10,583,1,512,0,0,0,0,0,memory,default,32,8,
baseline-memory,fat12,mount,11,584,1,512,0,0,0,0,0,memory,default,32,8,
baseline-memory,fat12,mount,12,542,1,512,0,0,0,0,0,memory,default,32,8,
baseline-memory,fat12,mount,13,584,1,512,0,0,0,0,0,memory,default,32,8,
baseline-memory,fat12,mount,14,542,1,512,0,0,0,0,0,memory,default,32,8,
baseline-memory,fat12,mount,15,542,1,512,0,0,0,0,0,memory,default,32,8,
baseline-memory,fat12,mount,16,541,1,512,0,0,0,0,0,memory,default,32,8,
baseline-memory,fat12,mount,17,583,1,512,0,0,0,0,0,memory,default,32,8,
baseline-memory,fat12,mount,18,583,1,512,0,0,0,0,0,memory,default,32,8,
baseline-memory,fat12,mount,19,583,1,512,0,0,0,0,0,memory,default,32,8,
baseline-memory,fat12,mount,20,542,1,512,0,0,0,0,0,memory,default,32,8,
baseline-memory,fat12,mount,21,667,1,512,0,0,0,0,0,memory,default,32,8,
baseline-memory,fat12,list,1,6458,3,1536,0,0,0,0,0,memory,default,32,8,
baseline-memory,fat12,list,2,6417,3,1536,0,0,0,0,0,memory,default,32,8,
baseline-memory,fat12,list,3,6375,3,1536,0,0,0,0,0,memory,default,32,8,
baseline-memory,fat12,list,4,6334,3,1536,0,0,0,0,0,memory,default,32,8,
baseline-memory,fat12,list,5,7916,3,1536,0,0,0,0,0,memory,default,32,8,
baseline-memory,fat12,list,6,8084,3,1536,0,0,0,0,0,memory,default,32,8,
baseline-memory,fat12,list,7,7791,3,1536,0,0,0,0,0,memory,default,32,8,
baseline-memory,fat12,list,8,8209,3,1536,0,0,0,0,0,memory,default,32,8,
baseline-memory,fat12,list,9,7916,3,1536,0,0,0,0,0,memory,default,32,8,
baseline-memory,fat12,list,10,7875,3,1536,0,0,0,0,0,memory,default,32,8,
baseline-memory,fat12,list,11,6750,3,1536,0,0,0,0,0,memory,default,32,8,
baseline-memory,fat12,list,12,6667,3,1536,0,0,0,0,0,memory,default,32,8,
baseline-memory,fat12,list,13,6750,3,1536,0,0,0,0,0,memory,default,32,8,
baseline-memory,fat12,list,14,6833,3,1536,0,0,0,0,0,memory,default,32,8,
baseline-memory,fat12,list,15,6750,3,1536,0,0,0,0,0,memory,default,32,8,
baseline-memory,fat12,list,16,6625,3,1536,0,0,0,0,0,memory,default,32,8,
baseline-memory,fat12,list,17,6708,3,1536,0,0,0,0,0,memory,default,32,8,
baseline-memory,fat12,list,18,6709,3,1536,0,0,0,0,0,memory,default,32,8,
baseline-memory,fat12,list,19,6708,3,1536,0,0,0,0,0,memory,default,32,8,
baseline-memory,fat12,list,20,6708,3,1536,0,0,0,0,0,memory,default,32,8,
baseline-memory,fat12,list,21,6750,3,1536,0,0,0,0,0,memory,default,32,8,
baseline-memory,fat12,lookup-last,1,1292,3,1536,0,0,0,0,0,memory,default,32,8,
baseline-memory,fat12,lookup-last,2,1208,3,1536,0,0,0,0,0,memory,default,32,8,
baseline-memory,fat12,lookup-last,3,1084,3,1536,0,0,0,0,0,memory,default,32,8,
baseline-memory,fat12,lookup-last,4,1083,3,1536,0,0,0,0,0,memory,default,32,8,
baseline-memory,fat12,lookup-last,5,1166,3,1536,0,0,0,0,0,memory,default,32,8,
baseline-memory,fat12,lookup-last,6,1000,3,1536,0,0,0,0,0,memory,default,32,8,
baseline-memory,fat12,lookup-last,7,1083,3,1536,0,0,0,0,0,memory,default,32,8,
baseline-memory,fat12,lookup-last,8,1042,3,1536,0,0,0,0,0,memory,default,32,8,
baseline-memory,fat12,lookup-last,9,2416,3,1536,0,0,0,0,0,memory,default,32,8,
baseline-memory,fat12,lookup-last,10,1125,3,1536,0,0,0,0,0,memory,default,32,8,
baseline-memory,fat12,lookup-last,11,1042,3,1536,0,0,0,0,0,memory,default,32,8,
baseline-memory,fat12,lookup-last,12,1042,3,1536,0,0,0,0,0,memory,default,32,8,
baseline-memory,fat12,lookup-last,13,1041,3,1536,0,0,0,0,0,memory,default,32,8,
baseline-memory,fat12,lookup-last,14,1084,3,1536,0,0,0,0,0,memory,default,32,8,
baseline-memory,fat12,lookup-last,15,1083,3,1536,0,0,0,0,0,memory,default,32,8,
baseline-memory,fat12,lookup-last,16,1083,3,1536,0,0,0,0,0,memory,default,32,8,
baseline-memory,fat12,lookup-last,17,1000,3,1536,0,0,0,0,0,memory,default,32,8,
baseline-memory,fat12,lookup-last,18,1125,3,1536,0,0,0,0,0,memory,default,32,8,
baseline-memory,fat12,lookup-last,19,1125,3,1536,0,0,0,0,0,memory,default,32,8,
baseline-memory,fat12,lookup-last,20,1083,3,1536,0,0,0,0,0,memory,default,32,8,
baseline-memory,fat12,lookup-last,21,1125,3,1536,0,0,0,0,0,memory,default,32,8,
baseline-memory,fat12,lookup-miss,1,1042,3,1536,0,0,0,0,0,memory,default,32,8,
baseline-memory,fat12,lookup-miss,2,1042,3,1536,0,0,0,0,0,memory,default,32,8,
baseline-memory,fat12,lookup-miss,3,1000,3,1536,0,0,0,0,0,memory,default,32,8,
baseline-memory,fat12,lookup-miss,4,958,3,1536,0,0,0,0,0,memory,default,32,8,
baseline-memory,fat12,lookup-miss,5,917,3,1536,0,0,0,0,0,memory,default,32,8,
baseline-memory,fat12,lookup-miss,6,916,3,1536,0,0,0,0,0,memory,default,32,8,
baseline-memory,fat12,lookup-miss,7,1000,3,1536,0,0,0,0,0,memory,default,32,8,
baseline-memory,fat12,lookup-miss,8,1000,3,1536,0,0,0,0,0,memory,default,32,8,
baseline-memory,fat12,lookup-miss,9,1000,3,1536,0,0,0,0,0,memory,default,32,8,
baseline-memory,fat12,lookup-miss,10,916,3,1536,0,0,0,0,0,memory,default,32,8,
baseline-memory,fat12,lookup-miss,11,958,3,1536,0,0,0,0,0,memory,default,32,8,
baseline-memory,fat12,lookup-miss,12,958,3,1536,0,0,0,0,0,memory,default,32,8,
baseline-memory,fat12,lookup-miss,13,1000,3,1536,0,0,0,0,0,memory,default,32,8,
baseline-memory,fat12,lookup-miss,14,1000,3,1536,0,0,0,0,0,memory,default,32,8,
baseline-memory,fat12,lookup-miss,15,958,3,1536,0,0,0,0,0,memory,default,32,8,
baseline-memory,fat12,lookup-miss,16,958,3,1536,0,0,0,0,0,memory,default,32,8,
baseline-memory,fat12,lookup-miss,17,1000,3,1536,0,0,0,0,0,memory,default,32,8,
baseline-memory,fat12,lookup-miss,18,1000,3,1536,0,0,0,0,0,memory,default,32,8,
baseline-memory,fat12,lookup-miss,19,959,3,1536,0,0,0,0,0,memory,default,32,8,
baseline-memory,fat12,lookup-miss,20,1000,3,1536,0,0,0,0,0,memory,default,32,8,
baseline-memory,fat12,lookup-miss,21,1000,3,1536,0,0,0,0,0,memory,default,32,8,
baseline-memory,fat12,lookup-last-warm,1,1042,0,0,0,0,0,0,0,memory,default,32,8,
baseline-memory,fat12,lookup-last-warm,2,958,0,0,0,0,0,0,0,memory,default,32,8,
baseline-memory,fat12,lookup-last-warm,3,959,0,0,0,0,0,0,0,memory,default,32,8,
baseline-memory,fat12,lookup-last-warm,4,1000,0,0,0,0,0,0,0,memory,default,32,8,
baseline-memory,fat12,lookup-last-warm,5,1167,0,0,0,0,0,0,0,memory,default,32,8,
baseline-memory,fat12,lookup-last-warm,6,1042,0,0,0,0,0,0,0,memory,default,32,8,
baseline-memory,fat12,lookup-last-warm,7,1000,0,0,0,0,0,0,0,memory,default,32,8,
baseline-memory,fat12,lookup-last-warm,8,1084,0,0,0,0,0,0,0,memory,default,32,8,
baseline-memory,fat12,lookup-last-warm,9,1000,0,0,0,0,0,0,0,memory,default,32,8,
baseline-memory,fat12,lookup-last-warm,10,959,0,0,0,0,0,0,0,memory,default,32,8,
baseline-memory,fat12,lookup-last-warm,11,958,0,0,0,0,0,0,0,memory,default,32,8,
baseline-memory,fat12,lookup-last-warm,12,959,0,0,0,0,0,0,0,memory,default,32,8,
baseline-memory,fat12,lookup-last-warm,13,1042,0,0,0,0,0,0,0,memory,default,32,8,
baseline-memory,fat12,lookup-last-warm,14,1000,0,0,0,0,0,0,0,memory,default,32,8,
baseline-memory,fat12,lookup-last-warm,15,958,0,0,0,0,0,0,0,memory,default,32,8,
baseline-memory,fat12,lookup-last-warm,16,1000,0,0,0,0,0,0,0,memory,default,32,8,
baseline-memory,fat12,lookup-last-warm,17,958,0,0,0,0,0,0,0,memory,default,32,8,
baseline-memory,fat12,lookup-last-warm,18,1041,0,0,0,0,0,0,0,memory,default,32,8,
baseline-memory,fat12,lookup-last-warm,19,958,0,0,0,0,0,0,0,memory,default,32,8,
baseline-memory,fat12,lookup-last-warm,20,1000,0,0,0,0,0,0,0,memory,default,32,8,
baseline-memory,fat12,lookup-last-warm,21,1000,0,0,0,0,0,0,0,memory,default,32,8,
baseline-memory,fat12,lookup-batch,1,21709,3,1536,0,0,0,0,0,memory,default,32,8,
baseline-memory,fat12,lookup-batch,2,21625,3,1536,0,0,0,0,0,memory,default,32,8,
baseline-memory,fat12,lookup-batch,3,21625,3,1536,0,0,0,0,0,memory,default,32,8,
baseline-memory,fat12,lookup-batch,4,21542,3,1536,0,0,0,0,0,memory,default,32,8,
baseline-memory,fat12,lookup-batch,5,21833,3,1536,0,0,0,0,0,memory,default,32,8,
baseline-memory,fat12,lookup-batch,6,21667,3,1536,0,0,0,0,0,memory,default,32,8,
baseline-memory,fat12,lookup-batch,7,21666,3,1536,0,0,0,0,0,memory,default,32,8,
baseline-memory,fat12,lookup-batch,8,21583,3,1536,0,0,0,0,0,memory,default,32,8,
baseline-memory,fat12,lookup-batch,9,21792,3,1536,0,0,0,0,0,memory,default,32,8,
baseline-memory,fat12,lookup-batch,10,21833,3,1536,0,0,0,0,0,memory,default,32,8,
baseline-memory,fat12,lookup-batch,11,21625,3,1536,0,0,0,0,0,memory,default,32,8,
baseline-memory,fat12,lookup-batch,12,21667,3,1536,0,0,0,0,0,memory,default,32,8,
baseline-memory,fat12,lookup-batch,13,21542,3,1536,0,0,0,0,0,memory,default,32,8,
baseline-memory,fat12,lookup-batch,14,21625,3,1536,0,0,0,0,0,memory,default,32,8,
baseline-memory,fat12,lookup-batch,15,21542,3,1536,0,0,0,0,0,memory,default,32,8,
baseline-memory,fat12,lookup-batch,16,21542,3,1536,0,0,0,0,0,memory,default,32,8,
baseline-memory,fat12,lookup-batch,17,21500,3,1536,0,0,0,0,0,memory,default,32,8,
baseline-memory,fat12,lookup-batch,18,23834,3,1536,0,0,0,0,0,memory,default,32,8,
baseline-memory,fat12,lookup-batch,19,25084,3,1536,0,0,0,0,0,memory,default,32,8,
baseline-memory,fat12,lookup-batch,20,20708,3,1536,0,0,0,0,0,memory,default,32,8,
baseline-memory,fat12,lookup-batch,21,20750,3,1536,0,0,0,0,0,memory,default,32,8,
baseline-memory,fat12,stat,1,42,0,0,0,0,0,0,0,memory,default,32,8,
baseline-memory,fat12,stat,2,83,0,0,0,0,0,0,0,memory,default,32,8,
baseline-memory,fat12,stat,3,84,0,0,0,0,0,0,0,memory,default,32,8,
baseline-memory,fat12,stat,4,83,0,0,0,0,0,0,0,memory,default,32,8,
baseline-memory,fat12,stat,5,83,0,0,0,0,0,0,0,memory,default,32,8,
baseline-memory,fat12,stat,6,42,0,0,0,0,0,0,0,memory,default,32,8,
baseline-memory,fat12,stat,7,42,0,0,0,0,0,0,0,memory,default,32,8,
baseline-memory,fat12,stat,8,84,0,0,0,0,0,0,0,memory,default,32,8,
baseline-memory,fat12,stat,9,42,0,0,0,0,0,0,0,memory,default,32,8,
baseline-memory,fat12,stat,10,83,0,0,0,0,0,0,0,memory,default,32,8,
baseline-memory,fat12,stat,11,83,0,0,0,0,0,0,0,memory,default,32,8,
baseline-memory,fat12,stat,12,83,0,0,0,0,0,0,0,memory,default,32,8,
baseline-memory,fat12,stat,13,84,0,0,0,0,0,0,0,memory,default,32,8,
baseline-memory,fat12,stat,14,42,0,0,0,0,0,0,0,memory,default,32,8,
baseline-memory,fat12,stat,15,83,0,0,0,0,0,0,0,memory,default,32,8,
baseline-memory,fat12,stat,16,83,0,0,0,0,0,0,0,memory,default,32,8,
baseline-memory,fat12,stat,17,83,0,0,0,0,0,0,0,memory,default,32,8,
baseline-memory,fat12,stat,18,41,0,0,0,0,0,0,0,memory,default,32,8,
baseline-memory,fat12,stat,19,84,0,0,0,0,0,0,0,memory,default,32,8,
baseline-memory,fat12,stat,20,83,0,0,0,0,0,0,0,memory,default,32,8,
baseline-memory,fat12,stat,21,42,0,0,0,0,0,0,0,memory,default,32,8,
baseline-memory,fat12,read-4k,1,375,2,4608,0,0,0,0,0,memory,default,32,8,
baseline-memory,fat12,read-4k,2,291,2,4608,0,0,0,0,0,memory,default,32,8,
baseline-memory,fat12,read-4k,3,292,2,4608,0,0,0,0,0,memory,default,32,8,
baseline-memory,fat12,read-4k,4,250,2,4608,0,0,0,0,0,memory,default,32,8,
baseline-memory,fat12,read-4k,5,250,2,4608,0,0,0,0,0,memory,default,32,8,
baseline-memory,fat12,read-4k,6,209,2,4608,0,0,0,0,0,memory,default,32,8,
baseline-memory,fat12,read-4k,7,250,2,4608,0,0,0,0,0,memory,default,32,8,
baseline-memory,fat12,read-4k,8,209,2,4608,0,0,0,0,0,memory,default,32,8,
baseline-memory,fat12,read-4k,9,208,2,4608,0,0,0,0,0,memory,default,32,8,
baseline-memory,fat12,read-4k,10,250,2,4608,0,0,0,0,0,memory,default,32,8,
baseline-memory,fat12,read-4k,11,250,2,4608,0,0,0,0,0,memory,default,32,8,
baseline-memory,fat12,read-4k,12,292,2,4608,0,0,0,0,0,memory,default,32,8,
baseline-memory,fat12,read-4k,13,208,2,4608,0,0,0,0,0,memory,default,32,8,
baseline-memory,fat12,read-4k,14,208,2,4608,0,0,0,0,0,memory,default,32,8,
baseline-memory,fat12,read-4k,15,250,2,4608,0,0,0,0,0,memory,default,32,8,
baseline-memory,fat12,read-4k,16,209,2,4608,0,0,0,0,0,memory,default,32,8,
baseline-memory,fat12,read-4k,17,250,2,4608,0,0,0,0,0,memory,default,32,8,
baseline-memory,fat12,read-4k,18,208,2,4608,0,0,0,0,0,memory,default,32,8,
baseline-memory,fat12,read-4k,19,208,2,4608,0,0,0,0,0,memory,default,32,8,
baseline-memory,fat12,read-4k,20,208,2,4608,0,0,0,0,0,memory,default,32,8,
baseline-memory,fat12,read-4k,21,208,2,4608,0,0,0,0,0,memory,default,32,8,
baseline-memory,fat12,read-64k,1,3292,2,66048,0,0,0,0,0,memory,default,32,8,
baseline-memory,fat12,read-64k,2,3958,2,66048,0,0,0,0,0,memory,default,32,8,
baseline-memory,fat12,read-64k,3,3833,2,66048,0,0,0,0,0,memory,default,32,8,
baseline-memory,fat12,read-64k,4,3750,2,66048,0,0,0,0,0,memory,default,32,8,
baseline-memory,fat12,read-64k,5,3125,2,66048,0,0,0,0,0,memory,default,32,8,
baseline-memory,fat12,read-64k,6,3000,2,66048,0,0,0,0,0,memory,default,32,8,
baseline-memory,fat12,read-64k,7,3708,2,66048,0,0,0,0,0,memory,default,32,8,
baseline-memory,fat12,read-64k,8,3167,2,66048,0,0,0,0,0,memory,default,32,8,
baseline-memory,fat12,read-64k,9,3042,2,66048,0,0,0,0,0,memory,default,32,8,
baseline-memory,fat12,read-64k,10,3166,2,66048,0,0,0,0,0,memory,default,32,8,
baseline-memory,fat12,read-64k,11,3250,2,66048,0,0,0,0,0,memory,default,32,8,
baseline-memory,fat12,read-64k,12,3125,2,66048,0,0,0,0,0,memory,default,32,8,
baseline-memory,fat12,read-64k,13,3375,2,66048,0,0,0,0,0,memory,default,32,8,
baseline-memory,fat12,read-64k,14,3334,2,66048,0,0,0,0,0,memory,default,32,8,
baseline-memory,fat12,read-64k,15,3167,2,66048,0,0,0,0,0,memory,default,32,8,
baseline-memory,fat12,read-64k,16,4083,2,66048,0,0,0,0,0,memory,default,32,8,
baseline-memory,fat12,read-64k,17,4208,2,66048,0,0,0,0,0,memory,default,32,8,
baseline-memory,fat12,read-64k,18,3916,2,66048,0,0,0,0,0,memory,default,32,8,
baseline-memory,fat12,read-64k,19,3625,2,66048,0,0,0,0,0,memory,default,32,8,
baseline-memory,fat12,read-64k,20,3125,2,66048,0,0,0,0,0,memory,default,32,8,
baseline-memory,fat12,read-64k,21,3125,2,66048,0,0,0,0,0,memory,default,32,8,
baseline-memory,fat12,read-scattered,1,5167,6,20992,0,0,0,0,0,memory,default,32,8,
baseline-memory,fat12,read-scattered,2,4417,6,20992,0,0,0,0,0,memory,default,32,8,
baseline-memory,fat12,read-scattered,3,3375,6,20992,0,0,0,0,0,memory,default,32,8,
baseline-memory,fat12,read-scattered,4,3375,6,20992,0,0,0,0,0,memory,default,32,8,
baseline-memory,fat12,read-scattered,5,3375,6,20992,0,0,0,0,0,memory,default,32,8,
baseline-memory,fat12,read-scattered,6,3416,6,20992,0,0,0,0,0,memory,default,32,8,
baseline-memory,fat12,read-scattered,7,3917,6,20992,0,0,0,0,0,memory,default,32,8,
baseline-memory,fat12,read-scattered,8,3791,6,20992,0,0,0,0,0,memory,default,32,8,
baseline-memory,fat12,read-scattered,9,3791,6,20992,0,0,0,0,0,memory,default,32,8,
baseline-memory,fat12,read-scattered,10,3875,6,20992,0,0,0,0,0,memory,default,32,8,
baseline-memory,fat12,read-scattered,11,3833,6,20992,0,0,0,0,0,memory,default,32,8,
baseline-memory,fat12,read-scattered,12,3792,6,20992,0,0,0,0,0,memory,default,32,8,
baseline-memory,fat12,read-scattered,13,3792,6,20992,0,0,0,0,0,memory,default,32,8,
baseline-memory,fat12,read-scattered,14,3834,6,20992,0,0,0,0,0,memory,default,32,8,
baseline-memory,fat12,read-scattered,15,3792,6,20992,0,0,0,0,0,memory,default,32,8,
baseline-memory,fat12,read-scattered,16,3791,6,20992,0,0,0,0,0,memory,default,32,8,
baseline-memory,fat12,read-scattered,17,3834,6,20992,0,0,0,0,0,memory,default,32,8,
baseline-memory,fat12,read-scattered,18,3833,6,20992,0,0,0,0,0,memory,default,32,8,
baseline-memory,fat12,read-scattered,19,3791,6,20992,0,0,0,0,0,memory,default,32,8,
baseline-memory,fat12,read-scattered,20,3792,6,20992,0,0,0,0,0,memory,default,32,8,
baseline-memory,fat12,read-scattered,21,3792,6,20992,0,0,0,0,0,memory,default,32,8,
baseline-memory,fat12,read-full,1,5250,2,131584,0,0,0,0,0,memory,default,32,8,
baseline-memory,fat12,read-full,2,5292,2,131584,0,0,0,0,0,memory,default,32,8,
baseline-memory,fat12,read-full,3,5333,2,131584,0,0,0,0,0,memory,default,32,8,
baseline-memory,fat12,read-full,4,5292,2,131584,0,0,0,0,0,memory,default,32,8,
baseline-memory,fat12,read-full,5,5250,2,131584,0,0,0,0,0,memory,default,32,8,
baseline-memory,fat12,read-full,6,5292,2,131584,0,0,0,0,0,memory,default,32,8,
baseline-memory,fat12,read-full,7,5208,2,131584,0,0,0,0,0,memory,default,32,8,
baseline-memory,fat12,read-full,8,5250,2,131584,0,0,0,0,0,memory,default,32,8,
baseline-memory,fat12,read-full,9,5250,2,131584,0,0,0,0,0,memory,default,32,8,
baseline-memory,fat12,read-full,10,5417,2,131584,0,0,0,0,0,memory,default,32,8,
baseline-memory,fat12,read-full,11,5208,2,131584,0,0,0,0,0,memory,default,32,8,
baseline-memory,fat12,read-full,12,5333,2,131584,0,0,0,0,0,memory,default,32,8,
baseline-memory,fat12,read-full,13,5333,2,131584,0,0,0,0,0,memory,default,32,8,
baseline-memory,fat12,read-full,14,5292,2,131584,0,0,0,0,0,memory,default,32,8,
baseline-memory,fat12,read-full,15,5333,2,131584,0,0,0,0,0,memory,default,32,8,
baseline-memory,fat12,read-full,16,5542,2,131584,0,0,0,0,0,memory,default,32,8,
baseline-memory,fat12,read-full,17,5417,2,131584,0,0,0,0,0,memory,default,32,8,
baseline-memory,fat12,read-full,18,5500,2,131584,0,0,0,0,0,memory,default,32,8,
baseline-memory,fat12,read-full,19,5500,2,131584,0,0,0,0,0,memory,default,32,8,
baseline-memory,fat12,read-full,20,5292,2,131584,0,0,0,0,0,memory,default,32,8,
baseline-memory,fat12,read-full,21,5167,2,131584,0,0,0,0,0,memory,default,32,8,
baseline-memory,fat16,mount,1,875,2,1024,0,0,0,0,0,memory,default,32,8,
baseline-memory,fat16,mount,2,750,2,1024,0,0,0,0,0,memory,default,32,8,
baseline-memory,fat16,mount,3,792,2,1024,0,0,0,0,0,memory,default,32,8,
baseline-memory,fat16,mount,4,792,2,1024,0,0,0,0,0,memory,default,32,8,
baseline-memory,fat16,mount,5,708,2,1024,0,0,0,0,0,memory,default,32,8,
baseline-memory,fat16,mount,6,750,2,1024,0,0,0,0,0,memory,default,32,8,
baseline-memory,fat16,mount,7,791,2,1024,0,0,0,0,0,memory,default,32,8,
baseline-memory,fat16,mount,8,833,2,1024,0,0,0,0,0,memory,default,32,8,
baseline-memory,fat16,mount,9,750,2,1024,0,0,0,0,0,memory,default,32,8,
baseline-memory,fat16,mount,10,708,2,1024,0,0,0,0,0,memory,default,32,8,
baseline-memory,fat16,mount,11,667,2,1024,0,0,0,0,0,memory,default,32,8,
baseline-memory,fat16,mount,12,708,2,1024,0,0,0,0,0,memory,default,32,8,
baseline-memory,fat16,mount,13,708,2,1024,0,0,0,0,0,memory,default,32,8,
baseline-memory,fat16,mount,14,709,2,1024,0,0,0,0,0,memory,default,32,8,
baseline-memory,fat16,mount,15,708,2,1024,0,0,0,0,0,memory,default,32,8,
baseline-memory,fat16,mount,16,708,2,1024,0,0,0,0,0,memory,default,32,8,
baseline-memory,fat16,mount,17,709,2,1024,0,0,0,0,0,memory,default,32,8,
baseline-memory,fat16,mount,18,708,2,1024,0,0,0,0,0,memory,default,32,8,
baseline-memory,fat16,mount,19,708,2,1024,0,0,0,0,0,memory,default,32,8,
baseline-memory,fat16,mount,20,709,2,1024,0,0,0,0,0,memory,default,32,8,
baseline-memory,fat16,mount,21,708,2,1024,0,0,0,0,0,memory,default,32,8,
baseline-memory,fat16,list,1,8208,3,1536,0,0,0,0,0,memory,default,32,8,
baseline-memory,fat16,list,2,8417,3,1536,0,0,0,0,0,memory,default,32,8,
baseline-memory,fat16,list,3,7875,3,1536,0,0,0,0,0,memory,default,32,8,
baseline-memory,fat16,list,4,6292,3,1536,0,0,0,0,0,memory,default,32,8,
baseline-memory,fat16,list,5,6292,3,1536,0,0,0,0,0,memory,default,32,8,
baseline-memory,fat16,list,6,6458,3,1536,0,0,0,0,0,memory,default,32,8,
baseline-memory,fat16,list,7,6292,3,1536,0,0,0,0,0,memory,default,32,8,
baseline-memory,fat16,list,8,7916,3,1536,0,0,0,0,0,memory,default,32,8,
baseline-memory,fat16,list,9,8500,3,1536,0,0,0,0,0,memory,default,32,8,
baseline-memory,fat16,list,10,7958,3,1536,0,0,0,0,0,memory,default,32,8,
baseline-memory,fat16,list,11,8375,3,1536,0,0,0,0,0,memory,default,32,8,
baseline-memory,fat16,list,12,7916,3,1536,0,0,0,0,0,memory,default,32,8,
baseline-memory,fat16,list,13,7917,3,1536,0,0,0,0,0,memory,default,32,8,
baseline-memory,fat16,list,14,8250,3,1536,0,0,0,0,0,memory,default,32,8,
baseline-memory,fat16,list,15,7792,3,1536,0,0,0,0,0,memory,default,32,8,
baseline-memory,fat16,list,16,8375,3,1536,0,0,0,0,0,memory,default,32,8,
baseline-memory,fat16,list,17,7833,3,1536,0,0,0,0,0,memory,default,32,8,
baseline-memory,fat16,list,18,6291,3,1536,0,0,0,0,0,memory,default,32,8,
baseline-memory,fat16,list,19,7833,3,1536,0,0,0,0,0,memory,default,32,8,
baseline-memory,fat16,list,20,8667,3,1536,0,0,0,0,0,memory,default,32,8,
baseline-memory,fat16,list,21,7916,3,1536,0,0,0,0,0,memory,default,32,8,
baseline-memory,fat16,lookup-last,1,1750,3,1536,0,0,0,0,0,memory,default,32,8,
baseline-memory,fat16,lookup-last,2,1667,3,1536,0,0,0,0,0,memory,default,32,8,
baseline-memory,fat16,lookup-last,3,1333,3,1536,0,0,0,0,0,memory,default,32,8,
baseline-memory,fat16,lookup-last,4,1292,3,1536,0,0,0,0,0,memory,default,32,8,
baseline-memory,fat16,lookup-last,5,1292,3,1536,0,0,0,0,0,memory,default,32,8,
baseline-memory,fat16,lookup-last,6,1250,3,1536,0,0,0,0,0,memory,default,32,8,
baseline-memory,fat16,lookup-last,7,1250,3,1536,0,0,0,0,0,memory,default,32,8,
baseline-memory,fat16,lookup-last,8,1000,3,1536,0,0,0,0,0,memory,default,32,8,
baseline-memory,fat16,lookup-last,9,1042,3,1536,0,0,0,0,0,memory,default,32,8,
baseline-memory,fat16,lookup-last,10,1000,3,1536,0,0,0,0,0,memory,default,32,8,
baseline-memory,fat16,lookup-last,11,1042,3,1536,0,0,0,0,0,memory,default,32,8,
baseline-memory,fat16,lookup-last,12,1042,3,1536,0,0,0,0,0,memory,default,32,8,
baseline-memory,fat16,lookup-last,13,1041,3,1536,0,0,0,0,0,memory,default,32,8,
baseline-memory,fat16,lookup-last,14,1041,3,1536,0,0,0,0,0,memory,default,32,8,
baseline-memory,fat16,lookup-last,15,1125,3,1536,0,0,0,0,0,memory,default,32,8,
baseline-memory,fat16,lookup-last,16,1125,3,1536,0,0,0,0,0,memory,default,32,8,
baseline-memory,fat16,lookup-last,17,958,3,1536,0,0,0,0,0,memory,default,32,8,
baseline-memory,fat16,lookup-last,18,958,3,1536,0,0,0,0,0,memory,default,32,8,
baseline-memory,fat16,lookup-last,19,1000,3,1536,0,0,0,0,0,memory,default,32,8,
baseline-memory,fat16,lookup-last,20,1000,3,1536,0,0,0,0,0,memory,default,32,8,
baseline-memory,fat16,lookup-last,21,1000,3,1536,0,0,0,0,0,memory,default,32,8,
baseline-memory,fat16,lookup-miss,1,959,3,1536,0,0,0,0,0,memory,default,32,8,
baseline-memory,fat16,lookup-miss,2,916,3,1536,0,0,0,0,0,memory,default,32,8,
baseline-memory,fat16,lookup-miss,3,916,3,1536,0,0,0,0,0,memory,default,32,8,
baseline-memory,fat16,lookup-miss,4,833,3,1536,0,0,0,0,0,memory,default,32,8,
baseline-memory,fat16,lookup-miss,5,875,3,1536,0,0,0,0,0,memory,default,32,8,
baseline-memory,fat16,lookup-miss,6,833,3,1536,0,0,0,0,0,memory,default,32,8,
baseline-memory,fat16,lookup-miss,7,834,3,1536,0,0,0,0,0,memory,default,32,8,
baseline-memory,fat16,lookup-miss,8,875,3,1536,0,0,0,0,0,memory,default,32,8,
baseline-memory,fat16,lookup-miss,9,875,3,1536,0,0,0,0,0,memory,default,32,8,
baseline-memory,fat16,lookup-miss,10,834,3,1536,0,0,0,0,0,memory,default,32,8,
baseline-memory,fat16,lookup-miss,11,833,3,1536,0,0,0,0,0,memory,default,32,8,
baseline-memory,fat16,lookup-miss,12,833,3,1536,0,0,0,0,0,memory,default,32,8,
baseline-memory,fat16,lookup-miss,13,834,3,1536,0,0,0,0,0,memory,default,32,8,
baseline-memory,fat16,lookup-miss,14,917,3,1536,0,0,0,0,0,memory,default,32,8,
baseline-memory,fat16,lookup-miss,15,875,3,1536,0,0,0,0,0,memory,default,32,8,
baseline-memory,fat16,lookup-miss,16,834,3,1536,0,0,0,0,0,memory,default,32,8,
baseline-memory,fat16,lookup-miss,17,834,3,1536,0,0,0,0,0,memory,default,32,8,
baseline-memory,fat16,lookup-miss,18,1083,3,1536,0,0,0,0,0,memory,default,32,8,
baseline-memory,fat16,lookup-miss,19,1167,3,1536,0,0,0,0,0,memory,default,32,8,
baseline-memory,fat16,lookup-miss,20,1208,3,1536,0,0,0,0,0,memory,default,32,8,
baseline-memory,fat16,lookup-miss,21,1167,3,1536,0,0,0,0,0,memory,default,32,8,
baseline-memory,fat16,lookup-last-warm,1,1166,0,0,0,0,0,0,0,memory,default,32,8,
baseline-memory,fat16,lookup-last-warm,2,1125,0,0,0,0,0,0,0,memory,default,32,8,
baseline-memory,fat16,lookup-last-warm,3,1166,0,0,0,0,0,0,0,memory,default,32,8,
baseline-memory,fat16,lookup-last-warm,4,1167,0,0,0,0,0,0,0,memory,default,32,8,
baseline-memory,fat16,lookup-last-warm,5,1208,0,0,0,0,0,0,0,memory,default,32,8,
baseline-memory,fat16,lookup-last-warm,6,1041,0,0,0,0,0,0,0,memory,default,32,8,
baseline-memory,fat16,lookup-last-warm,7,1208,0,0,0,0,0,0,0,memory,default,32,8,
baseline-memory,fat16,lookup-last-warm,8,1208,0,0,0,0,0,0,0,memory,default,32,8,
baseline-memory,fat16,lookup-last-warm,9,1208,0,0,0,0,0,0,0,memory,default,32,8,
baseline-memory,fat16,lookup-last-warm,10,1167,0,0,0,0,0,0,0,memory,default,32,8,
baseline-memory,fat16,lookup-last-warm,11,1125,0,0,0,0,0,0,0,memory,default,32,8,
baseline-memory,fat16,lookup-last-warm,12,1166,0,0,0,0,0,0,0,memory,default,32,8,
baseline-memory,fat16,lookup-last-warm,13,1167,0,0,0,0,0,0,0,memory,default,32,8,
baseline-memory,fat16,lookup-last-warm,14,1291,0,0,0,0,0,0,0,memory,default,32,8,
baseline-memory,fat16,lookup-last-warm,15,875,0,0,0,0,0,0,0,memory,default,32,8,
baseline-memory,fat16,lookup-last-warm,16,875,0,0,0,0,0,0,0,memory,default,32,8,
baseline-memory,fat16,lookup-last-warm,17,833,0,0,0,0,0,0,0,memory,default,32,8,
baseline-memory,fat16,lookup-last-warm,18,834,0,0,0,0,0,0,0,memory,default,32,8,
baseline-memory,fat16,lookup-last-warm,19,916,0,0,0,0,0,0,0,memory,default,32,8,
baseline-memory,fat16,lookup-last-warm,20,833,0,0,0,0,0,0,0,memory,default,32,8,
baseline-memory,fat16,lookup-last-warm,21,875,0,0,0,0,0,0,0,memory,default,32,8,
baseline-memory,fat16,lookup-batch,1,24041,3,1536,0,0,0,0,0,memory,default,32,8,
baseline-memory,fat16,lookup-batch,2,22708,3,1536,0,0,0,0,0,memory,default,32,8,
baseline-memory,fat16,lookup-batch,3,25083,3,1536,0,0,0,0,0,memory,default,32,8,
baseline-memory,fat16,lookup-batch,4,25292,3,1536,0,0,0,0,0,memory,default,32,8,
baseline-memory,fat16,lookup-batch,5,24167,3,1536,0,0,0,0,0,memory,default,32,8,
baseline-memory,fat16,lookup-batch,6,22041,3,1536,0,0,0,0,0,memory,default,32,8,
baseline-memory,fat16,lookup-batch,7,20833,3,1536,0,0,0,0,0,memory,default,32,8,
baseline-memory,fat16,lookup-batch,8,25000,3,1536,0,0,0,0,0,memory,default,32,8,
baseline-memory,fat16,lookup-batch,9,22583,3,1536,0,0,0,0,0,memory,default,32,8,
baseline-memory,fat16,lookup-batch,10,21334,3,1536,0,0,0,0,0,memory,default,32,8,
baseline-memory,fat16,lookup-batch,11,23333,3,1536,0,0,0,0,0,memory,default,32,8,
baseline-memory,fat16,lookup-batch,12,23042,3,1536,0,0,0,0,0,memory,default,32,8,
baseline-memory,fat16,lookup-batch,13,25792,3,1536,0,0,0,0,0,memory,default,32,8,
baseline-memory,fat16,lookup-batch,14,22417,3,1536,0,0,0,0,0,memory,default,32,8,
baseline-memory,fat16,lookup-batch,15,21125,3,1536,0,0,0,0,0,memory,default,32,8,
baseline-memory,fat16,lookup-batch,16,20209,3,1536,0,0,0,0,0,memory,default,32,8,
baseline-memory,fat16,lookup-batch,17,20167,3,1536,0,0,0,0,0,memory,default,32,8,
baseline-memory,fat16,lookup-batch,18,24042,3,1536,0,0,0,0,0,memory,default,32,8,
baseline-memory,fat16,lookup-batch,19,23083,3,1536,0,0,0,0,0,memory,default,32,8,
baseline-memory,fat16,lookup-batch,20,25625,3,1536,0,0,0,0,0,memory,default,32,8,
baseline-memory,fat16,lookup-batch,21,25500,3,1536,0,0,0,0,0,memory,default,32,8,
baseline-memory,fat16,stat,1,42,0,0,0,0,0,0,0,memory,default,32,8,
baseline-memory,fat16,stat,2,83,0,0,0,0,0,0,0,memory,default,32,8,
baseline-memory,fat16,stat,3,83,0,0,0,0,0,0,0,memory,default,32,8,
baseline-memory,fat16,stat,4,84,0,0,0,0,0,0,0,memory,default,32,8,
baseline-memory,fat16,stat,5,83,0,0,0,0,0,0,0,memory,default,32,8,
baseline-memory,fat16,stat,6,83,0,0,0,0,0,0,0,memory,default,32,8,
baseline-memory,fat16,stat,7,125,0,0,0,0,0,0,0,memory,default,32,8,
baseline-memory,fat16,stat,8,83,0,0,0,0,0,0,0,memory,default,32,8,
baseline-memory,fat16,stat,9,83,0,0,0,0,0,0,0,memory,default,32,8,
baseline-memory,fat16,stat,10,83,0,0,0,0,0,0,0,memory,default,32,8,
baseline-memory,fat16,stat,11,83,0,0,0,0,0,0,0,memory,default,32,8,
baseline-memory,fat16,stat,12,83,0,0,0,0,0,0,0,memory,default,32,8,
baseline-memory,fat16,stat,13,83,0,0,0,0,0,0,0,memory,default,32,8,
baseline-memory,fat16,stat,14,41,0,0,0,0,0,0,0,memory,default,32,8,
baseline-memory,fat16,stat,15,83,0,0,0,0,0,0,0,memory,default,32,8,
baseline-memory,fat16,stat,16,83,0,0,0,0,0,0,0,memory,default,32,8,
baseline-memory,fat16,stat,17,84,0,0,0,0,0,0,0,memory,default,32,8,
baseline-memory,fat16,stat,18,83,0,0,0,0,0,0,0,memory,default,32,8,
baseline-memory,fat16,stat,19,84,0,0,0,0,0,0,0,memory,default,32,8,
baseline-memory,fat16,stat,20,83,0,0,0,0,0,0,0,memory,default,32,8,
baseline-memory,fat16,stat,21,83,0,0,0,0,0,0,0,memory,default,32,8,
baseline-memory,fat16,read-4k,1,209,2,4608,0,0,0,0,0,memory,default,32,8,
baseline-memory,fat16,read-4k,2,208,2,4608,0,0,0,0,0,memory,default,32,8,
baseline-memory,fat16,read-4k,3,208,2,4608,0,0,0,0,0,memory,default,32,8,
baseline-memory,fat16,read-4k,4,208,2,4608,0,0,0,0,0,memory,default,32,8,
baseline-memory,fat16,read-4k,5,250,2,4608,0,0,0,0,0,memory,default,32,8,
baseline-memory,fat16,read-4k,6,208,2,4608,0,0,0,0,0,memory,default,32,8,
baseline-memory,fat16,read-4k,7,208,2,4608,0,0,0,0,0,memory,default,32,8,
baseline-memory,fat16,read-4k,8,208,2,4608,0,0,0,0,0,memory,default,32,8,
baseline-memory,fat16,read-4k,9,209,2,4608,0,0,0,0,0,memory,default,32,8,
baseline-memory,fat16,read-4k,10,250,2,4608,0,0,0,0,0,memory,default,32,8,
baseline-memory,fat16,read-4k,11,250,2,4608,0,0,0,0,0,memory,default,32,8,
baseline-memory,fat16,read-4k,12,208,2,4608,0,0,0,0,0,memory,default,32,8,
baseline-memory,fat16,read-4k,13,208,2,4608,0,0,0,0,0,memory,default,32,8,
baseline-memory,fat16,read-4k,14,167,2,4608,0,0,0,0,0,memory,default,32,8,
baseline-memory,fat16,read-4k,15,208,2,4608,0,0,0,0,0,memory,default,32,8,
baseline-memory,fat16,read-4k,16,167,2,4608,0,0,0,0,0,memory,default,32,8,
baseline-memory,fat16,read-4k,17,292,2,4608,0,0,0,0,0,memory,default,32,8,
baseline-memory,fat16,read-4k,18,208,2,4608,0,0,0,0,0,memory,default,32,8,
baseline-memory,fat16,read-4k,19,209,2,4608,0,0,0,0,0,memory,default,32,8,
baseline-memory,fat16,read-4k,20,250,2,4608,0,0,0,0,0,memory,default,32,8,
baseline-memory,fat16,read-4k,21,209,2,4608,0,0,0,0,0,memory,default,32,8,
baseline-memory,fat16,read-64k,1,2542,2,66048,0,0,0,0,0,memory,default,32,8,
baseline-memory,fat16,read-64k,2,2792,2,66048,0,0,0,0,0,memory,default,32,8,
baseline-memory,fat16,read-64k,3,3000,2,66048,0,0,0,0,0,memory,default,32,8,
baseline-memory,fat16,read-64k,4,3042,2,66048,0,0,0,0,0,memory,default,32,8,
baseline-memory,fat16,read-64k,5,2833,2,66048,0,0,0,0,0,memory,default,32,8,
baseline-memory,fat16,read-64k,6,2292,2,66048,0,0,0,0,0,memory,default,32,8,
baseline-memory,fat16,read-64k,7,2292,2,66048,0,0,0,0,0,memory,default,32,8,
baseline-memory,fat16,read-64k,8,2416,2,66048,0,0,0,0,0,memory,default,32,8,
baseline-memory,fat16,read-64k,9,2167,2,66048,0,0,0,0,0,memory,default,32,8,
baseline-memory,fat16,read-64k,10,2583,2,66048,0,0,0,0,0,memory,default,32,8,
baseline-memory,fat16,read-64k,11,2667,2,66048,0,0,0,0,0,memory,default,32,8,
baseline-memory,fat16,read-64k,12,2917,2,66048,0,0,0,0,0,memory,default,32,8,
baseline-memory,fat16,read-64k,13,2500,2,66048,0,0,0,0,0,memory,default,32,8,
baseline-memory,fat16,read-64k,14,3041,2,66048,0,0,0,0,0,memory,default,32,8,
baseline-memory,fat16,read-64k,15,2791,2,66048,0,0,0,0,0,memory,default,32,8,
baseline-memory,fat16,read-64k,16,3250,2,66048,0,0,0,0,0,memory,default,32,8,
baseline-memory,fat16,read-64k,17,2666,2,66048,0,0,0,0,0,memory,default,32,8,
baseline-memory,fat16,read-64k,18,3000,2,66048,0,0,0,0,0,memory,default,32,8,
baseline-memory,fat16,read-64k,19,2750,2,66048,0,0,0,0,0,memory,default,32,8,
baseline-memory,fat16,read-64k,20,3000,2,66048,0,0,0,0,0,memory,default,32,8,
baseline-memory,fat16,read-64k,21,2750,2,66048,0,0,0,0,0,memory,default,32,8,
baseline-memory,fat16,read-scattered,1,3208,6,20992,0,0,0,0,0,memory,default,32,8,
baseline-memory,fat16,read-scattered,2,3167,6,20992,0,0,0,0,0,memory,default,32,8,
baseline-memory,fat16,read-scattered,3,2750,6,20992,0,0,0,0,0,memory,default,32,8,
baseline-memory,fat16,read-scattered,4,2709,6,20992,0,0,0,0,0,memory,default,32,8,
baseline-memory,fat16,read-scattered,5,2709,6,20992,0,0,0,0,0,memory,default,32,8,
baseline-memory,fat16,read-scattered,6,2958,6,20992,0,0,0,0,0,memory,default,32,8,
baseline-memory,fat16,read-scattered,7,2250,6,20992,0,0,0,0,0,memory,default,32,8,
baseline-memory,fat16,read-scattered,8,2458,6,20992,0,0,0,0,0,memory,default,32,8,
baseline-memory,fat16,read-scattered,9,2542,6,20992,0,0,0,0,0,memory,default,32,8,
baseline-memory,fat16,read-scattered,10,2708,6,20992,0,0,0,0,0,memory,default,32,8,
baseline-memory,fat16,read-scattered,11,2750,6,20992,0,0,0,0,0,memory,default,32,8,
baseline-memory,fat16,read-scattered,12,2958,6,20992,0,0,0,0,0,memory,default,32,8,
baseline-memory,fat16,read-scattered,13,3167,6,20992,0,0,0,0,0,memory,default,32,8,
baseline-memory,fat16,read-scattered,14,2750,6,20992,0,0,0,0,0,memory,default,32,8,
baseline-memory,fat16,read-scattered,15,2709,6,20992,0,0,0,0,0,memory,default,32,8,
baseline-memory,fat16,read-scattered,16,2666,6,20992,0,0,0,0,0,memory,default,32,8,
baseline-memory,fat16,read-scattered,17,2958,6,20992,0,0,0,0,0,memory,default,32,8,
baseline-memory,fat16,read-scattered,18,2250,6,20992,0,0,0,0,0,memory,default,32,8,
baseline-memory,fat16,read-scattered,19,2417,6,20992,0,0,0,0,0,memory,default,32,8,
baseline-memory,fat16,read-scattered,20,2167,6,20992,0,0,0,0,0,memory,default,32,8,
baseline-memory,fat16,read-scattered,21,2625,6,20992,0,0,0,0,0,memory,default,32,8,
baseline-memory,fat16,read-full,1,4125,2,131584,0,0,0,0,0,memory,default,32,8,
baseline-memory,fat16,read-full,2,3625,2,131584,0,0,0,0,0,memory,default,32,8,
baseline-memory,fat16,read-full,3,3750,2,131584,0,0,0,0,0,memory,default,32,8,
baseline-memory,fat16,read-full,4,4709,2,131584,0,0,0,0,0,memory,default,32,8,
baseline-memory,fat16,read-full,5,4834,2,131584,0,0,0,0,0,memory,default,32,8,
baseline-memory,fat16,read-full,6,4083,2,131584,0,0,0,0,0,memory,default,32,8,
baseline-memory,fat16,read-full,7,4042,2,131584,0,0,0,0,0,memory,default,32,8,
baseline-memory,fat16,read-full,8,3875,2,131584,0,0,0,0,0,memory,default,32,8,
baseline-memory,fat16,read-full,9,4125,2,131584,0,0,0,0,0,memory,default,32,8,
baseline-memory,fat16,read-full,10,3916,2,131584,0,0,0,0,0,memory,default,32,8,
baseline-memory,fat16,read-full,11,4667,2,131584,0,0,0,0,0,memory,default,32,8,
baseline-memory,fat16,read-full,12,5083,2,131584,0,0,0,0,0,memory,default,32,8,
baseline-memory,fat16,read-full,13,5292,2,131584,0,0,0,0,0,memory,default,32,8,
baseline-memory,fat16,read-full,14,5000,2,131584,0,0,0,0,0,memory,default,32,8,
baseline-memory,fat16,read-full,15,4625,2,131584,0,0,0,0,0,memory,default,32,8,
baseline-memory,fat16,read-full,16,3917,2,131584,0,0,0,0,0,memory,default,32,8,
baseline-memory,fat16,read-full,17,4667,2,131584,0,0,0,0,0,memory,default,32,8,
baseline-memory,fat16,read-full,18,5292,2,131584,0,0,0,0,0,memory,default,32,8,
baseline-memory,fat16,read-full,19,4625,2,131584,0,0,0,0,0,memory,default,32,8,
baseline-memory,fat16,read-full,20,3750,2,131584,0,0,0,0,0,memory,default,32,8,
baseline-memory,fat16,read-full,21,4666,2,131584,0,0,0,0,0,memory,default,32,8,
baseline-memory,fat32,mount,1,709,3,1536,0,0,0,0,0,memory,default,32,8,
baseline-memory,fat32,mount,2,666,3,1536,0,0,0,0,0,memory,default,32,8,
baseline-memory,fat32,mount,3,583,3,1536,0,0,0,0,0,memory,default,32,8,
baseline-memory,fat32,mount,4,708,3,1536,0,0,0,0,0,memory,default,32,8,
baseline-memory,fat32,mount,5,625,3,1536,0,0,0,0,0,memory,default,32,8,
baseline-memory,fat32,mount,6,583,3,1536,0,0,0,0,0,memory,default,32,8,
baseline-memory,fat32,mount,7,625,3,1536,0,0,0,0,0,memory,default,32,8,
baseline-memory,fat32,mount,8,583,3,1536,0,0,0,0,0,memory,default,32,8,
baseline-memory,fat32,mount,9,584,3,1536,0,0,0,0,0,memory,default,32,8,
baseline-memory,fat32,mount,10,584,3,1536,0,0,0,0,0,memory,default,32,8,
baseline-memory,fat32,mount,11,583,3,1536,0,0,0,0,0,memory,default,32,8,
baseline-memory,fat32,mount,12,583,3,1536,0,0,0,0,0,memory,default,32,8,
baseline-memory,fat32,mount,13,583,3,1536,0,0,0,0,0,memory,default,32,8,
baseline-memory,fat32,mount,14,625,3,1536,0,0,0,0,0,memory,default,32,8,
baseline-memory,fat32,mount,15,584,3,1536,0,0,0,0,0,memory,default,32,8,
baseline-memory,fat32,mount,16,583,3,1536,0,0,0,0,0,memory,default,32,8,
baseline-memory,fat32,mount,17,583,3,1536,0,0,0,0,0,memory,default,32,8,
baseline-memory,fat32,mount,18,625,3,1536,0,0,0,0,0,memory,default,32,8,
baseline-memory,fat32,mount,19,583,3,1536,0,0,0,0,0,memory,default,32,8,
baseline-memory,fat32,mount,20,667,3,1536,0,0,0,0,0,memory,default,32,8,
baseline-memory,fat32,mount,21,625,3,1536,0,0,0,0,0,memory,default,32,8,
baseline-memory,fat32,list,1,6791,4,2048,0,0,0,0,0,memory,default,32,8,
baseline-memory,fat32,list,2,7000,4,2048,0,0,0,0,0,memory,default,32,8,
baseline-memory,fat32,list,3,6666,4,2048,0,0,0,0,0,memory,default,32,8,
baseline-memory,fat32,list,4,6584,4,2048,0,0,0,0,0,memory,default,32,8,
baseline-memory,fat32,list,5,6500,4,2048,0,0,0,0,0,memory,default,32,8,
baseline-memory,fat32,list,6,6500,4,2048,0,0,0,0,0,memory,default,32,8,
baseline-memory,fat32,list,7,6542,4,2048,0,0,0,0,0,memory,default,32,8,
baseline-memory,fat32,list,8,6625,4,2048,0,0,0,0,0,memory,default,32,8,
baseline-memory,fat32,list,9,6375,4,2048,0,0,0,0,0,memory,default,32,8,
baseline-memory,fat32,list,10,6250,4,2048,0,0,0,0,0,memory,default,32,8,
baseline-memory,fat32,list,11,6375,4,2048,0,0,0,0,0,memory,default,32,8,
baseline-memory,fat32,list,12,6334,4,2048,0,0,0,0,0,memory,default,32,8,
baseline-memory,fat32,list,13,6250,4,2048,0,0,0,0,0,memory,default,32,8,
baseline-memory,fat32,list,14,7250,4,2048,0,0,0,0,0,memory,default,32,8,
baseline-memory,fat32,list,15,7959,4,2048,0,0,0,0,0,memory,default,32,8,
baseline-memory,fat32,list,16,6375,4,2048,0,0,0,0,0,memory,default,32,8,
baseline-memory,fat32,list,17,6500,4,2048,0,0,0,0,0,memory,default,32,8,
baseline-memory,fat32,list,18,6500,4,2048,0,0,0,0,0,memory,default,32,8,
baseline-memory,fat32,list,19,6459,4,2048,0,0,0,0,0,memory,default,32,8,
baseline-memory,fat32,list,20,6459,4,2048,0,0,0,0,0,memory,default,32,8,
baseline-memory,fat32,list,21,6500,4,2048,0,0,0,0,0,memory,default,32,8,
baseline-memory,fat32,lookup-last,1,1458,4,2048,0,0,0,0,0,memory,default,32,8,
baseline-memory,fat32,lookup-last,2,1291,4,2048,0,0,0,0,0,memory,default,32,8,
baseline-memory,fat32,lookup-last,3,1208,4,2048,0,0,0,0,0,memory,default,32,8,
baseline-memory,fat32,lookup-last,4,1166,4,2048,0,0,0,0,0,memory,default,32,8,
baseline-memory,fat32,lookup-last,5,1125,4,2048,0,0,0,0,0,memory,default,32,8,
baseline-memory,fat32,lookup-last,6,1167,4,2048,0,0,0,0,0,memory,default,32,8,
baseline-memory,fat32,lookup-last,7,1125,4,2048,0,0,0,0,0,memory,default,32,8,
baseline-memory,fat32,lookup-last,8,1125,4,2048,0,0,0,0,0,memory,default,32,8,
baseline-memory,fat32,lookup-last,9,1167,4,2048,0,0,0,0,0,memory,default,32,8,
baseline-memory,fat32,lookup-last,10,1125,4,2048,0,0,0,0,0,memory,default,32,8,
baseline-memory,fat32,lookup-last,11,1250,4,2048,0,0,0,0,0,memory,default,32,8,
baseline-memory,fat32,lookup-last,12,1167,4,2048,0,0,0,0,0,memory,default,32,8,
baseline-memory,fat32,lookup-last,13,1125,4,2048,0,0,0,0,0,memory,default,32,8,
baseline-memory,fat32,lookup-last,14,1167,4,2048,0,0,0,0,0,memory,default,32,8,
baseline-memory,fat32,lookup-last,15,1125,4,2048,0,0,0,0,0,memory,default,32,8,
baseline-memory,fat32,lookup-last,16,1167,4,2048,0,0,0,0,0,memory,default,32,8,
baseline-memory,fat32,lookup-last,17,1125,4,2048,0,0,0,0,0,memory,default,32,8,
baseline-memory,fat32,lookup-last,18,1125,4,2048,0,0,0,0,0,memory,default,32,8,
baseline-memory,fat32,lookup-last,19,1084,4,2048,0,0,0,0,0,memory,default,32,8,
baseline-memory,fat32,lookup-last,20,1125,4,2048,0,0,0,0,0,memory,default,32,8,
baseline-memory,fat32,lookup-last,21,1083,4,2048,0,0,0,0,0,memory,default,32,8,
baseline-memory,fat32,lookup-miss,1,1042,4,2048,0,0,0,0,0,memory,default,32,8,
baseline-memory,fat32,lookup-miss,2,1042,4,2048,0,0,0,0,0,memory,default,32,8,
baseline-memory,fat32,lookup-miss,3,1042,4,2048,0,0,0,0,0,memory,default,32,8,
baseline-memory,fat32,lookup-miss,4,1000,4,2048,0,0,0,0,0,memory,default,32,8,
baseline-memory,fat32,lookup-miss,5,1042,4,2048,0,0,0,0,0,memory,default,32,8,
baseline-memory,fat32,lookup-miss,6,1042,4,2048,0,0,0,0,0,memory,default,32,8,
baseline-memory,fat32,lookup-miss,7,1000,4,2048,0,0,0,0,0,memory,default,32,8,
baseline-memory,fat32,lookup-miss,8,1042,4,2048,0,0,0,0,0,memory,default,32,8,
baseline-memory,fat32,lookup-miss,9,1041,4,2048,0,0,0,0,0,memory,default,32,8,
baseline-memory,fat32,lookup-miss,10,1000,4,2048,0,0,0,0,0,memory,default,32,8,
baseline-memory,fat32,lookup-miss,11,1042,4,2048,0,0,0,0,0,memory,default,32,8,
baseline-memory,fat32,lookup-miss,12,1041,4,2048,0,0,0,0,0,memory,default,32,8,
baseline-memory,fat32,lookup-miss,13,1000,4,2048,0,0,0,0,0,memory,default,32,8,
baseline-memory,fat32,lookup-miss,14,1041,4,2048,0,0,0,0,0,memory,default,32,8,
baseline-memory,fat32,lookup-miss,15,1042,4,2048,0,0,0,0,0,memory,default,32,8,
baseline-memory,fat32,lookup-miss,16,1042,4,2048,0,0,0,0,0,memory,default,32,8,
baseline-memory,fat32,lookup-miss,17,1042,4,2048,0,0,0,0,0,memory,default,32,8,
baseline-memory,fat32,lookup-miss,18,1083,4,2048,0,0,0,0,0,memory,default,32,8,
baseline-memory,fat32,lookup-miss,19,1041,4,2048,0,0,0,0,0,memory,default,32,8,
baseline-memory,fat32,lookup-miss,20,1042,4,2048,0,0,0,0,0,memory,default,32,8,
baseline-memory,fat32,lookup-miss,21,1042,4,2048,0,0,0,0,0,memory,default,32,8,
baseline-memory,fat32,lookup-last-warm,1,1125,0,0,0,0,0,0,0,memory,default,32,8,
baseline-memory,fat32,lookup-last-warm,2,1000,0,0,0,0,0,0,0,memory,default,32,8,
baseline-memory,fat32,lookup-last-warm,3,1000,0,0,0,0,0,0,0,memory,default,32,8,
baseline-memory,fat32,lookup-last-warm,4,1125,0,0,0,0,0,0,0,memory,default,32,8,
baseline-memory,fat32,lookup-last-warm,5,1042,0,0,0,0,0,0,0,memory,default,32,8,
baseline-memory,fat32,lookup-last-warm,6,1041,0,0,0,0,0,0,0,memory,default,32,8,
baseline-memory,fat32,lookup-last-warm,7,1000,0,0,0,0,0,0,0,memory,default,32,8,
baseline-memory,fat32,lookup-last-warm,8,1000,0,0,0,0,0,0,0,memory,default,32,8,
baseline-memory,fat32,lookup-last-warm,9,1041,0,0,0,0,0,0,0,memory,default,32,8,
baseline-memory,fat32,lookup-last-warm,10,958,0,0,0,0,0,0,0,memory,default,32,8,
baseline-memory,fat32,lookup-last-warm,11,1042,0,0,0,0,0,0,0,memory,default,32,8,
baseline-memory,fat32,lookup-last-warm,12,1042,0,0,0,0,0,0,0,memory,default,32,8,
baseline-memory,fat32,lookup-last-warm,13,1000,0,0,0,0,0,0,0,memory,default,32,8,
baseline-memory,fat32,lookup-last-warm,14,958,0,0,0,0,0,0,0,memory,default,32,8,
baseline-memory,fat32,lookup-last-warm,15,1000,0,0,0,0,0,0,0,memory,default,32,8,
baseline-memory,fat32,lookup-last-warm,16,1042,0,0,0,0,0,0,0,memory,default,32,8,
baseline-memory,fat32,lookup-last-warm,17,1000,0,0,0,0,0,0,0,memory,default,32,8,
baseline-memory,fat32,lookup-last-warm,18,1083,0,0,0,0,0,0,0,memory,default,32,8,
baseline-memory,fat32,lookup-last-warm,19,1000,0,0,0,0,0,0,0,memory,default,32,8,
baseline-memory,fat32,lookup-last-warm,20,1000,0,0,0,0,0,0,0,memory,default,32,8,
baseline-memory,fat32,lookup-last-warm,21,1000,0,0,0,0,0,0,0,memory,default,32,8,
baseline-memory,fat32,lookup-batch,1,22208,4,2048,0,0,0,0,0,memory,default,32,8,
baseline-memory,fat32,lookup-batch,2,21500,4,2048,0,0,0,0,0,memory,default,32,8,
baseline-memory,fat32,lookup-batch,3,21333,4,2048,0,0,0,0,0,memory,default,32,8,
baseline-memory,fat32,lookup-batch,4,26000,4,2048,0,0,0,0,0,memory,default,32,8,
baseline-memory,fat32,lookup-batch,5,24875,4,2048,0,0,0,0,0,memory,default,32,8,
baseline-memory,fat32,lookup-batch,6,22875,4,2048,0,0,0,0,0,memory,default,32,8,
baseline-memory,fat32,lookup-batch,7,27375,4,2048,0,0,0,0,0,memory,default,32,8,
baseline-memory,fat32,lookup-batch,8,26000,4,2048,0,0,0,0,0,memory,default,32,8,
baseline-memory,fat32,lookup-batch,9,23000,4,2048,0,0,0,0,0,memory,default,32,8,
baseline-memory,fat32,lookup-batch,10,22958,4,2048,0,0,0,0,0,memory,default,32,8,
baseline-memory,fat32,lookup-batch,11,22917,4,2048,0,0,0,0,0,memory,default,32,8,
baseline-memory,fat32,lookup-batch,12,22917,4,2048,0,0,0,0,0,memory,default,32,8,
baseline-memory,fat32,lookup-batch,13,22791,4,2048,0,0,0,0,0,memory,default,32,8,
baseline-memory,fat32,lookup-batch,14,22125,4,2048,0,0,0,0,0,memory,default,32,8,
baseline-memory,fat32,lookup-batch,15,22125,4,2048,0,0,0,0,0,memory,default,32,8,
baseline-memory,fat32,lookup-batch,16,22334,4,2048,0,0,0,0,0,memory,default,32,8,
baseline-memory,fat32,lookup-batch,17,22250,4,2048,0,0,0,0,0,memory,default,32,8,
baseline-memory,fat32,lookup-batch,18,22584,4,2048,0,0,0,0,0,memory,default,32,8,
baseline-memory,fat32,lookup-batch,19,21583,4,2048,0,0,0,0,0,memory,default,32,8,
baseline-memory,fat32,lookup-batch,20,22000,4,2048,0,0,0,0,0,memory,default,32,8,
baseline-memory,fat32,lookup-batch,21,22042,4,2048,0,0,0,0,0,memory,default,32,8,
baseline-memory,fat32,stat,1,42,0,0,0,0,0,0,0,memory,default,32,8,
baseline-memory,fat32,stat,2,83,0,0,0,0,0,0,0,memory,default,32,8,
baseline-memory,fat32,stat,3,42,0,0,0,0,0,0,0,memory,default,32,8,
baseline-memory,fat32,stat,4,41,0,0,0,0,0,0,0,memory,default,32,8,
baseline-memory,fat32,stat,5,42,0,0,0,0,0,0,0,memory,default,32,8,
baseline-memory,fat32,stat,6,42,0,0,0,0,0,0,0,memory,default,32,8,
baseline-memory,fat32,stat,7,84,0,0,0,0,0,0,0,memory,default,32,8,
baseline-memory,fat32,stat,8,83,0,0,0,0,0,0,0,memory,default,32,8,
baseline-memory,fat32,stat,9,84,0,0,0,0,0,0,0,memory,default,32,8,
baseline-memory,fat32,stat,10,41,0,0,0,0,0,0,0,memory,default,32,8,
baseline-memory,fat32,stat,11,84,0,0,0,0,0,0,0,memory,default,32,8,
baseline-memory,fat32,stat,12,83,0,0,0,0,0,0,0,memory,default,32,8,
baseline-memory,fat32,stat,13,41,0,0,0,0,0,0,0,memory,default,32,8,
baseline-memory,fat32,stat,14,42,0,0,0,0,0,0,0,memory,default,32,8,
baseline-memory,fat32,stat,15,42,0,0,0,0,0,0,0,memory,default,32,8,
baseline-memory,fat32,stat,16,83,0,0,0,0,0,0,0,memory,default,32,8,
baseline-memory,fat32,stat,17,83,0,0,0,0,0,0,0,memory,default,32,8,
baseline-memory,fat32,stat,18,42,0,0,0,0,0,0,0,memory,default,32,8,
baseline-memory,fat32,stat,19,41,0,0,0,0,0,0,0,memory,default,32,8,
baseline-memory,fat32,stat,20,42,0,0,0,0,0,0,0,memory,default,32,8,
baseline-memory,fat32,stat,21,41,0,0,0,0,0,0,0,memory,default,32,8,
baseline-memory,fat32,read-4k,1,209,1,4096,0,0,0,0,0,memory,default,32,8,
baseline-memory,fat32,read-4k,2,167,1,4096,0,0,0,0,0,memory,default,32,8,
baseline-memory,fat32,read-4k,3,166,1,4096,0,0,0,0,0,memory,default,32,8,
baseline-memory,fat32,read-4k,4,125,1,4096,0,0,0,0,0,memory,default,32,8,
baseline-memory,fat32,read-4k,5,208,1,4096,0,0,0,0,0,memory,default,32,8,
baseline-memory,fat32,read-4k,6,166,1,4096,0,0,0,0,0,memory,default,32,8,
baseline-memory,fat32,read-4k,7,167,1,4096,0,0,0,0,0,memory,default,32,8,
baseline-memory,fat32,read-4k,8,166,1,4096,0,0,0,0,0,memory,default,32,8,
baseline-memory,fat32,read-4k,9,167,1,4096,0,0,0,0,0,memory,default,32,8,
baseline-memory,fat32,read-4k,10,208,1,4096,0,0,0,0,0,memory,default,32,8,
baseline-memory,fat32,read-4k,11,167,1,4096,0,0,0,0,0,memory,default,32,8,
baseline-memory,fat32,read-4k,12,125,1,4096,0,0,0,0,0,memory,default,32,8,
baseline-memory,fat32,read-4k,13,167,1,4096,0,0,0,0,0,memory,default,32,8,
baseline-memory,fat32,read-4k,14,125,1,4096,0,0,0,0,0,memory,default,32,8,
baseline-memory,fat32,read-4k,15,166,1,4096,0,0,0,0,0,memory,default,32,8,
baseline-memory,fat32,read-4k,16,167,1,4096,0,0,0,0,0,memory,default,32,8,
baseline-memory,fat32,read-4k,17,166,1,4096,0,0,0,0,0,memory,default,32,8,
baseline-memory,fat32,read-4k,18,167,1,4096,0,0,0,0,0,memory,default,32,8,
baseline-memory,fat32,read-4k,19,167,1,4096,0,0,0,0,0,memory,default,32,8,
baseline-memory,fat32,read-4k,20,166,1,4096,0,0,0,0,0,memory,default,32,8,
baseline-memory,fat32,read-4k,21,167,1,4096,0,0,0,0,0,memory,default,32,8,
baseline-memory,fat32,read-64k,1,2833,2,66048,0,0,0,0,0,memory,default,32,8,
baseline-memory,fat32,read-64k,2,2791,2,66048,0,0,0,0,0,memory,default,32,8,
baseline-memory,fat32,read-64k,3,2708,2,66048,0,0,0,0,0,memory,default,32,8,
baseline-memory,fat32,read-64k,4,2792,2,66048,0,0,0,0,0,memory,default,32,8,
baseline-memory,fat32,read-64k,5,2708,2,66048,0,0,0,0,0,memory,default,32,8,
baseline-memory,fat32,read-64k,6,2875,2,66048,0,0,0,0,0,memory,default,32,8,
baseline-memory,fat32,read-64k,7,2833,2,66048,0,0,0,0,0,memory,default,32,8,
baseline-memory,fat32,read-64k,8,3708,2,66048,0,0,0,0,0,memory,default,32,8,
baseline-memory,fat32,read-64k,9,3709,2,66048,0,0,0,0,0,memory,default,32,8,
baseline-memory,fat32,read-64k,10,3500,2,66048,0,0,0,0,0,memory,default,32,8,
baseline-memory,fat32,read-64k,11,2875,2,66048,0,0,0,0,0,memory,default,32,8,
baseline-memory,fat32,read-64k,12,2708,2,66048,0,0,0,0,0,memory,default,32,8,
baseline-memory,fat32,read-64k,13,2916,2,66048,0,0,0,0,0,memory,default,32,8,
baseline-memory,fat32,read-64k,14,2792,2,66048,0,0,0,0,0,memory,default,32,8,
baseline-memory,fat32,read-64k,15,2833,2,66048,0,0,0,0,0,memory,default,32,8,
baseline-memory,fat32,read-64k,16,2750,2,66048,0,0,0,0,0,memory,default,32,8,
baseline-memory,fat32,read-64k,17,2833,2,66048,0,0,0,0,0,memory,default,32,8,
baseline-memory,fat32,read-64k,18,2792,2,66048,0,0,0,0,0,memory,default,32,8,
baseline-memory,fat32,read-64k,19,2792,2,66048,0,0,0,0,0,memory,default,32,8,
baseline-memory,fat32,read-64k,20,2750,2,66048,0,0,0,0,0,memory,default,32,8,
baseline-memory,fat32,read-64k,21,2875,2,66048,0,0,0,0,0,memory,default,32,8,
baseline-memory,fat32,read-scattered,1,4042,7,21504,0,0,0,0,0,memory,default,32,8,
baseline-memory,fat32,read-scattered,2,3750,7,21504,0,0,0,0,0,memory,default,32,8,
baseline-memory,fat32,read-scattered,3,3750,7,21504,0,0,0,0,0,memory,default,32,8,
baseline-memory,fat32,read-scattered,4,3750,7,21504,0,0,0,0,0,memory,default,32,8,
baseline-memory,fat32,read-scattered,5,3666,7,21504,0,0,0,0,0,memory,default,32,8,
baseline-memory,fat32,read-scattered,6,3750,7,21504,0,0,0,0,0,memory,default,32,8,
baseline-memory,fat32,read-scattered,7,3708,7,21504,0,0,0,0,0,memory,default,32,8,
baseline-memory,fat32,read-scattered,8,3666,7,21504,0,0,0,0,0,memory,default,32,8,
baseline-memory,fat32,read-scattered,9,3667,7,21504,0,0,0,0,0,memory,default,32,8,
baseline-memory,fat32,read-scattered,10,3708,7,21504,0,0,0,0,0,memory,default,32,8,
baseline-memory,fat32,read-scattered,11,3667,7,21504,0,0,0,0,0,memory,default,32,8,
baseline-memory,fat32,read-scattered,12,3708,7,21504,0,0,0,0,0,memory,default,32,8,
baseline-memory,fat32,read-scattered,13,3708,7,21504,0,0,0,0,0,memory,default,32,8,
baseline-memory,fat32,read-scattered,14,3792,7,21504,0,0,0,0,0,memory,default,32,8,
baseline-memory,fat32,read-scattered,15,3667,7,21504,0,0,0,0,0,memory,default,32,8,
baseline-memory,fat32,read-scattered,16,3708,7,21504,0,0,0,0,0,memory,default,32,8,
baseline-memory,fat32,read-scattered,17,3708,7,21504,0,0,0,0,0,memory,default,32,8,
baseline-memory,fat32,read-scattered,18,3666,7,21504,0,0,0,0,0,memory,default,32,8,
baseline-memory,fat32,read-scattered,19,3708,7,21504,0,0,0,0,0,memory,default,32,8,
baseline-memory,fat32,read-scattered,20,3667,7,21504,0,0,0,0,0,memory,default,32,8,
baseline-memory,fat32,read-scattered,21,3667,7,21504,0,0,0,0,0,memory,default,32,8,
baseline-memory,fat32,read-full,1,4958,3,132096,0,0,0,0,0,memory,default,32,8,
baseline-memory,fat32,read-full,2,5000,3,132096,0,0,0,0,0,memory,default,32,8,
baseline-memory,fat32,read-full,3,4959,3,132096,0,0,0,0,0,memory,default,32,8,
baseline-memory,fat32,read-full,4,4875,3,132096,0,0,0,0,0,memory,default,32,8,
baseline-memory,fat32,read-full,5,4916,3,132096,0,0,0,0,0,memory,default,32,8,
baseline-memory,fat32,read-full,6,4917,3,132096,0,0,0,0,0,memory,default,32,8,
baseline-memory,fat32,read-full,7,4917,3,132096,0,0,0,0,0,memory,default,32,8,
baseline-memory,fat32,read-full,8,4958,3,132096,0,0,0,0,0,memory,default,32,8,
baseline-memory,fat32,read-full,9,5000,3,132096,0,0,0,0,0,memory,default,32,8,
baseline-memory,fat32,read-full,10,4958,3,132096,0,0,0,0,0,memory,default,32,8,
baseline-memory,fat32,read-full,11,4917,3,132096,0,0,0,0,0,memory,default,32,8,
baseline-memory,fat32,read-full,12,4875,3,132096,0,0,0,0,0,memory,default,32,8,
baseline-memory,fat32,read-full,13,4959,3,132096,0,0,0,0,0,memory,default,32,8,
baseline-memory,fat32,read-full,14,4875,3,132096,0,0,0,0,0,memory,default,32,8,
baseline-memory,fat32,read-full,15,4875,3,132096,0,0,0,0,0,memory,default,32,8,
baseline-memory,fat32,read-full,16,4916,3,132096,0,0,0,0,0,memory,default,32,8,
baseline-memory,fat32,read-full,17,4917,3,132096,0,0,0,0,0,memory,default,32,8,
baseline-memory,fat32,read-full,18,4917,3,132096,0,0,0,0,0,memory,default,32,8,
baseline-memory,fat32,read-full,19,4875,3,132096,0,0,0,0,0,memory,default,32,8,
baseline-memory,fat32,read-full,20,4958,3,132096,0,0,0,0,0,memory,default,32,8,
baseline-memory,fat32,read-full,21,5000,3,132096,0,0,0,0,0,memory,default,32,8,
baseline-memory,exfat,mount,1,50417,27,13824,0,0,0,0,0,memory,default,32,0,
baseline-memory,exfat,mount,2,49167,27,13824,0,0,0,0,0,memory,default,32,0,
baseline-memory,exfat,mount,3,46041,27,13824,0,0,0,0,0,memory,default,32,0,
baseline-memory,exfat,mount,4,44791,27,13824,0,0,0,0,0,memory,default,32,0,
baseline-memory,exfat,mount,5,44583,27,13824,0,0,0,0,0,memory,default,32,0,
baseline-memory,exfat,mount,6,44625,27,13824,0,0,0,0,0,memory,default,32,0,
baseline-memory,exfat,mount,7,44625,27,13824,0,0,0,0,0,memory,default,32,0,
baseline-memory,exfat,mount,8,44625,27,13824,0,0,0,0,0,memory,default,32,0,
baseline-memory,exfat,mount,9,44625,27,13824,0,0,0,0,0,memory,default,32,0,
baseline-memory,exfat,mount,10,44750,27,13824,0,0,0,0,0,memory,default,32,0,
baseline-memory,exfat,mount,11,53250,27,13824,0,0,0,0,0,memory,default,32,0,
baseline-memory,exfat,mount,12,48750,27,13824,0,0,0,0,0,memory,default,32,0,
baseline-memory,exfat,mount,13,53125,27,13824,0,0,0,0,0,memory,default,32,0,
baseline-memory,exfat,mount,14,49500,27,13824,0,0,0,0,0,memory,default,32,0,
baseline-memory,exfat,mount,15,49417,27,13824,0,0,0,0,0,memory,default,32,0,
baseline-memory,exfat,mount,16,52834,27,13824,0,0,0,0,0,memory,default,32,0,
baseline-memory,exfat,mount,17,49417,27,13824,0,0,0,0,0,memory,default,32,0,
baseline-memory,exfat,mount,18,49417,27,13824,0,0,0,0,0,memory,default,32,0,
baseline-memory,exfat,mount,19,49500,27,13824,0,0,0,0,0,memory,default,32,0,
baseline-memory,exfat,mount,20,49500,27,13824,0,0,0,0,0,memory,default,32,0,
baseline-memory,exfat,mount,21,49417,27,13824,0,0,0,0,0,memory,default,32,0,
baseline-memory,exfat,list,1,9541,7,3584,0,0,0,0,0,memory,default,32,0,
baseline-memory,exfat,list,2,9458,7,3584,0,0,0,0,0,memory,default,32,0,
baseline-memory,exfat,list,3,8500,7,3584,0,0,0,0,0,memory,default,32,0,
baseline-memory,exfat,list,4,8291,7,3584,0,0,0,0,0,memory,default,32,0,
baseline-memory,exfat,list,5,8375,7,3584,0,0,0,0,0,memory,default,32,0,
baseline-memory,exfat,list,6,8458,7,3584,0,0,0,0,0,memory,default,32,0,
baseline-memory,exfat,list,7,8416,7,3584,0,0,0,0,0,memory,default,32,0,
baseline-memory,exfat,list,8,8292,7,3584,0,0,0,0,0,memory,default,32,0,
baseline-memory,exfat,list,9,8375,7,3584,0,0,0,0,0,memory,default,32,0,
baseline-memory,exfat,list,10,8500,7,3584,0,0,0,0,0,memory,default,32,0,
baseline-memory,exfat,list,11,8500,7,3584,0,0,0,0,0,memory,default,32,0,
baseline-memory,exfat,list,12,8458,7,3584,0,0,0,0,0,memory,default,32,0,
baseline-memory,exfat,list,13,8458,7,3584,0,0,0,0,0,memory,default,32,0,
baseline-memory,exfat,list,14,8583,7,3584,0,0,0,0,0,memory,default,32,0,
baseline-memory,exfat,list,15,9667,7,3584,0,0,0,0,0,memory,default,32,0,
baseline-memory,exfat,list,16,9375,7,3584,0,0,0,0,0,memory,default,32,0,
baseline-memory,exfat,list,17,8500,7,3584,0,0,0,0,0,memory,default,32,0,
baseline-memory,exfat,list,18,8625,7,3584,0,0,0,0,0,memory,default,32,0,
baseline-memory,exfat,list,19,10416,7,3584,0,0,0,0,0,memory,default,32,0,
baseline-memory,exfat,list,20,9417,7,3584,0,0,0,0,0,memory,default,32,0,
baseline-memory,exfat,list,21,9333,7,3584,0,0,0,0,0,memory,default,32,0,
baseline-memory,exfat,lookup-last,1,1667,7,3584,0,0,0,0,0,memory,default,32,0,
baseline-memory,exfat,lookup-last,2,1417,7,3584,0,0,0,0,0,memory,default,32,0,
baseline-memory,exfat,lookup-last,3,1792,7,3584,0,0,0,0,0,memory,default,32,0,
baseline-memory,exfat,lookup-last,4,1583,7,3584,0,0,0,0,0,memory,default,32,0,
baseline-memory,exfat,lookup-last,5,1458,7,3584,0,0,0,0,0,memory,default,32,0,
baseline-memory,exfat,lookup-last,6,1500,7,3584,0,0,0,0,0,memory,default,32,0,
baseline-memory,exfat,lookup-last,7,1500,7,3584,0,0,0,0,0,memory,default,32,0,
baseline-memory,exfat,lookup-last,8,2750,7,3584,0,0,0,0,0,memory,default,32,0,
baseline-memory,exfat,lookup-last,9,2041,7,3584,0,0,0,0,0,memory,default,32,0,
baseline-memory,exfat,lookup-last,10,1500,7,3584,0,0,0,0,0,memory,default,32,0,
baseline-memory,exfat,lookup-last,11,1500,7,3584,0,0,0,0,0,memory,default,32,0,
baseline-memory,exfat,lookup-last,12,1458,7,3584,0,0,0,0,0,memory,default,32,0,
baseline-memory,exfat,lookup-last,13,1542,7,3584,0,0,0,0,0,memory,default,32,0,
baseline-memory,exfat,lookup-last,14,1500,7,3584,0,0,0,0,0,memory,default,32,0,
baseline-memory,exfat,lookup-last,15,1459,7,3584,0,0,0,0,0,memory,default,32,0,
baseline-memory,exfat,lookup-last,16,1500,7,3584,0,0,0,0,0,memory,default,32,0,
baseline-memory,exfat,lookup-last,17,1500,7,3584,0,0,0,0,0,memory,default,32,0,
baseline-memory,exfat,lookup-last,18,1500,7,3584,0,0,0,0,0,memory,default,32,0,
baseline-memory,exfat,lookup-last,19,1875,7,3584,0,0,0,0,0,memory,default,32,0,
baseline-memory,exfat,lookup-last,20,1500,7,3584,0,0,0,0,0,memory,default,32,0,
baseline-memory,exfat,lookup-last,21,1500,7,3584,0,0,0,0,0,memory,default,32,0,
baseline-memory,exfat,lookup-miss,1,1250,7,3584,0,0,0,0,0,memory,default,32,0,
baseline-memory,exfat,lookup-miss,2,1208,7,3584,0,0,0,0,0,memory,default,32,0,
baseline-memory,exfat,lookup-miss,3,1209,7,3584,0,0,0,0,0,memory,default,32,0,
baseline-memory,exfat,lookup-miss,4,1250,7,3584,0,0,0,0,0,memory,default,32,0,
baseline-memory,exfat,lookup-miss,5,1208,7,3584,0,0,0,0,0,memory,default,32,0,
baseline-memory,exfat,lookup-miss,6,1250,7,3584,0,0,0,0,0,memory,default,32,0,
baseline-memory,exfat,lookup-miss,7,1250,7,3584,0,0,0,0,0,memory,default,32,0,
baseline-memory,exfat,lookup-miss,8,1167,7,3584,0,0,0,0,0,memory,default,32,0,
baseline-memory,exfat,lookup-miss,9,1292,7,3584,0,0,0,0,0,memory,default,32,0,
baseline-memory,exfat,lookup-miss,10,1250,7,3584,0,0,0,0,0,memory,default,32,0,
baseline-memory,exfat,lookup-miss,11,1250,7,3584,0,0,0,0,0,memory,default,32,0,
baseline-memory,exfat,lookup-miss,12,1333,7,3584,0,0,0,0,0,memory,default,32,0,
baseline-memory,exfat,lookup-miss,13,1292,7,3584,0,0,0,0,0,memory,default,32,0,
baseline-memory,exfat,lookup-miss,14,1334,7,3584,0,0,0,0,0,memory,default,32,0,
baseline-memory,exfat,lookup-miss,15,1583,7,3584,0,0,0,0,0,memory,default,32,0,
baseline-memory,exfat,lookup-miss,16,1333,7,3584,0,0,0,0,0,memory,default,32,0,
baseline-memory,exfat,lookup-miss,17,1292,7,3584,0,0,0,0,0,memory,default,32,0,
baseline-memory,exfat,lookup-miss,18,1292,7,3584,0,0,0,0,0,memory,default,32,0,
baseline-memory,exfat,lookup-miss,19,1334,7,3584,0,0,0,0,0,memory,default,32,0,
baseline-memory,exfat,lookup-miss,20,1250,7,3584,0,0,0,0,0,memory,default,32,0,
baseline-memory,exfat,lookup-miss,21,1291,7,3584,0,0,0,0,0,memory,default,32,0,
baseline-memory,exfat,lookup-last-warm,1,1459,7,3584,0,0,0,0,0,memory,default,32,0,
baseline-memory,exfat,lookup-last-warm,2,1458,7,3584,0,0,0,0,0,memory,default,32,0,
baseline-memory,exfat,lookup-last-warm,3,1417,7,3584,0,0,0,0,0,memory,default,32,0,
baseline-memory,exfat,lookup-last-warm,4,1375,7,3584,0,0,0,0,0,memory,default,32,0,
baseline-memory,exfat,lookup-last-warm,5,1416,7,3584,0,0,0,0,0,memory,default,32,0,
baseline-memory,exfat,lookup-last-warm,6,1375,7,3584,0,0,0,0,0,memory,default,32,0,
baseline-memory,exfat,lookup-last-warm,7,1416,7,3584,0,0,0,0,0,memory,default,32,0,
baseline-memory,exfat,lookup-last-warm,8,1417,7,3584,0,0,0,0,0,memory,default,32,0,
baseline-memory,exfat,lookup-last-warm,9,1416,7,3584,0,0,0,0,0,memory,default,32,0,
baseline-memory,exfat,lookup-last-warm,10,1416,7,3584,0,0,0,0,0,memory,default,32,0,
baseline-memory,exfat,lookup-last-warm,11,1500,7,3584,0,0,0,0,0,memory,default,32,0,
baseline-memory,exfat,lookup-last-warm,12,1416,7,3584,0,0,0,0,0,memory,default,32,0,
baseline-memory,exfat,lookup-last-warm,13,1417,7,3584,0,0,0,0,0,memory,default,32,0,
baseline-memory,exfat,lookup-last-warm,14,1417,7,3584,0,0,0,0,0,memory,default,32,0,
baseline-memory,exfat,lookup-last-warm,15,1458,7,3584,0,0,0,0,0,memory,default,32,0,
baseline-memory,exfat,lookup-last-warm,16,1417,7,3584,0,0,0,0,0,memory,default,32,0,
baseline-memory,exfat,lookup-last-warm,17,1417,7,3584,0,0,0,0,0,memory,default,32,0,
baseline-memory,exfat,lookup-last-warm,18,1416,7,3584,0,0,0,0,0,memory,default,32,0,
baseline-memory,exfat,lookup-last-warm,19,1458,7,3584,0,0,0,0,0,memory,default,32,0,
baseline-memory,exfat,lookup-last-warm,20,1458,7,3584,0,0,0,0,0,memory,default,32,0,
baseline-memory,exfat,lookup-last-warm,21,1416,7,3584,0,0,0,0,0,memory,default,32,0,
baseline-memory,exfat,lookup-batch,1,27167,116,59392,0,0,0,0,0,memory,default,32,0,
baseline-memory,exfat,lookup-batch,2,26833,116,59392,0,0,0,0,0,memory,default,32,0,
baseline-memory,exfat,lookup-batch,3,26917,116,59392,0,0,0,0,0,memory,default,32,0,
baseline-memory,exfat,lookup-batch,4,28833,116,59392,0,0,0,0,0,memory,default,32,0,
baseline-memory,exfat,lookup-batch,5,27125,116,59392,0,0,0,0,0,memory,default,32,0,
baseline-memory,exfat,lookup-batch,6,26541,116,59392,0,0,0,0,0,memory,default,32,0,
baseline-memory,exfat,lookup-batch,7,26917,116,59392,0,0,0,0,0,memory,default,32,0,
baseline-memory,exfat,lookup-batch,8,26750,116,59392,0,0,0,0,0,memory,default,32,0,
baseline-memory,exfat,lookup-batch,9,26334,116,59392,0,0,0,0,0,memory,default,32,0,
baseline-memory,exfat,lookup-batch,10,27250,116,59392,0,0,0,0,0,memory,default,32,0,
baseline-memory,exfat,lookup-batch,11,27334,116,59392,0,0,0,0,0,memory,default,32,0,
baseline-memory,exfat,lookup-batch,12,27125,116,59392,0,0,0,0,0,memory,default,32,0,
baseline-memory,exfat,lookup-batch,13,26750,116,59392,0,0,0,0,0,memory,default,32,0,
baseline-memory,exfat,lookup-batch,14,29833,116,59392,0,0,0,0,0,memory,default,32,0,
baseline-memory,exfat,lookup-batch,15,32083,116,59392,0,0,0,0,0,memory,default,32,0,
baseline-memory,exfat,lookup-batch,16,26792,116,59392,0,0,0,0,0,memory,default,32,0,
baseline-memory,exfat,lookup-batch,17,26833,116,59392,0,0,0,0,0,memory,default,32,0,
baseline-memory,exfat,lookup-batch,18,28917,116,59392,0,0,0,0,0,memory,default,32,0,
baseline-memory,exfat,lookup-batch,19,27667,116,59392,0,0,0,0,0,memory,default,32,0,
baseline-memory,exfat,lookup-batch,20,27667,116,59392,0,0,0,0,0,memory,default,32,0,
baseline-memory,exfat,lookup-batch,21,27667,116,59392,0,0,0,0,0,memory,default,32,0,
baseline-memory,exfat,stat,1,209,0,0,0,0,0,0,0,memory,default,32,0,
baseline-memory,exfat,stat,2,167,0,0,0,0,0,0,0,memory,default,32,0,
baseline-memory,exfat,stat,3,167,0,0,0,0,0,0,0,memory,default,32,0,
baseline-memory,exfat,stat,4,167,0,0,0,0,0,0,0,memory,default,32,0,
baseline-memory,exfat,stat,5,208,0,0,0,0,0,0,0,memory,default,32,0,
baseline-memory,exfat,stat,6,167,0,0,0,0,0,0,0,memory,default,32,0,
baseline-memory,exfat,stat,7,209,0,0,0,0,0,0,0,memory,default,32,0,
baseline-memory,exfat,stat,8,208,0,0,0,0,0,0,0,memory,default,32,0,
baseline-memory,exfat,stat,9,167,0,0,0,0,0,0,0,memory,default,32,0,
baseline-memory,exfat,stat,10,208,0,0,0,0,0,0,0,memory,default,32,0,
baseline-memory,exfat,stat,11,208,0,0,0,0,0,0,0,memory,default,32,0,
baseline-memory,exfat,stat,12,208,0,0,0,0,0,0,0,memory,default,32,0,
baseline-memory,exfat,stat,13,208,0,0,0,0,0,0,0,memory,default,32,0,
baseline-memory,exfat,stat,14,208,0,0,0,0,0,0,0,memory,default,32,0,
baseline-memory,exfat,stat,15,208,0,0,0,0,0,0,0,memory,default,32,0,
baseline-memory,exfat,stat,16,166,0,0,0,0,0,0,0,memory,default,32,0,
baseline-memory,exfat,stat,17,167,0,0,0,0,0,0,0,memory,default,32,0,
baseline-memory,exfat,stat,18,1083,0,0,0,0,0,0,0,memory,default,32,0,
baseline-memory,exfat,stat,19,1042,0,0,0,0,0,0,0,memory,default,32,0,
baseline-memory,exfat,stat,20,208,0,0,0,0,0,0,0,memory,default,32,0,
baseline-memory,exfat,stat,21,208,0,0,0,0,0,0,0,memory,default,32,0,
baseline-memory,exfat,read-4k,1,250,1,4096,0,0,0,0,0,memory,default,32,0,
baseline-memory,exfat,read-4k,2,166,1,4096,0,0,0,0,0,memory,default,32,0,
baseline-memory,exfat,read-4k,3,125,1,4096,0,0,0,0,0,memory,default,32,0,
baseline-memory,exfat,read-4k,4,250,1,4096,0,0,0,0,0,memory,default,32,0,
baseline-memory,exfat,read-4k,5,83,1,4096,0,0,0,0,0,memory,default,32,0,
baseline-memory,exfat,read-4k,6,84,1,4096,0,0,0,0,0,memory,default,32,0,
baseline-memory,exfat,read-4k,7,417,1,4096,0,0,0,0,0,memory,default,32,0,
baseline-memory,exfat,read-4k,8,125,1,4096,0,0,0,0,0,memory,default,32,0,
baseline-memory,exfat,read-4k,9,125,1,4096,0,0,0,0,0,memory,default,32,0,
baseline-memory,exfat,read-4k,10,84,1,4096,0,0,0,0,0,memory,default,32,0,
baseline-memory,exfat,read-4k,11,84,1,4096,0,0,0,0,0,memory,default,32,0,
baseline-memory,exfat,read-4k,12,417,1,4096,0,0,0,0,0,memory,default,32,0,
baseline-memory,exfat,read-4k,13,83,1,4096,0,0,0,0,0,memory,default,32,0,
baseline-memory,exfat,read-4k,14,83,1,4096,0,0,0,0,0,memory,default,32,0,
baseline-memory,exfat,read-4k,15,83,1,4096,0,0,0,0,0,memory,default,32,0,
baseline-memory,exfat,read-4k,16,83,1,4096,0,0,0,0,0,memory,default,32,0,
baseline-memory,exfat,read-4k,17,83,1,4096,0,0,0,0,0,memory,default,32,0,
baseline-memory,exfat,read-4k,18,84,1,4096,0,0,0,0,0,memory,default,32,0,
baseline-memory,exfat,read-4k,19,84,1,4096,0,0,0,0,0,memory,default,32,0,
baseline-memory,exfat,read-4k,20,84,1,4096,0,0,0,0,0,memory,default,32,0,
baseline-memory,exfat,read-4k,21,83,1,4096,0,0,0,0,0,memory,default,32,0,
baseline-memory,exfat,read-64k,1,15834,2,66048,0,0,0,0,0,memory,default,32,0,
baseline-memory,exfat,read-64k,2,4500,2,66048,0,0,0,0,0,memory,default,32,0,
baseline-memory,exfat,read-64k,3,1458,2,66048,0,0,0,0,0,memory,default,32,0,
baseline-memory,exfat,read-64k,4,1708,2,66048,0,0,0,0,0,memory,default,32,0,
baseline-memory,exfat,read-64k,5,1875,2,66048,0,0,0,0,0,memory,default,32,0,
baseline-memory,exfat,read-64k,6,1834,2,66048,0,0,0,0,0,memory,default,32,0,
baseline-memory,exfat,read-64k,7,1667,2,66048,0,0,0,0,0,memory,default,32,0,
baseline-memory,exfat,read-64k,8,2416,2,66048,0,0,0,0,0,memory,default,32,0,
baseline-memory,exfat,read-64k,9,1875,2,66048,0,0,0,0,0,memory,default,32,0,
baseline-memory,exfat,read-64k,10,2000,2,66048,0,0,0,0,0,memory,default,32,0,
baseline-memory,exfat,read-64k,11,1667,2,66048,0,0,0,0,0,memory,default,32,0,
baseline-memory,exfat,read-64k,12,1625,2,66048,0,0,0,0,0,memory,default,32,0,
baseline-memory,exfat,read-64k,13,1833,2,66048,0,0,0,0,0,memory,default,32,0,
baseline-memory,exfat,read-64k,14,1667,2,66048,0,0,0,0,0,memory,default,32,0,
baseline-memory,exfat,read-64k,15,1791,2,66048,0,0,0,0,0,memory,default,32,0,
baseline-memory,exfat,read-64k,16,1709,2,66048,0,0,0,0,0,memory,default,32,0,
baseline-memory,exfat,read-64k,17,1583,2,66048,0,0,0,0,0,memory,default,32,0,
baseline-memory,exfat,read-64k,18,1584,2,66048,0,0,0,0,0,memory,default,32,0,
baseline-memory,exfat,read-64k,19,1667,2,66048,0,0,0,0,0,memory,default,32,0,
baseline-memory,exfat,read-64k,20,1625,2,66048,0,0,0,0,0,memory,default,32,0,
baseline-memory,exfat,read-64k,21,1541,2,66048,0,0,0,0,0,memory,default,32,0,
baseline-memory,exfat,read-scattered,1,1209,6,20992,0,0,0,0,0,memory,default,32,0,
baseline-memory,exfat,read-scattered,2,1000,6,20992,0,0,0,0,0,memory,default,32,0,
baseline-memory,exfat,read-scattered,3,1000,6,20992,0,0,0,0,0,memory,default,32,0,
baseline-memory,exfat,read-scattered,4,875,6,20992,0,0,0,0,0,memory,default,32,0,
baseline-memory,exfat,read-scattered,5,1000,6,20992,0,0,0,0,0,memory,default,32,0,
baseline-memory,exfat,read-scattered,6,959,6,20992,0,0,0,0,0,memory,default,32,0,
baseline-memory,exfat,read-scattered,7,916,6,20992,0,0,0,0,0,memory,default,32,0,
baseline-memory,exfat,read-scattered,8,875,6,20992,0,0,0,0,0,memory,default,32,0,
baseline-memory,exfat,read-scattered,9,916,6,20992,0,0,0,0,0,memory,default,32,0,
baseline-memory,exfat,read-scattered,10,917,6,20992,0,0,0,0,0,memory,default,32,0,
baseline-memory,exfat,read-scattered,11,916,6,20992,0,0,0,0,0,memory,default,32,0,
baseline-memory,exfat,read-scattered,12,917,6,20992,0,0,0,0,0,memory,default,32,0,
baseline-memory,exfat,read-scattered,13,875,6,20992,0,0,0,0,0,memory,default,32,0,
baseline-memory,exfat,read-scattered,14,875,6,20992,0,0,0,0,0,memory,default,32,0,
baseline-memory,exfat,read-scattered,15,833,6,20992,0,0,0,0,0,memory,default,32,0,
baseline-memory,exfat,read-scattered,16,833,6,20992,0,0,0,0,0,memory,default,32,0,
baseline-memory,exfat,read-scattered,17,875,6,20992,0,0,0,0,0,memory,default,32,0,
baseline-memory,exfat,read-scattered,18,1125,6,20992,0,0,0,0,0,memory,default,32,0,
baseline-memory,exfat,read-scattered,19,1291,6,20992,0,0,0,0,0,memory,default,32,0,
baseline-memory,exfat,read-scattered,20,875,6,20992,0,0,0,0,0,memory,default,32,0,
baseline-memory,exfat,read-scattered,21,875,6,20992,0,0,0,0,0,memory,default,32,0,
baseline-memory,exfat,read-full,1,3084,2,131584,0,0,0,0,0,memory,default,32,0,
baseline-memory,exfat,read-full,2,2708,2,131584,0,0,0,0,0,memory,default,32,0,
baseline-memory,exfat,read-full,3,3083,2,131584,0,0,0,0,0,memory,default,32,0,
baseline-memory,exfat,read-full,4,2666,2,131584,0,0,0,0,0,memory,default,32,0,
baseline-memory,exfat,read-full,5,2958,2,131584,0,0,0,0,0,memory,default,32,0,
baseline-memory,exfat,read-full,6,2708,2,131584,0,0,0,0,0,memory,default,32,0,
baseline-memory,exfat,read-full,7,2792,2,131584,0,0,0,0,0,memory,default,32,0,
baseline-memory,exfat,read-full,8,2708,2,131584,0,0,0,0,0,memory,default,32,0,
baseline-memory,exfat,read-full,9,2708,2,131584,0,0,0,0,0,memory,default,32,0,
baseline-memory,exfat,read-full,10,3625,2,131584,0,0,0,0,0,memory,default,32,0,
baseline-memory,exfat,read-full,11,3584,2,131584,0,0,0,0,0,memory,default,32,0,
baseline-memory,exfat,read-full,12,2625,2,131584,0,0,0,0,0,memory,default,32,0,
baseline-memory,exfat,read-full,13,3166,2,131584,0,0,0,0,0,memory,default,32,0,
baseline-memory,exfat,read-full,14,4042,2,131584,0,0,0,0,0,memory,default,32,0,
baseline-memory,exfat,read-full,15,2791,2,131584,0,0,0,0,0,memory,default,32,0,
baseline-memory,exfat,read-full,16,3583,2,131584,0,0,0,0,0,memory,default,32,0,
baseline-memory,exfat,read-full,17,2833,2,131584,0,0,0,0,0,memory,default,32,0,
baseline-memory,exfat,read-full,18,2791,2,131584,0,0,0,0,0,memory,default,32,0,
baseline-memory,exfat,read-full,19,3041,2,131584,0,0,0,0,0,memory,default,32,0,
baseline-memory,exfat,read-full,20,3375,2,131584,0,0,0,0,0,memory,default,32,0,
baseline-memory,exfat,read-full,21,2792,2,131584,0,0,0,0,0,memory,default,32,0,
baseline-memory,iso,mount,1,1166,3,6144,0,0,0,0,0,memory,default,32,0,
baseline-memory,iso,mount,2,1167,3,6144,0,0,0,0,0,memory,default,32,0,
baseline-memory,iso,mount,3,1125,3,6144,0,0,0,0,0,memory,default,32,0,
baseline-memory,iso,mount,4,1125,3,6144,0,0,0,0,0,memory,default,32,0,
baseline-memory,iso,mount,5,1166,3,6144,0,0,0,0,0,memory,default,32,0,
baseline-memory,iso,mount,6,1208,3,6144,0,0,0,0,0,memory,default,32,0,
baseline-memory,iso,mount,7,1083,3,6144,0,0,0,0,0,memory,default,32,0,
baseline-memory,iso,mount,8,1042,3,6144,0,0,0,0,0,memory,default,32,0,
baseline-memory,iso,mount,9,1041,3,6144,0,0,0,0,0,memory,default,32,0,
baseline-memory,iso,mount,10,1042,3,6144,0,0,0,0,0,memory,default,32,0,
baseline-memory,iso,mount,11,1041,3,6144,0,0,0,0,0,memory,default,32,0,
baseline-memory,iso,mount,12,1167,3,6144,0,0,0,0,0,memory,default,32,0,
baseline-memory,iso,mount,13,11083,3,6144,0,0,0,0,0,memory,default,32,0,
baseline-memory,iso,mount,14,1125,3,6144,0,0,0,0,0,memory,default,32,0,
baseline-memory,iso,mount,15,1042,3,6144,0,0,0,0,0,memory,default,32,0,
baseline-memory,iso,mount,16,1084,3,6144,0,0,0,0,0,memory,default,32,0,
baseline-memory,iso,mount,17,1125,3,6144,0,0,0,0,0,memory,default,32,0,
baseline-memory,iso,mount,18,1292,3,6144,0,0,0,0,0,memory,default,32,0,
baseline-memory,iso,mount,19,1167,3,6144,0,0,0,0,0,memory,default,32,0,
baseline-memory,iso,mount,20,1083,3,6144,0,0,0,0,0,memory,default,32,0,
baseline-memory,iso,mount,21,1042,3,6144,0,0,0,0,0,memory,default,32,0,
baseline-memory,iso,list,1,10459,68,139264,0,0,0,0,0,memory,default,32,0,
baseline-memory,iso,list,2,10250,68,139264,0,0,0,0,0,memory,default,32,0,
baseline-memory,iso,list,3,10250,68,139264,0,0,0,0,0,memory,default,32,0,
baseline-memory,iso,list,4,10125,68,139264,0,0,0,0,0,memory,default,32,0,
baseline-memory,iso,list,5,10083,68,139264,0,0,0,0,0,memory,default,32,0,
baseline-memory,iso,list,6,12625,68,139264,0,0,0,0,0,memory,default,32,0,
baseline-memory,iso,list,7,11667,68,139264,0,0,0,0,0,memory,default,32,0,
baseline-memory,iso,list,8,10792,68,139264,0,0,0,0,0,memory,default,32,0,
baseline-memory,iso,list,9,10417,68,139264,0,0,0,0,0,memory,default,32,0,
baseline-memory,iso,list,10,11542,68,139264,0,0,0,0,0,memory,default,32,0,
baseline-memory,iso,list,11,10125,68,139264,0,0,0,0,0,memory,default,32,0,
baseline-memory,iso,list,12,10459,68,139264,0,0,0,0,0,memory,default,32,0,
baseline-memory,iso,list,13,9708,68,139264,0,0,0,0,0,memory,default,32,0,
baseline-memory,iso,list,14,11333,68,139264,0,0,0,0,0,memory,default,32,0,
baseline-memory,iso,list,15,11792,68,139264,0,0,0,0,0,memory,default,32,0,
baseline-memory,iso,list,16,12875,68,139264,0,0,0,0,0,memory,default,32,0,
baseline-memory,iso,list,17,12417,68,139264,0,0,0,0,0,memory,default,32,0,
baseline-memory,iso,list,18,12167,68,139264,0,0,0,0,0,memory,default,32,0,
baseline-memory,iso,list,19,10167,68,139264,0,0,0,0,0,memory,default,32,0,
baseline-memory,iso,list,20,12792,68,139264,0,0,0,0,0,memory,default,32,0,
baseline-memory,iso,list,21,11416,68,139264,0,0,0,0,0,memory,default,32,0,
baseline-memory,iso,lookup-last,1,1625,2,4096,0,0,0,0,0,memory,default,32,0,
baseline-memory,iso,lookup-last,2,2041,2,4096,0,0,0,0,0,memory,default,32,0,
baseline-memory,iso,lookup-last,3,2000,2,4096,0,0,0,0,0,memory,default,32,0,
baseline-memory,iso,lookup-last,4,2166,2,4096,0,0,0,0,0,memory,default,32,0,
baseline-memory,iso,lookup-last,5,1542,2,4096,0,0,0,0,0,memory,default,32,0,
baseline-memory,iso,lookup-last,6,1709,2,4096,0,0,0,0,0,memory,default,32,0,
baseline-memory,iso,lookup-last,7,2083,2,4096,0,0,0,0,0,memory,default,32,0,
baseline-memory,iso,lookup-last,8,2083,2,4096,0,0,0,0,0,memory,default,32,0,
baseline-memory,iso,lookup-last,9,2125,2,4096,0,0,0,0,0,memory,default,32,0,
baseline-memory,iso,lookup-last,10,1875,2,4096,0,0,0,0,0,memory,default,32,0,
baseline-memory,iso,lookup-last,11,1541,2,4096,0,0,0,0,0,memory,default,32,0,
baseline-memory,iso,lookup-last,12,1541,2,4096,0,0,0,0,0,memory,default,32,0,
baseline-memory,iso,lookup-last,13,1542,2,4096,0,0,0,0,0,memory,default,32,0,
baseline-memory,iso,lookup-last,14,1542,2,4096,0,0,0,0,0,memory,default,32,0,
baseline-memory,iso,lookup-last,15,1541,2,4096,0,0,0,0,0,memory,default,32,0,
baseline-memory,iso,lookup-last,16,1583,2,4096,0,0,0,0,0,memory,default,32,0,
baseline-memory,iso,lookup-last,17,1750,2,4096,0,0,0,0,0,memory,default,32,0,
baseline-memory,iso,lookup-last,18,1500,2,4096,0,0,0,0,0,memory,default,32,0,
baseline-memory,iso,lookup-last,19,1500,2,4096,0,0,0,0,0,memory,default,32,0,
baseline-memory,iso,lookup-last,20,1625,2,4096,0,0,0,0,0,memory,default,32,0,
baseline-memory,iso,lookup-last,21,1542,2,4096,0,0,0,0,0,memory,default,32,0,
baseline-memory,iso,lookup-miss,1,1583,2,4096,0,0,0,0,0,memory,default,32,0,
baseline-memory,iso,lookup-miss,2,1500,2,4096,0,0,0,0,0,memory,default,32,0,
baseline-memory,iso,lookup-miss,3,1542,2,4096,0,0,0,0,0,memory,default,32,0,
baseline-memory,iso,lookup-miss,4,1500,2,4096,0,0,0,0,0,memory,default,32,0,
baseline-memory,iso,lookup-miss,5,1500,2,4096,0,0,0,0,0,memory,default,32,0,
baseline-memory,iso,lookup-miss,6,1542,2,4096,0,0,0,0,0,memory,default,32,0,
baseline-memory,iso,lookup-miss,7,1500,2,4096,0,0,0,0,0,memory,default,32,0,
baseline-memory,iso,lookup-miss,8,1500,2,4096,0,0,0,0,0,memory,default,32,0,
baseline-memory,iso,lookup-miss,9,1542,2,4096,0,0,0,0,0,memory,default,32,0,
baseline-memory,iso,lookup-miss,10,1542,2,4096,0,0,0,0,0,memory,default,32,0,
baseline-memory,iso,lookup-miss,11,1542,2,4096,0,0,0,0,0,memory,default,32,0,
baseline-memory,iso,lookup-miss,12,1542,2,4096,0,0,0,0,0,memory,default,32,0,
baseline-memory,iso,lookup-miss,13,1542,2,4096,0,0,0,0,0,memory,default,32,0,
baseline-memory,iso,lookup-miss,14,1542,2,4096,0,0,0,0,0,memory,default,32,0,
baseline-memory,iso,lookup-miss,15,1583,2,4096,0,0,0,0,0,memory,default,32,0,
baseline-memory,iso,lookup-miss,16,1542,2,4096,0,0,0,0,0,memory,default,32,0,
baseline-memory,iso,lookup-miss,17,1500,2,4096,0,0,0,0,0,memory,default,32,0,
baseline-memory,iso,lookup-miss,18,1541,2,4096,0,0,0,0,0,memory,default,32,0,
baseline-memory,iso,lookup-miss,19,1542,2,4096,0,0,0,0,0,memory,default,32,0,
baseline-memory,iso,lookup-miss,20,1583,2,4096,0,0,0,0,0,memory,default,32,0,
baseline-memory,iso,lookup-miss,21,1541,2,4096,0,0,0,0,0,memory,default,32,0,
baseline-memory,iso,lookup-last-warm,1,1541,2,4096,0,0,0,0,0,memory,default,32,0,
baseline-memory,iso,lookup-last-warm,2,1542,2,4096,0,0,0,0,0,memory,default,32,0,
baseline-memory,iso,lookup-last-warm,3,1541,2,4096,0,0,0,0,0,memory,default,32,0,
baseline-memory,iso,lookup-last-warm,4,1542,2,4096,0,0,0,0,0,memory,default,32,0,
baseline-memory,iso,lookup-last-warm,5,1500,2,4096,0,0,0,0,0,memory,default,32,0,
baseline-memory,iso,lookup-last-warm,6,1542,2,4096,0,0,0,0,0,memory,default,32,0,
baseline-memory,iso,lookup-last-warm,7,1542,2,4096,0,0,0,0,0,memory,default,32,0,
baseline-memory,iso,lookup-last-warm,8,1500,2,4096,0,0,0,0,0,memory,default,32,0,
baseline-memory,iso,lookup-last-warm,9,1542,2,4096,0,0,0,0,0,memory,default,32,0,
baseline-memory,iso,lookup-last-warm,10,1542,2,4096,0,0,0,0,0,memory,default,32,0,
baseline-memory,iso,lookup-last-warm,11,1542,2,4096,0,0,0,0,0,memory,default,32,0,
baseline-memory,iso,lookup-last-warm,12,1542,2,4096,0,0,0,0,0,memory,default,32,0,
baseline-memory,iso,lookup-last-warm,13,1667,2,4096,0,0,0,0,0,memory,default,32,0,
baseline-memory,iso,lookup-last-warm,14,1416,2,4096,0,0,0,0,0,memory,default,32,0,
baseline-memory,iso,lookup-last-warm,15,1375,2,4096,0,0,0,0,0,memory,default,32,0,
baseline-memory,iso,lookup-last-warm,16,1417,2,4096,0,0,0,0,0,memory,default,32,0,
baseline-memory,iso,lookup-last-warm,17,1417,2,4096,0,0,0,0,0,memory,default,32,0,
baseline-memory,iso,lookup-last-warm,18,1417,2,4096,0,0,0,0,0,memory,default,32,0,
baseline-memory,iso,lookup-last-warm,19,1417,2,4096,0,0,0,0,0,memory,default,32,0,
baseline-memory,iso,lookup-last-warm,20,1375,2,4096,0,0,0,0,0,memory,default,32,0,
baseline-memory,iso,lookup-last-warm,21,1417,2,4096,0,0,0,0,0,memory,default,32,0,
baseline-memory,iso,lookup-batch,1,26625,64,131072,0,0,0,0,0,memory,default,32,0,
baseline-memory,iso,lookup-batch,2,27000,64,131072,0,0,0,0,0,memory,default,32,0,
baseline-memory,iso,lookup-batch,3,26417,64,131072,0,0,0,0,0,memory,default,32,0,
baseline-memory,iso,lookup-batch,4,26792,64,131072,0,0,0,0,0,memory,default,32,0,
baseline-memory,iso,lookup-batch,5,26833,64,131072,0,0,0,0,0,memory,default,32,0,
baseline-memory,iso,lookup-batch,6,32500,64,131072,0,0,0,0,0,memory,default,32,0,
baseline-memory,iso,lookup-batch,7,29292,64,131072,0,0,0,0,0,memory,default,32,0,
baseline-memory,iso,lookup-batch,8,31250,64,131072,0,0,0,0,0,memory,default,32,0,
baseline-memory,iso,lookup-batch,9,29208,64,131072,0,0,0,0,0,memory,default,32,0,
baseline-memory,iso,lookup-batch,10,29875,64,131072,0,0,0,0,0,memory,default,32,0,
baseline-memory,iso,lookup-batch,11,32583,64,131072,0,0,0,0,0,memory,default,32,0,
baseline-memory,iso,lookup-batch,12,29583,64,131072,0,0,0,0,0,memory,default,32,0,
baseline-memory,iso,lookup-batch,13,29458,64,131072,0,0,0,0,0,memory,default,32,0,
baseline-memory,iso,lookup-batch,14,28833,64,131072,0,0,0,0,0,memory,default,32,0,
baseline-memory,iso,lookup-batch,15,28708,64,131072,0,0,0,0,0,memory,default,32,0,
baseline-memory,iso,lookup-batch,16,28708,64,131072,0,0,0,0,0,memory,default,32,0,
baseline-memory,iso,lookup-batch,17,28584,64,131072,0,0,0,0,0,memory,default,32,0,
baseline-memory,iso,lookup-batch,18,28750,64,131072,0,0,0,0,0,memory,default,32,0,
baseline-memory,iso,lookup-batch,19,29041,64,131072,0,0,0,0,0,memory,default,32,0,
baseline-memory,iso,lookup-batch,20,28583,64,131072,0,0,0,0,0,memory,default,32,0,
baseline-memory,iso,lookup-batch,21,28792,64,131072,0,0,0,0,0,memory,default,32,0,
baseline-memory,iso,stat,1,125,1,2048,0,0,0,0,0,memory,default,32,0,
baseline-memory,iso,stat,2,125,1,2048,0,0,0,0,0,memory,default,32,0,
baseline-memory,iso,stat,3,125,1,2048,0,0,0,0,0,memory,default,32,0,
baseline-memory,iso,stat,4,125,1,2048,0,0,0,0,0,memory,default,32,0,
baseline-memory,iso,stat,5,125,1,2048,0,0,0,0,0,memory,default,32,0,
baseline-memory,iso,stat,6,125,1,2048,0,0,0,0,0,memory,default,32,0,
baseline-memory,iso,stat,7,125,1,2048,0,0,0,0,0,memory,default,32,0,
baseline-memory,iso,stat,8,125,1,2048,0,0,0,0,0,memory,default,32,0,
baseline-memory,iso,stat,9,125,1,2048,0,0,0,0,0,memory,default,32,0,
baseline-memory,iso,stat,10,125,1,2048,0,0,0,0,0,memory,default,32,0,
baseline-memory,iso,stat,11,125,1,2048,0,0,0,0,0,memory,default,32,0,
baseline-memory,iso,stat,12,125,1,2048,0,0,0,0,0,memory,default,32,0,
baseline-memory,iso,stat,13,166,1,2048,0,0,0,0,0,memory,default,32,0,
baseline-memory,iso,stat,14,125,1,2048,0,0,0,0,0,memory,default,32,0,
baseline-memory,iso,stat,15,125,1,2048,0,0,0,0,0,memory,default,32,0,
baseline-memory,iso,stat,16,125,1,2048,0,0,0,0,0,memory,default,32,0,
baseline-memory,iso,stat,17,125,1,2048,0,0,0,0,0,memory,default,32,0,
baseline-memory,iso,stat,18,125,1,2048,0,0,0,0,0,memory,default,32,0,
baseline-memory,iso,stat,19,125,1,2048,0,0,0,0,0,memory,default,32,0,
baseline-memory,iso,stat,20,125,1,2048,0,0,0,0,0,memory,default,32,0,
baseline-memory,iso,stat,21,125,1,2048,0,0,0,0,0,memory,default,32,0,
baseline-memory,iso,read-4k,1,166,2,6144,0,0,0,0,0,memory,default,32,0,
baseline-memory,iso,read-4k,2,167,2,6144,0,0,0,0,0,memory,default,32,0,
baseline-memory,iso,read-4k,3,167,2,6144,0,0,0,0,0,memory,default,32,0,
baseline-memory,iso,read-4k,4,167,2,6144,0,0,0,0,0,memory,default,32,0,
baseline-memory,iso,read-4k,5,167,2,6144,0,0,0,0,0,memory,default,32,0,
baseline-memory,iso,read-4k,6,166,2,6144,0,0,0,0,0,memory,default,32,0,
baseline-memory,iso,read-4k,7,167,2,6144,0,0,0,0,0,memory,default,32,0,
baseline-memory,iso,read-4k,8,125,2,6144,0,0,0,0,0,memory,default,32,0,
baseline-memory,iso,read-4k,9,167,2,6144,0,0,0,0,0,memory,default,32,0,
baseline-memory,iso,read-4k,10,166,2,6144,0,0,0,0,0,memory,default,32,0,
baseline-memory,iso,read-4k,11,166,2,6144,0,0,0,0,0,memory,default,32,0,
baseline-memory,iso,read-4k,12,125,2,6144,0,0,0,0,0,memory,default,32,0,
baseline-memory,iso,read-4k,13,167,2,6144,0,0,0,0,0,memory,default,32,0,
baseline-memory,iso,read-4k,14,125,2,6144,0,0,0,0,0,memory,default,32,0,
baseline-memory,iso,read-4k,15,125,2,6144,0,0,0,0,0,memory,default,32,0,
baseline-memory,iso,read-4k,16,167,2,6144,0,0,0,0,0,memory,default,32,0,
baseline-memory,iso,read-4k,17,125,2,6144,0,0,0,0,0,memory,default,32,0,
baseline-memory,iso,read-4k,18,167,2,6144,0,0,0,0,0,memory,default,32,0,
baseline-memory,iso,read-4k,19,167,2,6144,0,0,0,0,0,memory,default,32,0,
baseline-memory,iso,read-4k,20,125,2,6144,0,0,0,0,0,memory,default,32,0,
baseline-memory,iso,read-4k,21,166,2,6144,0,0,0,0,0,memory,default,32,0,
baseline-memory,iso,read-64k,1,2000,2,67584,0,0,0,0,0,memory,default,32,0,
baseline-memory,iso,read-64k,2,1958,2,67584,0,0,0,0,0,memory,default,32,0,
baseline-memory,iso,read-64k,3,1959,2,67584,0,0,0,0,0,memory,default,32,0,
baseline-memory,iso,read-64k,4,1792,2,67584,0,0,0,0,0,memory,default,32,0,
baseline-memory,iso,read-64k,5,1833,2,67584,0,0,0,0,0,memory,default,32,0,
baseline-memory,iso,read-64k,6,1792,2,67584,0,0,0,0,0,memory,default,32,0,
baseline-memory,iso,read-64k,7,1750,2,67584,0,0,0,0,0,memory,default,32,0,
baseline-memory,iso,read-64k,8,1875,2,67584,0,0,0,0,0,memory,default,32,0,
baseline-memory,iso,read-64k,9,1750,2,67584,0,0,0,0,0,memory,default,32,0,
baseline-memory,iso,read-64k,10,1792,2,67584,0,0,0,0,0,memory,default,32,0,
baseline-memory,iso,read-64k,11,1708,2,67584,0,0,0,0,0,memory,default,32,0,
baseline-memory,iso,read-64k,12,1833,2,67584,0,0,0,0,0,memory,default,32,0,
baseline-memory,iso,read-64k,13,1584,2,67584,0,0,0,0,0,memory,default,32,0,
baseline-memory,iso,read-64k,14,2250,2,67584,0,0,0,0,0,memory,default,32,0,
baseline-memory,iso,read-64k,15,2125,2,67584,0,0,0,0,0,memory,default,32,0,
baseline-memory,iso,read-64k,16,1958,2,67584,0,0,0,0,0,memory,default,32,0,
baseline-memory,iso,read-64k,17,1708,2,67584,0,0,0,0,0,memory,default,32,0,
baseline-memory,iso,read-64k,18,1875,2,67584,0,0,0,0,0,memory,default,32,0,
baseline-memory,iso,read-64k,19,1750,2,67584,0,0,0,0,0,memory,default,32,0,
baseline-memory,iso,read-64k,20,1833,2,67584,0,0,0,0,0,memory,default,32,0,
baseline-memory,iso,read-64k,21,1833,2,67584,0,0,0,0,0,memory,default,32,0,
baseline-memory,iso,read-scattered,1,750,10,30720,0,0,0,0,0,memory,default,32,0,
baseline-memory,iso,read-scattered,2,750,10,30720,0,0,0,0,0,memory,default,32,0,
baseline-memory,iso,read-scattered,3,750,10,30720,0,0,0,0,0,memory,default,32,0,
baseline-memory,iso,read-scattered,4,750,10,30720,0,0,0,0,0,memory,default,32,0,
baseline-memory,iso,read-scattered,5,708,10,30720,0,0,0,0,0,memory,default,32,0,
baseline-memory,iso,read-scattered,6,666,10,30720,0,0,0,0,0,memory,default,32,0,
baseline-memory,iso,read-scattered,7,708,10,30720,0,0,0,0,0,memory,default,32,0,
baseline-memory,iso,read-scattered,8,709,10,30720,0,0,0,0,0,memory,default,32,0,
baseline-memory,iso,read-scattered,9,708,10,30720,0,0,0,0,0,memory,default,32,0,
baseline-memory,iso,read-scattered,10,667,10,30720,0,0,0,0,0,memory,default,32,0,
baseline-memory,iso,read-scattered,11,708,10,30720,0,0,0,0,0,memory,default,32,0,
baseline-memory,iso,read-scattered,12,708,10,30720,0,0,0,0,0,memory,default,32,0,
baseline-memory,iso,read-scattered,13,708,10,30720,0,0,0,0,0,memory,default,32,0,
baseline-memory,iso,read-scattered,14,708,10,30720,0,0,0,0,0,memory,default,32,0,
baseline-memory,iso,read-scattered,15,708,10,30720,0,0,0,0,0,memory,default,32,0,
baseline-memory,iso,read-scattered,16,708,10,30720,0,0,0,0,0,memory,default,32,0,
baseline-memory,iso,read-scattered,17,750,10,30720,0,0,0,0,0,memory,default,32,0,
baseline-memory,iso,read-scattered,18,834,10,30720,0,0,0,0,0,memory,default,32,0,
baseline-memory,iso,read-scattered,19,708,10,30720,0,0,0,0,0,memory,default,32,0,
baseline-memory,iso,read-scattered,20,708,10,30720,0,0,0,0,0,memory,default,32,0,
baseline-memory,iso,read-scattered,21,708,10,30720,0,0,0,0,0,memory,default,32,0,
baseline-memory,iso,read-full,1,2292,2,133120,0,0,0,0,0,memory,default,32,0,
baseline-memory,iso,read-full,2,2291,2,133120,0,0,0,0,0,memory,default,32,0,
baseline-memory,iso,read-full,3,2292,2,133120,0,0,0,0,0,memory,default,32,0,
baseline-memory,iso,read-full,4,2291,2,133120,0,0,0,0,0,memory,default,32,0,
baseline-memory,iso,read-full,5,2250,2,133120,0,0,0,0,0,memory,default,32,0,
baseline-memory,iso,read-full,6,2334,2,133120,0,0,0,0,0,memory,default,32,0,
baseline-memory,iso,read-full,7,2250,2,133120,0,0,0,0,0,memory,default,32,0,
baseline-memory,iso,read-full,8,2333,2,133120,0,0,0,0,0,memory,default,32,0,
baseline-memory,iso,read-full,9,2416,2,133120,0,0,0,0,0,memory,default,32,0,
baseline-memory,iso,read-full,10,2292,2,133120,0,0,0,0,0,memory,default,32,0,
baseline-memory,iso,read-full,11,2459,2,133120,0,0,0,0,0,memory,default,32,0,
baseline-memory,iso,read-full,12,2375,2,133120,0,0,0,0,0,memory,default,32,0,
baseline-memory,iso,read-full,13,2417,2,133120,0,0,0,0,0,memory,default,32,0,
baseline-memory,iso,read-full,14,2292,2,133120,0,0,0,0,0,memory,default,32,0,
baseline-memory,iso,read-full,15,2333,2,133120,0,0,0,0,0,memory,default,32,0,
baseline-memory,iso,read-full,16,2292,2,133120,0,0,0,0,0,memory,default,32,0,
baseline-memory,iso,read-full,17,2334,2,133120,0,0,0,0,0,memory,default,32,0,
baseline-memory,iso,read-full,18,2291,2,133120,0,0,0,0,0,memory,default,32,0,
baseline-memory,iso,read-full,19,2333,2,133120,0,0,0,0,0,memory,default,32,0,
baseline-memory,iso,read-full,20,2292,2,133120,0,0,0,0,0,memory,default,32,0,
baseline-memory,iso,read-full,21,2291,2,133120,0,0,0,0,0,memory,default,32,0,
baseline-memory,udf,mount,1,11417,16,22016,0,0,0,0,0,memory,default,32,0,
baseline-memory,udf,mount,2,11333,16,22016,0,0,0,0,0,memory,default,32,0,
baseline-memory,udf,mount,3,11292,16,22016,0,0,0,0,0,memory,default,32,0,
baseline-memory,udf,mount,4,11250,16,22016,0,0,0,0,0,memory,default,32,0,
baseline-memory,udf,mount,5,11375,16,22016,0,0,0,0,0,memory,default,32,0,
baseline-memory,udf,mount,6,11333,16,22016,0,0,0,0,0,memory,default,32,0,
baseline-memory,udf,mount,7,11250,16,22016,0,0,0,0,0,memory,default,32,0,
baseline-memory,udf,mount,8,11417,16,22016,0,0,0,0,0,memory,default,32,0,
baseline-memory,udf,mount,9,11208,16,22016,0,0,0,0,0,memory,default,32,0,
baseline-memory,udf,mount,10,11250,16,22016,0,0,0,0,0,memory,default,32,0,
baseline-memory,udf,mount,11,11250,16,22016,0,0,0,0,0,memory,default,32,0,
baseline-memory,udf,mount,12,11208,16,22016,0,0,0,0,0,memory,default,32,0,
baseline-memory,udf,mount,13,11209,16,22016,0,0,0,0,0,memory,default,32,0,
baseline-memory,udf,mount,14,11250,16,22016,0,0,0,0,0,memory,default,32,0,
baseline-memory,udf,mount,15,11292,16,22016,0,0,0,0,0,memory,default,32,0,
baseline-memory,udf,mount,16,11250,16,22016,0,0,0,0,0,memory,default,32,0,
baseline-memory,udf,mount,17,11208,16,22016,0,0,0,0,0,memory,default,32,0,
baseline-memory,udf,mount,18,11250,16,22016,0,0,0,0,0,memory,default,32,0,
baseline-memory,udf,mount,19,11250,16,22016,0,0,0,0,0,memory,default,32,0,
baseline-memory,udf,mount,20,11250,16,22016,0,0,0,0,0,memory,default,32,0,
baseline-memory,udf,mount,21,11417,16,22016,0,0,0,0,0,memory,default,32,0,
baseline-memory,udf,list,1,65042,138,173568,0,0,0,0,0,memory,default,32,0,
baseline-memory,udf,list,2,64792,138,173568,0,0,0,0,0,memory,default,32,0,
baseline-memory,udf,list,3,70458,138,173568,0,0,0,0,0,memory,default,32,0,
baseline-memory,udf,list,4,71083,138,173568,0,0,0,0,0,memory,default,32,0,
baseline-memory,udf,list,5,71333,138,173568,0,0,0,0,0,memory,default,32,0,
baseline-memory,udf,list,6,70917,138,173568,0,0,0,0,0,memory,default,32,0,
baseline-memory,udf,list,7,70791,138,173568,0,0,0,0,0,memory,default,32,0,
baseline-memory,udf,list,8,74625,138,173568,0,0,0,0,0,memory,default,32,0,
baseline-memory,udf,list,9,112708,138,173568,0,0,0,0,0,memory,default,32,0,
baseline-memory,udf,list,10,75542,138,173568,0,0,0,0,0,memory,default,32,0,
baseline-memory,udf,list,11,70792,138,173568,0,0,0,0,0,memory,default,32,0,
baseline-memory,udf,list,12,75125,138,173568,0,0,0,0,0,memory,default,32,0,
baseline-memory,udf,list,13,74250,138,173568,0,0,0,0,0,memory,default,32,0,
baseline-memory,udf,list,14,70917,138,173568,0,0,0,0,0,memory,default,32,0,
baseline-memory,udf,list,15,71417,138,173568,0,0,0,0,0,memory,default,32,0,
baseline-memory,udf,list,16,71167,138,173568,0,0,0,0,0,memory,default,32,0,
baseline-memory,udf,list,17,70875,138,173568,0,0,0,0,0,memory,default,32,0,
baseline-memory,udf,list,18,69166,138,173568,0,0,0,0,0,memory,default,32,0,
baseline-memory,udf,list,19,64792,138,173568,0,0,0,0,0,memory,default,32,0,
baseline-memory,udf,list,20,68542,138,173568,0,0,0,0,0,memory,default,32,0,
baseline-memory,udf,list,21,64625,138,173568,0,0,0,0,0,memory,default,32,0,
baseline-memory,udf,lookup-last,1,11000,72,38400,0,0,0,0,0,memory,default,32,0,
baseline-memory,udf,lookup-last,2,10959,72,38400,0,0,0,0,0,memory,default,32,0,
baseline-memory,udf,lookup-last,3,10958,72,38400,0,0,0,0,0,memory,default,32,0,
baseline-memory,udf,lookup-last,4,10959,72,38400,0,0,0,0,0,memory,default,32,0,
baseline-memory,udf,lookup-last,5,11042,72,38400,0,0,0,0,0,memory,default,32,0,
baseline-memory,udf,lookup-last,6,11042,72,38400,0,0,0,0,0,memory,default,32,0,
baseline-memory,udf,lookup-last,7,11000,72,38400,0,0,0,0,0,memory,default,32,0,
baseline-memory,udf,lookup-last,8,11750,72,38400,0,0,0,0,0,memory,default,32,0,
baseline-memory,udf,lookup-last,9,11875,72,38400,0,0,0,0,0,memory,default,32,0,
baseline-memory,udf,lookup-last,10,11500,72,38400,0,0,0,0,0,memory,default,32,0,
baseline-memory,udf,lookup-last,11,11542,72,38400,0,0,0,0,0,memory,default,32,0,
baseline-memory,udf,lookup-last,12,11542,72,38400,0,0,0,0,0,memory,default,32,0,
baseline-memory,udf,lookup-last,13,11542,72,38400,0,0,0,0,0,memory,default,32,0,
baseline-memory,udf,lookup-last,14,11583,72,38400,0,0,0,0,0,memory,default,32,0,
baseline-memory,udf,lookup-last,15,11542,72,38400,0,0,0,0,0,memory,default,32,0,
baseline-memory,udf,lookup-last,16,11542,72,38400,0,0,0,0,0,memory,default,32,0,
baseline-memory,udf,lookup-last,17,11541,72,38400,0,0,0,0,0,memory,default,32,0,
baseline-memory,udf,lookup-last,18,11583,72,38400,0,0,0,0,0,memory,default,32,0,
baseline-memory,udf,lookup-last,19,11625,72,38400,0,0,0,0,0,memory,default,32,0,
baseline-memory,udf,lookup-last,20,11583,72,38400,0,0,0,0,0,memory,default,32,0,
baseline-memory,udf,lookup-last,21,11542,72,38400,0,0,0,0,0,memory,default,32,0,
baseline-memory,udf,lookup-miss,1,11542,72,38400,0,0,0,0,0,memory,default,32,0,
baseline-memory,udf,lookup-miss,2,11625,72,38400,0,0,0,0,0,memory,default,32,0,
baseline-memory,udf,lookup-miss,3,11583,72,38400,0,0,0,0,0,memory,default,32,0,
baseline-memory,udf,lookup-miss,4,11625,72,38400,0,0,0,0,0,memory,default,32,0,
baseline-memory,udf,lookup-miss,5,14208,72,38400,0,0,0,0,0,memory,default,32,0,
baseline-memory,udf,lookup-miss,6,11833,72,38400,0,0,0,0,0,memory,default,32,0,
baseline-memory,udf,lookup-miss,7,12167,72,38400,0,0,0,0,0,memory,default,32,0,
baseline-memory,udf,lookup-miss,8,15166,72,38400,0,0,0,0,0,memory,default,32,0,
baseline-memory,udf,lookup-miss,9,10833,72,38400,0,0,0,0,0,memory,default,32,0,
baseline-memory,udf,lookup-miss,10,10833,72,38400,0,0,0,0,0,memory,default,32,0,
baseline-memory,udf,lookup-miss,11,10875,72,38400,0,0,0,0,0,memory,default,32,0,
baseline-memory,udf,lookup-miss,12,10833,72,38400,0,0,0,0,0,memory,default,32,0,
baseline-memory,udf,lookup-miss,13,10792,72,38400,0,0,0,0,0,memory,default,32,0,
baseline-memory,udf,lookup-miss,14,10833,72,38400,0,0,0,0,0,memory,default,32,0,
baseline-memory,udf,lookup-miss,15,10833,72,38400,0,0,0,0,0,memory,default,32,0,
baseline-memory,udf,lookup-miss,16,10875,72,38400,0,0,0,0,0,memory,default,32,0,
baseline-memory,udf,lookup-miss,17,10875,72,38400,0,0,0,0,0,memory,default,32,0,
baseline-memory,udf,lookup-miss,18,10833,72,38400,0,0,0,0,0,memory,default,32,0,
baseline-memory,udf,lookup-miss,19,10834,72,38400,0,0,0,0,0,memory,default,32,0,
baseline-memory,udf,lookup-miss,20,10875,72,38400,0,0,0,0,0,memory,default,32,0,
baseline-memory,udf,lookup-miss,21,11000,72,38400,0,0,0,0,0,memory,default,32,0,
baseline-memory,udf,lookup-last-warm,1,10834,72,38400,0,0,0,0,0,memory,default,32,0,
baseline-memory,udf,lookup-last-warm,2,10875,72,38400,0,0,0,0,0,memory,default,32,0,
baseline-memory,udf,lookup-last-warm,3,12625,72,38400,0,0,0,0,0,memory,default,32,0,
baseline-memory,udf,lookup-last-warm,4,14959,72,38400,0,0,0,0,0,memory,default,32,0,
baseline-memory,udf,lookup-last-warm,5,12167,72,38400,0,0,0,0,0,memory,default,32,0,
baseline-memory,udf,lookup-last-warm,6,11375,72,38400,0,0,0,0,0,memory,default,32,0,
baseline-memory,udf,lookup-last-warm,7,12875,72,38400,0,0,0,0,0,memory,default,32,0,
baseline-memory,udf,lookup-last-warm,8,11042,72,38400,0,0,0,0,0,memory,default,32,0,
baseline-memory,udf,lookup-last-warm,9,14209,72,38400,0,0,0,0,0,memory,default,32,0,
baseline-memory,udf,lookup-last-warm,10,11125,72,38400,0,0,0,0,0,memory,default,32,0,
baseline-memory,udf,lookup-last-warm,11,15000,72,38400,0,0,0,0,0,memory,default,32,0,
baseline-memory,udf,lookup-last-warm,12,10750,72,38400,0,0,0,0,0,memory,default,32,0,
baseline-memory,udf,lookup-last-warm,13,10708,72,38400,0,0,0,0,0,memory,default,32,0,
baseline-memory,udf,lookup-last-warm,14,10791,72,38400,0,0,0,0,0,memory,default,32,0,
baseline-memory,udf,lookup-last-warm,15,10875,72,38400,0,0,0,0,0,memory,default,32,0,
baseline-memory,udf,lookup-last-warm,16,10875,72,38400,0,0,0,0,0,memory,default,32,0,
baseline-memory,udf,lookup-last-warm,17,10792,72,38400,0,0,0,0,0,memory,default,32,0,
baseline-memory,udf,lookup-last-warm,18,10750,72,38400,0,0,0,0,0,memory,default,32,0,
baseline-memory,udf,lookup-last-warm,19,10750,72,38400,0,0,0,0,0,memory,default,32,0,
baseline-memory,udf,lookup-last-warm,20,10791,72,38400,0,0,0,0,0,memory,default,32,0,
baseline-memory,udf,lookup-last-warm,21,10750,72,38400,0,0,0,0,0,memory,default,32,0,
baseline-memory,udf,lookup-batch,1,193334,1193,659968,0,0,0,0,0,memory,default,32,0,
baseline-memory,udf,lookup-batch,2,194625,1193,659968,0,0,0,0,0,memory,default,32,0,
baseline-memory,udf,lookup-batch,3,227167,1193,659968,0,0,0,0,0,memory,default,32,0,
baseline-memory,udf,lookup-batch,4,190250,1193,659968,0,0,0,0,0,memory,default,32,0,
baseline-memory,udf,lookup-batch,5,193958,1193,659968,0,0,0,0,0,memory,default,32,0,
baseline-memory,udf,lookup-batch,6,190667,1193,659968,0,0,0,0,0,memory,default,32,0,
baseline-memory,udf,lookup-batch,7,190625,1193,659968,0,0,0,0,0,memory,default,32,0,
baseline-memory,udf,lookup-batch,8,190667,1193,659968,0,0,0,0,0,memory,default,32,0,
baseline-memory,udf,lookup-batch,9,196042,1193,659968,0,0,0,0,0,memory,default,32,0,
baseline-memory,udf,lookup-batch,10,193667,1193,659968,0,0,0,0,0,memory,default,32,0,
baseline-memory,udf,lookup-batch,11,210042,1193,659968,0,0,0,0,0,memory,default,32,0,
baseline-memory,udf,lookup-batch,12,210541,1193,659968,0,0,0,0,0,memory,default,32,0,
baseline-memory,udf,lookup-batch,13,221917,1193,659968,0,0,0,0,0,memory,default,32,0,
baseline-memory,udf,lookup-batch,14,204208,1193,659968,0,0,0,0,0,memory,default,32,0,
baseline-memory,udf,lookup-batch,15,195125,1193,659968,0,0,0,0,0,memory,default,32,0,
baseline-memory,udf,lookup-batch,16,206125,1193,659968,0,0,0,0,0,memory,default,32,0,
baseline-memory,udf,lookup-batch,17,195292,1193,659968,0,0,0,0,0,memory,default,32,0,
baseline-memory,udf,lookup-batch,18,195625,1193,659968,0,0,0,0,0,memory,default,32,0,
baseline-memory,udf,lookup-batch,19,198000,1193,659968,0,0,0,0,0,memory,default,32,0,
baseline-memory,udf,lookup-batch,20,215500,1193,659968,0,0,0,0,0,memory,default,32,0,
baseline-memory,udf,lookup-batch,21,207750,1193,659968,0,0,0,0,0,memory,default,32,0,
baseline-memory,udf,stat,1,834,1,2048,0,0,0,0,0,memory,default,32,0,
baseline-memory,udf,stat,2,792,1,2048,0,0,0,0,0,memory,default,32,0,
baseline-memory,udf,stat,3,791,1,2048,0,0,0,0,0,memory,default,32,0,
baseline-memory,udf,stat,4,792,1,2048,0,0,0,0,0,memory,default,32,0,
baseline-memory,udf,stat,5,791,1,2048,0,0,0,0,0,memory,default,32,0,
baseline-memory,udf,stat,6,792,1,2048,0,0,0,0,0,memory,default,32,0,
baseline-memory,udf,stat,7,792,1,2048,0,0,0,0,0,memory,default,32,0,
baseline-memory,udf,stat,8,750,1,2048,0,0,0,0,0,memory,default,32,0,
baseline-memory,udf,stat,9,791,1,2048,0,0,0,0,0,memory,default,32,0,
baseline-memory,udf,stat,10,750,1,2048,0,0,0,0,0,memory,default,32,0,
baseline-memory,udf,stat,11,792,1,2048,0,0,0,0,0,memory,default,32,0,
baseline-memory,udf,stat,12,958,1,2048,0,0,0,0,0,memory,default,32,0,
baseline-memory,udf,stat,13,791,1,2048,0,0,0,0,0,memory,default,32,0,
baseline-memory,udf,stat,14,791,1,2048,0,0,0,0,0,memory,default,32,0,
baseline-memory,udf,stat,15,792,1,2048,0,0,0,0,0,memory,default,32,0,
baseline-memory,udf,stat,16,792,1,2048,0,0,0,0,0,memory,default,32,0,
baseline-memory,udf,stat,17,792,1,2048,0,0,0,0,0,memory,default,32,0,
baseline-memory,udf,stat,18,792,1,2048,0,0,0,0,0,memory,default,32,0,
baseline-memory,udf,stat,19,791,1,2048,0,0,0,0,0,memory,default,32,0,
baseline-memory,udf,stat,20,1000,1,2048,0,0,0,0,0,memory,default,32,0,
baseline-memory,udf,stat,21,1000,1,2048,0,0,0,0,0,memory,default,32,0,
baseline-memory,udf,read-4k,1,875,2,6144,0,0,0,0,0,memory,default,32,0,
baseline-memory,udf,read-4k,2,1000,2,6144,0,0,0,0,0,memory,default,32,0,
baseline-memory,udf,read-4k,3,1000,2,6144,0,0,0,0,0,memory,default,32,0,
baseline-memory,udf,read-4k,4,917,2,6144,0,0,0,0,0,memory,default,32,0,
baseline-memory,udf,read-4k,5,875,2,6144,0,0,0,0,0,memory,default,32,0,
baseline-memory,udf,read-4k,6,917,2,6144,0,0,0,0,0,memory,default,32,0,
baseline-memory,udf,read-4k,7,875,2,6144,0,0,0,0,0,memory,default,32,0,
baseline-memory,udf,read-4k,8,1125,2,6144,0,0,0,0,0,memory,default,32,0,
baseline-memory,udf,read-4k,9,916,2,6144,0,0,0,0,0,memory,default,32,0,
baseline-memory,udf,read-4k,10,875,2,6144,0,0,0,0,0,memory,default,32,0,
baseline-memory,udf,read-4k,11,917,2,6144,0,0,0,0,0,memory,default,32,0,
baseline-memory,udf,read-4k,12,875,2,6144,0,0,0,0,0,memory,default,32,0,
baseline-memory,udf,read-4k,13,916,2,6144,0,0,0,0,0,memory,default,32,0,
baseline-memory,udf,read-4k,14,875,2,6144,0,0,0,0,0,memory,default,32,0,
baseline-memory,udf,read-4k,15,875,2,6144,0,0,0,0,0,memory,default,32,0,
baseline-memory,udf,read-4k,16,875,2,6144,0,0,0,0,0,memory,default,32,0,
baseline-memory,udf,read-4k,17,875,2,6144,0,0,0,0,0,memory,default,32,0,
baseline-memory,udf,read-4k,18,834,2,6144,0,0,0,0,0,memory,default,32,0,
baseline-memory,udf,read-4k,19,875,2,6144,0,0,0,0,0,memory,default,32,0,
baseline-memory,udf,read-4k,20,916,2,6144,0,0,0,0,0,memory,default,32,0,
baseline-memory,udf,read-4k,21,875,2,6144,0,0,0,0,0,memory,default,32,0,
baseline-memory,udf,read-64k,1,2416,2,67584,0,0,0,0,0,memory,default,32,0,
baseline-memory,udf,read-64k,2,2459,2,67584,0,0,0,0,0,memory,default,32,0,
baseline-memory,udf,read-64k,3,2334,2,67584,0,0,0,0,0,memory,default,32,0,
baseline-memory,udf,read-64k,4,2500,2,67584,0,0,0,0,0,memory,default,32,0,
baseline-memory,udf,read-64k,5,2250,2,67584,0,0,0,0,0,memory,default,32,0,
baseline-memory,udf,read-64k,6,2500,2,67584,0,0,0,0,0,memory,default,32,0,
baseline-memory,udf,read-64k,7,2292,2,67584,0,0,0,0,0,memory,default,32,0,
baseline-memory,udf,read-64k,8,2375,2,67584,0,0,0,0,0,memory,default,32,0,
baseline-memory,udf,read-64k,9,2375,2,67584,0,0,0,0,0,memory,default,32,0,
baseline-memory,udf,read-64k,10,2834,2,67584,0,0,0,0,0,memory,default,32,0,
baseline-memory,udf,read-64k,11,2666,2,67584,0,0,0,0,0,memory,default,32,0,
baseline-memory,udf,read-64k,12,2583,2,67584,0,0,0,0,0,memory,default,32,0,
baseline-memory,udf,read-64k,13,2333,2,67584,0,0,0,0,0,memory,default,32,0,
baseline-memory,udf,read-64k,14,2333,2,67584,0,0,0,0,0,memory,default,32,0,
baseline-memory,udf,read-64k,15,2291,2,67584,0,0,0,0,0,memory,default,32,0,
baseline-memory,udf,read-64k,16,2292,2,67584,0,0,0,0,0,memory,default,32,0,
baseline-memory,udf,read-64k,17,2250,2,67584,0,0,0,0,0,memory,default,32,0,
baseline-memory,udf,read-64k,18,2292,2,67584,0,0,0,0,0,memory,default,32,0,
baseline-memory,udf,read-64k,19,2417,2,67584,0,0,0,0,0,memory,default,32,0,
baseline-memory,udf,read-64k,20,2250,2,67584,0,0,0,0,0,memory,default,32,0,
baseline-memory,udf,read-64k,21,2292,2,67584,0,0,0,0,0,memory,default,32,0,
baseline-memory,udf,read-scattered,1,5916,10,30720,0,0,0,0,0,memory,default,32,0,
baseline-memory,udf,read-scattered,2,4583,10,30720,0,0,0,0,0,memory,default,32,0,
baseline-memory,udf,read-scattered,3,4250,10,30720,0,0,0,0,0,memory,default,32,0,
baseline-memory,udf,read-scattered,4,4125,10,30720,0,0,0,0,0,memory,default,32,0,
baseline-memory,udf,read-scattered,5,4125,10,30720,0,0,0,0,0,memory,default,32,0,
baseline-memory,udf,read-scattered,6,4083,10,30720,0,0,0,0,0,memory,default,32,0,
baseline-memory,udf,read-scattered,7,4125,10,30720,0,0,0,0,0,memory,default,32,0,
baseline-memory,udf,read-scattered,8,4083,10,30720,0,0,0,0,0,memory,default,32,0,
baseline-memory,udf,read-scattered,9,4125,10,30720,0,0,0,0,0,memory,default,32,0,
baseline-memory,udf,read-scattered,10,4084,10,30720,0,0,0,0,0,memory,default,32,0,
baseline-memory,udf,read-scattered,11,4084,10,30720,0,0,0,0,0,memory,default,32,0,
baseline-memory,udf,read-scattered,12,4083,10,30720,0,0,0,0,0,memory,default,32,0,
baseline-memory,udf,read-scattered,13,4084,10,30720,0,0,0,0,0,memory,default,32,0,
baseline-memory,udf,read-scattered,14,4083,10,30720,0,0,0,0,0,memory,default,32,0,
baseline-memory,udf,read-scattered,15,4083,10,30720,0,0,0,0,0,memory,default,32,0,
baseline-memory,udf,read-scattered,16,4084,10,30720,0,0,0,0,0,memory,default,32,0,
baseline-memory,udf,read-scattered,17,4041,10,30720,0,0,0,0,0,memory,default,32,0,
baseline-memory,udf,read-scattered,18,4083,10,30720,0,0,0,0,0,memory,default,32,0,
baseline-memory,udf,read-scattered,19,4084,10,30720,0,0,0,0,0,memory,default,32,0,
baseline-memory,udf,read-scattered,20,4083,10,30720,0,0,0,0,0,memory,default,32,0,
baseline-memory,udf,read-scattered,21,4083,10,30720,0,0,0,0,0,memory,default,32,0,
baseline-memory,udf,read-full,1,12375,2,133120,0,0,0,0,0,memory,default,32,0,
baseline-memory,udf,read-full,2,2833,2,133120,0,0,0,0,0,memory,default,32,0,
baseline-memory,udf,read-full,3,3292,2,133120,0,0,0,0,0,memory,default,32,0,
baseline-memory,udf,read-full,4,2917,2,133120,0,0,0,0,0,memory,default,32,0,
baseline-memory,udf,read-full,5,2875,2,133120,0,0,0,0,0,memory,default,32,0,
baseline-memory,udf,read-full,6,4042,2,133120,0,0,0,0,0,memory,default,32,0,
baseline-memory,udf,read-full,7,4083,2,133120,0,0,0,0,0,memory,default,32,0,
baseline-memory,udf,read-full,8,3459,2,133120,0,0,0,0,0,memory,default,32,0,
baseline-memory,udf,read-full,9,3958,2,133120,0,0,0,0,0,memory,default,32,0,
baseline-memory,udf,read-full,10,4083,2,133120,0,0,0,0,0,memory,default,32,0,
baseline-memory,udf,read-full,11,2834,2,133120,0,0,0,0,0,memory,default,32,0,
baseline-memory,udf,read-full,12,2834,2,133120,0,0,0,0,0,memory,default,32,0,
baseline-memory,udf,read-full,13,2959,2,133120,0,0,0,0,0,memory,default,32,0,
baseline-memory,udf,read-full,14,2875,2,133120,0,0,0,0,0,memory,default,32,0,
baseline-memory,udf,read-full,15,2875,2,133120,0,0,0,0,0,memory,default,32,0,
baseline-memory,udf,read-full,16,2875,2,133120,0,0,0,0,0,memory,default,32,0,
baseline-memory,udf,read-full,17,2833,2,133120,0,0,0,0,0,memory,default,32,0,
baseline-memory,udf,read-full,18,2916,2,133120,0,0,0,0,0,memory,default,32,0,
baseline-memory,udf,read-full,19,2875,2,133120,0,0,0,0,0,memory,default,32,0,
baseline-memory,udf,read-full,20,2833,2,133120,0,0,0,0,0,memory,default,32,0,
baseline-memory,udf,read-full,21,2875,2,133120,0,0,0,0,0,memory,default,32,0,
exfat-1000-file,exfat,mount,1,63792,27,13824,0,0,0,0,0,file,default,1000,0,2490368
exfat-1000-file,exfat,mount,2,59125,27,13824,0,0,0,0,0,file,default,1000,0,2490368
exfat-1000-file,exfat,mount,3,66500,27,13824,0,0,0,0,0,file,default,1000,0,2490368
exfat-1000-file,exfat,mount,4,59375,27,13824,0,0,0,0,0,file,default,1000,0,2490368
exfat-1000-file,exfat,mount,5,63583,27,13824,0,0,0,0,0,file,default,1000,0,2490368
exfat-1000-file,exfat,list,1,407166,211,108032,0,0,0,0,0,file,default,1000,0,3702784
exfat-1000-file,exfat,list,2,385292,211,108032,0,0,0,0,0,file,default,1000,0,3719168
exfat-1000-file,exfat,list,3,406083,211,108032,0,0,0,0,0,file,default,1000,0,3719168
exfat-1000-file,exfat,list,4,388375,211,108032,0,0,0,0,0,file,default,1000,0,3719168
exfat-1000-file,exfat,list,5,398500,211,108032,0,0,0,0,0,file,default,1000,0,3702784
exfat-1000-file,exfat,lookup-last,1,165208,211,108032,0,0,0,0,0,file,default,1000,0,2572288
exfat-1000-file,exfat,lookup-last,2,170750,211,108032,0,0,0,0,0,file,default,1000,0,2572288
exfat-1000-file,exfat,lookup-last,3,168125,211,108032,0,0,0,0,0,file,default,1000,0,2572288
exfat-1000-file,exfat,lookup-last,4,156083,211,108032,0,0,0,0,0,file,default,1000,0,2572288
exfat-1000-file,exfat,lookup-last,5,150000,211,108032,0,0,0,0,0,file,default,1000,0,2572288
exfat-1000-file,exfat,lookup-miss,1,153416,211,108032,0,0,0,0,0,file,default,1000,0,2555904
exfat-1000-file,exfat,lookup-miss,2,144833,211,108032,0,0,0,0,0,file,default,1000,0,2555904
exfat-1000-file,exfat,lookup-miss,3,142500,211,108032,0,0,0,0,0,file,default,1000,0,2555904
exfat-1000-file,exfat,lookup-miss,4,152917,211,108032,0,0,0,0,0,file,default,1000,0,2555904
exfat-1000-file,exfat,lookup-miss,5,171416,211,108032,0,0,0,0,0,file,default,1000,0,2555904
exfat-1000-file,exfat,lookup-last-warm,1,178209,211,108032,0,0,0,0,0,file,default,1000,0,2572288
exfat-1000-file,exfat,lookup-last-warm,2,143791,211,108032,0,0,0,0,0,file,default,1000,0,2572288
exfat-1000-file,exfat,lookup-last-warm,3,153750,211,108032,0,0,0,0,0,file,default,1000,0,2572288
exfat-1000-file,exfat,lookup-last-warm,4,143666,211,108032,0,0,0,0,0,file,default,1000,0,2572288
exfat-1000-file,exfat,lookup-last-warm,5,162458,211,108032,0,0,0,0,0,file,default,1000,0,2572288
exfat-1000-file,exfat,lookup-batch,1,79980375,105751,54144512,0,0,0,0,0,file,default,1000,0,2686976
exfat-1000-file,exfat,lookup-batch,2,79688083,105751,54144512,0,0,0,0,0,file,default,1000,0,2670592
exfat-1000-file,exfat,lookup-batch,3,79170250,105751,54144512,0,0,0,0,0,file,default,1000,0,2670592
exfat-1000-file,exfat,lookup-batch,4,79314917,105751,54144512,0,0,0,0,0,file,default,1000,0,2670592
exfat-1000-file,exfat,lookup-batch,5,81093417,105751,54144512,0,0,0,0,0,file,default,1000,0,2670592
exfat-1000-file,exfat,stat,1,167,0,0,0,0,0,0,0,file,default,1000,0,2572288
exfat-1000-file,exfat,stat,2,208,0,0,0,0,0,0,0,file,default,1000,0,2572288
exfat-1000-file,exfat,stat,3,167,0,0,0,0,0,0,0,file,default,1000,0,2572288
exfat-1000-file,exfat,stat,4,208,0,0,0,0,0,0,0,file,default,1000,0,2572288
exfat-1000-file,exfat,stat,5,333,0,0,0,0,0,0,0,file,default,1000,0,2572288
exfat-1000-file,exfat,read-4k,1,875,1,4096,0,0,0,0,0,file,default,1000,0,2605056
exfat-1000-file,exfat,read-4k,2,792,1,4096,0,0,0,0,0,file,default,1000,0,2588672
exfat-1000-file,exfat,read-4k,3,792,1,4096,0,0,0,0,0,file,default,1000,0,2588672
exfat-1000-file,exfat,read-4k,4,750,1,4096,0,0,0,0,0,file,default,1000,0,2588672
exfat-1000-file,exfat,read-4k,5,1000,1,4096,0,0,0,0,0,file,default,1000,0,2605056
exfat-1000-file,exfat,read-64k,1,3083,2,66048,0,0,0,0,0,file,default,1000,0,2654208
exfat-1000-file,exfat,read-64k,2,3125,2,66048,0,0,0,0,0,file,default,1000,0,2654208
exfat-1000-file,exfat,read-64k,3,3250,2,66048,0,0,0,0,0,file,default,1000,0,2654208
exfat-1000-file,exfat,read-64k,4,4083,2,66048,0,0,0,0,0,file,default,1000,0,2654208
exfat-1000-file,exfat,read-64k,5,3166,2,66048,0,0,0,0,0,file,default,1000,0,2654208
exfat-1000-file,exfat,read-scattered,1,5000,6,20992,0,0,0,0,0,file,default,1000,0,2572288
exfat-1000-file,exfat,read-scattered,2,4334,6,20992,0,0,0,0,0,file,default,1000,0,2572288
exfat-1000-file,exfat,read-scattered,3,4792,6,20992,0,0,0,0,0,file,default,1000,0,2572288
exfat-1000-file,exfat,read-scattered,4,5292,6,20992,0,0,0,0,0,file,default,1000,0,2572288
exfat-1000-file,exfat,read-scattered,5,5000,6,20992,0,0,0,0,0,file,default,1000,0,2572288
exfat-1000-file,exfat,read-full,1,5208,2,131584,0,0,0,0,0,file,default,1000,0,2719744
exfat-1000-file,exfat,read-full,2,4625,2,131584,0,0,0,0,0,file,default,1000,0,2719744
exfat-1000-file,exfat,read-full,3,4625,2,131584,0,0,0,0,0,file,default,1000,0,2719744
exfat-1000-file,exfat,read-full,4,4625,2,131584,0,0,0,0,0,file,default,1000,0,2719744
exfat-1000-file,exfat,read-full,5,5000,2,131584,0,0,0,0,0,file,default,1000,0,2719744
exfat-1000-memory,exfat,mount,1,47792,27,13824,0,0,0,0,0,memory,default,1000,0,
exfat-1000-memory,exfat,mount,2,47666,27,13824,0,0,0,0,0,memory,default,1000,0,
exfat-1000-memory,exfat,mount,3,47000,27,13824,0,0,0,0,0,memory,default,1000,0,
exfat-1000-memory,exfat,mount,4,47083,27,13824,0,0,0,0,0,memory,default,1000,0,
exfat-1000-memory,exfat,mount,5,47000,27,13824,0,0,0,0,0,memory,default,1000,0,
exfat-1000-memory,exfat,mount,6,46958,27,13824,0,0,0,0,0,memory,default,1000,0,
exfat-1000-memory,exfat,mount,7,46917,27,13824,0,0,0,0,0,memory,default,1000,0,
exfat-1000-memory,exfat,mount,8,46959,27,13824,0,0,0,0,0,memory,default,1000,0,
exfat-1000-memory,exfat,mount,9,47000,27,13824,0,0,0,0,0,memory,default,1000,0,
exfat-1000-memory,exfat,mount,10,46916,27,13824,0,0,0,0,0,memory,default,1000,0,
exfat-1000-memory,exfat,mount,11,46958,27,13824,0,0,0,0,0,memory,default,1000,0,
exfat-1000-memory,exfat,mount,12,46958,27,13824,0,0,0,0,0,memory,default,1000,0,
exfat-1000-memory,exfat,mount,13,46917,27,13824,0,0,0,0,0,memory,default,1000,0,
exfat-1000-memory,exfat,mount,14,46917,27,13824,0,0,0,0,0,memory,default,1000,0,
exfat-1000-memory,exfat,mount,15,46958,27,13824,0,0,0,0,0,memory,default,1000,0,
exfat-1000-memory,exfat,mount,16,46958,27,13824,0,0,0,0,0,memory,default,1000,0,
exfat-1000-memory,exfat,mount,17,47083,27,13824,0,0,0,0,0,memory,default,1000,0,
exfat-1000-memory,exfat,mount,18,47000,27,13824,0,0,0,0,0,memory,default,1000,0,
exfat-1000-memory,exfat,mount,19,46916,27,13824,0,0,0,0,0,memory,default,1000,0,
exfat-1000-memory,exfat,mount,20,46958,27,13824,0,0,0,0,0,memory,default,1000,0,
exfat-1000-memory,exfat,mount,21,46958,27,13824,0,0,0,0,0,memory,default,1000,0,
exfat-1000-memory,exfat,list,1,267834,211,108032,0,0,0,0,0,memory,default,1000,0,
exfat-1000-memory,exfat,list,2,284750,211,108032,0,0,0,0,0,memory,default,1000,0,
exfat-1000-memory,exfat,list,3,283666,211,108032,0,0,0,0,0,memory,default,1000,0,
exfat-1000-memory,exfat,list,4,281000,211,108032,0,0,0,0,0,memory,default,1000,0,
exfat-1000-memory,exfat,list,5,279417,211,108032,0,0,0,0,0,memory,default,1000,0,
exfat-1000-memory,exfat,list,6,283084,211,108032,0,0,0,0,0,memory,default,1000,0,
exfat-1000-memory,exfat,list,7,284000,211,108032,0,0,0,0,0,memory,default,1000,0,
exfat-1000-memory,exfat,list,8,280542,211,108032,0,0,0,0,0,memory,default,1000,0,
exfat-1000-memory,exfat,list,9,275625,211,108032,0,0,0,0,0,memory,default,1000,0,
exfat-1000-memory,exfat,list,10,282917,211,108032,0,0,0,0,0,memory,default,1000,0,
exfat-1000-memory,exfat,list,11,280041,211,108032,0,0,0,0,0,memory,default,1000,0,
exfat-1000-memory,exfat,list,12,280708,211,108032,0,0,0,0,0,memory,default,1000,0,
exfat-1000-memory,exfat,list,13,299083,211,108032,0,0,0,0,0,memory,default,1000,0,
exfat-1000-memory,exfat,list,14,267750,211,108032,0,0,0,0,0,memory,default,1000,0,
exfat-1000-memory,exfat,list,15,274875,211,108032,0,0,0,0,0,memory,default,1000,0,
exfat-1000-memory,exfat,list,16,291583,211,108032,0,0,0,0,0,memory,default,1000,0,
exfat-1000-memory,exfat,list,17,264708,211,108032,0,0,0,0,0,memory,default,1000,0,
exfat-1000-memory,exfat,list,18,267084,211,108032,0,0,0,0,0,memory,default,1000,0,
exfat-1000-memory,exfat,list,19,285750,211,108032,0,0,0,0,0,memory,default,1000,0,
exfat-1000-memory,exfat,list,20,273709,211,108032,0,0,0,0,0,memory,default,1000,0,
exfat-1000-memory,exfat,list,21,279125,211,108032,0,0,0,0,0,memory,default,1000,0,
exfat-1000-memory,exfat,lookup-last,1,40875,211,108032,0,0,0,0,0,memory,default,1000,0,
exfat-1000-memory,exfat,lookup-last,2,40958,211,108032,0,0,0,0,0,memory,default,1000,0,
exfat-1000-memory,exfat,lookup-last,3,38958,211,108032,0,0,0,0,0,memory,default,1000,0,
exfat-1000-memory,exfat,lookup-last,4,38792,211,108032,0,0,0,0,0,memory,default,1000,0,
exfat-1000-memory,exfat,lookup-last,5,39000,211,108032,0,0,0,0,0,memory,default,1000,0,
exfat-1000-memory,exfat,lookup-last,6,47375,211,108032,0,0,0,0,0,memory,default,1000,0,
exfat-1000-memory,exfat,lookup-last,7,40500,211,108032,0,0,0,0,0,memory,default,1000,0,
exfat-1000-memory,exfat,lookup-last,8,45541,211,108032,0,0,0,0,0,memory,default,1000,0,
exfat-1000-memory,exfat,lookup-last,9,43667,211,108032,0,0,0,0,0,memory,default,1000,0,
exfat-1000-memory,exfat,lookup-last,10,39250,211,108032,0,0,0,0,0,memory,default,1000,0,
exfat-1000-memory,exfat,lookup-last,11,38958,211,108032,0,0,0,0,0,memory,default,1000,0,
exfat-1000-memory,exfat,lookup-last,12,39417,211,108032,0,0,0,0,0,memory,default,1000,0,
exfat-1000-memory,exfat,lookup-last,13,38417,211,108032,0,0,0,0,0,memory,default,1000,0,
exfat-1000-memory,exfat,lookup-last,14,39208,211,108032,0,0,0,0,0,memory,default,1000,0,
exfat-1000-memory,exfat,lookup-last,15,38875,211,108032,0,0,0,0,0,memory,default,1000,0,
exfat-1000-memory,exfat,lookup-last,16,38834,211,108032,0,0,0,0,0,memory,default,1000,0,
exfat-1000-memory,exfat,lookup-last,17,38917,211,108032,0,0,0,0,0,memory,default,1000,0,
exfat-1000-memory,exfat,lookup-last,18,38583,211,108032,0,0,0,0,0,memory,default,1000,0,
exfat-1000-memory,exfat,lookup-last,19,44458,211,108032,0,0,0,0,0,memory,default,1000,0,
exfat-1000-memory,exfat,lookup-last,20,50875,211,108032,0,0,0,0,0,memory,default,1000,0,
exfat-1000-memory,exfat,lookup-last,21,39042,211,108032,0,0,0,0,0,memory,default,1000,0,
exfat-1000-memory,exfat,lookup-miss,1,37167,211,108032,0,0,0,0,0,memory,default,1000,0,
exfat-1000-memory,exfat,lookup-miss,2,37958,211,108032,0,0,0,0,0,memory,default,1000,0,
exfat-1000-memory,exfat,lookup-miss,3,37250,211,108032,0,0,0,0,0,memory,default,1000,0,
exfat-1000-memory,exfat,lookup-miss,4,36250,211,108032,0,0,0,0,0,memory,default,1000,0,
exfat-1000-memory,exfat,lookup-miss,5,41125,211,108032,0,0,0,0,0,memory,default,1000,0,
exfat-1000-memory,exfat,lookup-miss,6,37084,211,108032,0,0,0,0,0,memory,default,1000,0,
exfat-1000-memory,exfat,lookup-miss,7,37209,211,108032,0,0,0,0,0,memory,default,1000,0,
exfat-1000-memory,exfat,lookup-miss,8,36875,211,108032,0,0,0,0,0,memory,default,1000,0,
exfat-1000-memory,exfat,lookup-miss,9,36792,211,108032,0,0,0,0,0,memory,default,1000,0,
exfat-1000-memory,exfat,lookup-miss,10,37167,211,108032,0,0,0,0,0,memory,default,1000,0,
exfat-1000-memory,exfat,lookup-miss,11,37917,211,108032,0,0,0,0,0,memory,default,1000,0,
exfat-1000-memory,exfat,lookup-miss,12,38541,211,108032,0,0,0,0,0,memory,default,1000,0,
exfat-1000-memory,exfat,lookup-miss,13,36875,211,108032,0,0,0,0,0,memory,default,1000,0,
exfat-1000-memory,exfat,lookup-miss,14,37375,211,108032,0,0,0,0,0,memory,default,1000,0,
exfat-1000-memory,exfat,lookup-miss,15,37167,211,108032,0,0,0,0,0,memory,default,1000,0,
exfat-1000-memory,exfat,lookup-miss,16,37125,211,108032,0,0,0,0,0,memory,default,1000,0,
exfat-1000-memory,exfat,lookup-miss,17,36958,211,108032,0,0,0,0,0,memory,default,1000,0,
exfat-1000-memory,exfat,lookup-miss,18,43209,211,108032,0,0,0,0,0,memory,default,1000,0,
exfat-1000-memory,exfat,lookup-miss,19,37209,211,108032,0,0,0,0,0,memory,default,1000,0,
exfat-1000-memory,exfat,lookup-miss,20,37125,211,108032,0,0,0,0,0,memory,default,1000,0,
exfat-1000-memory,exfat,lookup-miss,21,37250,211,108032,0,0,0,0,0,memory,default,1000,0,
exfat-1000-memory,exfat,lookup-last-warm,1,37125,211,108032,0,0,0,0,0,memory,default,1000,0,
exfat-1000-memory,exfat,lookup-last-warm,2,36792,211,108032,0,0,0,0,0,memory,default,1000,0,
exfat-1000-memory,exfat,lookup-last-warm,3,37167,211,108032,0,0,0,0,0,memory,default,1000,0,
exfat-1000-memory,exfat,lookup-last-warm,4,39375,211,108032,0,0,0,0,0,memory,default,1000,0,
exfat-1000-memory,exfat,lookup-last-warm,5,36916,211,108032,0,0,0,0,0,memory,default,1000,0,
exfat-1000-memory,exfat,lookup-last-warm,6,46916,211,108032,0,0,0,0,0,memory,default,1000,0,
exfat-1000-memory,exfat,lookup-last-warm,7,44750,211,108032,0,0,0,0,0,memory,default,1000,0,
exfat-1000-memory,exfat,lookup-last-warm,8,37167,211,108032,0,0,0,0,0,memory,default,1000,0,
exfat-1000-memory,exfat,lookup-last-warm,9,37250,211,108032,0,0,0,0,0,memory,default,1000,0,
exfat-1000-memory,exfat,lookup-last-warm,10,37375,211,108032,0,0,0,0,0,memory,default,1000,0,
exfat-1000-memory,exfat,lookup-last-warm,11,37083,211,108032,0,0,0,0,0,memory,default,1000,0,
exfat-1000-memory,exfat,lookup-last-warm,12,37084,211,108032,0,0,0,0,0,memory,default,1000,0,
exfat-1000-memory,exfat,lookup-last-warm,13,37125,211,108032,0,0,0,0,0,memory,default,1000,0,
exfat-1000-memory,exfat,lookup-last-warm,14,37333,211,108032,0,0,0,0,0,memory,default,1000,0,
exfat-1000-memory,exfat,lookup-last-warm,15,37125,211,108032,0,0,0,0,0,memory,default,1000,0,
exfat-1000-memory,exfat,lookup-last-warm,16,37375,211,108032,0,0,0,0,0,memory,default,1000,0,
exfat-1000-memory,exfat,lookup-last-warm,17,37209,211,108032,0,0,0,0,0,memory,default,1000,0,
exfat-1000-memory,exfat,lookup-last-warm,18,37167,211,108032,0,0,0,0,0,memory,default,1000,0,
exfat-1000-memory,exfat,lookup-last-warm,19,37292,211,108032,0,0,0,0,0,memory,default,1000,0,
exfat-1000-memory,exfat,lookup-last-warm,20,37291,211,108032,0,0,0,0,0,memory,default,1000,0,
exfat-1000-memory,exfat,lookup-last-warm,21,37416,211,108032,0,0,0,0,0,memory,default,1000,0,
exfat-1000-memory,exfat,lookup-batch,1,19365958,105751,54144512,0,0,0,0,0,memory,default,1000,0,
exfat-1000-memory,exfat,lookup-batch,2,19204958,105751,54144512,0,0,0,0,0,memory,default,1000,0,
exfat-1000-memory,exfat,lookup-batch,3,18642167,105751,54144512,0,0,0,0,0,memory,default,1000,0,
exfat-1000-memory,exfat,lookup-batch,4,19431375,105751,54144512,0,0,0,0,0,memory,default,1000,0,
exfat-1000-memory,exfat,lookup-batch,5,19291709,105751,54144512,0,0,0,0,0,memory,default,1000,0,
exfat-1000-memory,exfat,lookup-batch,6,19416042,105751,54144512,0,0,0,0,0,memory,default,1000,0,
exfat-1000-memory,exfat,lookup-batch,7,19574167,105751,54144512,0,0,0,0,0,memory,default,1000,0,
exfat-1000-memory,exfat,lookup-batch,8,19241000,105751,54144512,0,0,0,0,0,memory,default,1000,0,
exfat-1000-memory,exfat,lookup-batch,9,19047500,105751,54144512,0,0,0,0,0,memory,default,1000,0,
exfat-1000-memory,exfat,lookup-batch,10,18584667,105751,54144512,0,0,0,0,0,memory,default,1000,0,
exfat-1000-memory,exfat,lookup-batch,11,18912542,105751,54144512,0,0,0,0,0,memory,default,1000,0,
exfat-1000-memory,exfat,lookup-batch,12,19496709,105751,54144512,0,0,0,0,0,memory,default,1000,0,
exfat-1000-memory,exfat,lookup-batch,13,19228667,105751,54144512,0,0,0,0,0,memory,default,1000,0,
exfat-1000-memory,exfat,lookup-batch,14,19552083,105751,54144512,0,0,0,0,0,memory,default,1000,0,
exfat-1000-memory,exfat,lookup-batch,15,19567291,105751,54144512,0,0,0,0,0,memory,default,1000,0,
exfat-1000-memory,exfat,lookup-batch,16,20191208,105751,54144512,0,0,0,0,0,memory,default,1000,0,
exfat-1000-memory,exfat,lookup-batch,17,19981125,105751,54144512,0,0,0,0,0,memory,default,1000,0,
exfat-1000-memory,exfat,lookup-batch,18,19457417,105751,54144512,0,0,0,0,0,memory,default,1000,0,
exfat-1000-memory,exfat,lookup-batch,19,19313000,105751,54144512,0,0,0,0,0,memory,default,1000,0,
exfat-1000-memory,exfat,lookup-batch,20,18694542,105751,54144512,0,0,0,0,0,memory,default,1000,0,
exfat-1000-memory,exfat,lookup-batch,21,18970875,105751,54144512,0,0,0,0,0,memory,default,1000,0,
exfat-1000-memory,exfat,stat,1,208,0,0,0,0,0,0,0,memory,default,1000,0,
exfat-1000-memory,exfat,stat,2,167,0,0,0,0,0,0,0,memory,default,1000,0,
exfat-1000-memory,exfat,stat,3,166,0,0,0,0,0,0,0,memory,default,1000,0,
exfat-1000-memory,exfat,stat,4,167,0,0,0,0,0,0,0,memory,default,1000,0,
exfat-1000-memory,exfat,stat,5,167,0,0,0,0,0,0,0,memory,default,1000,0,
exfat-1000-memory,exfat,stat,6,208,0,0,0,0,0,0,0,memory,default,1000,0,
exfat-1000-memory,exfat,stat,7,250,0,0,0,0,0,0,0,memory,default,1000,0,
exfat-1000-memory,exfat,stat,8,250,0,0,0,0,0,0,0,memory,default,1000,0,
exfat-1000-memory,exfat,stat,9,209,0,0,0,0,0,0,0,memory,default,1000,0,
exfat-1000-memory,exfat,stat,10,166,0,0,0,0,0,0,0,memory,default,1000,0,
exfat-1000-memory,exfat,stat,11,209,0,0,0,0,0,0,0,memory,default,1000,0,
exfat-1000-memory,exfat,stat,12,167,0,0,0,0,0,0,0,memory,default,1000,0,
exfat-1000-memory,exfat,stat,13,167,0,0,0,0,0,0,0,memory,default,1000,0,
exfat-1000-memory,exfat,stat,14,167,0,0,0,0,0,0,0,memory,default,1000,0,
exfat-1000-memory,exfat,stat,15,167,0,0,0,0,0,0,0,memory,default,1000,0,
exfat-1000-memory,exfat,stat,16,166,0,0,0,0,0,0,0,memory,default,1000,0,
exfat-1000-memory,exfat,stat,17,208,0,0,0,0,0,0,0,memory,default,1000,0,
exfat-1000-memory,exfat,stat,18,208,0,0,0,0,0,0,0,memory,default,1000,0,
exfat-1000-memory,exfat,stat,19,167,0,0,0,0,0,0,0,memory,default,1000,0,
exfat-1000-memory,exfat,stat,20,208,0,0,0,0,0,0,0,memory,default,1000,0,
exfat-1000-memory,exfat,stat,21,208,0,0,0,0,0,0,0,memory,default,1000,0,
exfat-1000-memory,exfat,read-4k,1,83,1,4096,0,0,0,0,0,memory,default,1000,0,
exfat-1000-memory,exfat,read-4k,2,83,1,4096,0,0,0,0,0,memory,default,1000,0,
exfat-1000-memory,exfat,read-4k,3,125,1,4096,0,0,0,0,0,memory,default,1000,0,
exfat-1000-memory,exfat,read-4k,4,209,1,4096,0,0,0,0,0,memory,default,1000,0,
exfat-1000-memory,exfat,read-4k,5,83,1,4096,0,0,0,0,0,memory,default,1000,0,
exfat-1000-memory,exfat,read-4k,6,125,1,4096,0,0,0,0,0,memory,default,1000,0,
exfat-1000-memory,exfat,read-4k,7,84,1,4096,0,0,0,0,0,memory,default,1000,0,
exfat-1000-memory,exfat,read-4k,8,1792,1,4096,0,0,0,0,0,memory,default,1000,0,
exfat-1000-memory,exfat,read-4k,9,292,1,4096,0,0,0,0,0,memory,default,1000,0,
exfat-1000-memory,exfat,read-4k,10,83,1,4096,0,0,0,0,0,memory,default,1000,0,
exfat-1000-memory,exfat,read-4k,11,125,1,4096,0,0,0,0,0,memory,default,1000,0,
exfat-1000-memory,exfat,read-4k,12,125,1,4096,0,0,0,0,0,memory,default,1000,0,
exfat-1000-memory,exfat,read-4k,13,125,1,4096,0,0,0,0,0,memory,default,1000,0,
exfat-1000-memory,exfat,read-4k,14,125,1,4096,0,0,0,0,0,memory,default,1000,0,
exfat-1000-memory,exfat,read-4k,15,125,1,4096,0,0,0,0,0,memory,default,1000,0,
exfat-1000-memory,exfat,read-4k,16,125,1,4096,0,0,0,0,0,memory,default,1000,0,
exfat-1000-memory,exfat,read-4k,17,125,1,4096,0,0,0,0,0,memory,default,1000,0,
exfat-1000-memory,exfat,read-4k,18,125,1,4096,0,0,0,0,0,memory,default,1000,0,
exfat-1000-memory,exfat,read-4k,19,125,1,4096,0,0,0,0,0,memory,default,1000,0,
exfat-1000-memory,exfat,read-4k,20,83,1,4096,0,0,0,0,0,memory,default,1000,0,
exfat-1000-memory,exfat,read-4k,21,125,1,4096,0,0,0,0,0,memory,default,1000,0,
exfat-1000-memory,exfat,read-64k,1,1417,2,66048,0,0,0,0,0,memory,default,1000,0,
exfat-1000-memory,exfat,read-64k,2,1541,2,66048,0,0,0,0,0,memory,default,1000,0,
exfat-1000-memory,exfat,read-64k,3,1292,2,66048,0,0,0,0,0,memory,default,1000,0,
exfat-1000-memory,exfat,read-64k,4,1375,2,66048,0,0,0,0,0,memory,default,1000,0,
exfat-1000-memory,exfat,read-64k,5,1208,2,66048,0,0,0,0,0,memory,default,1000,0,
exfat-1000-memory,exfat,read-64k,6,1292,2,66048,0,0,0,0,0,memory,default,1000,0,
exfat-1000-memory,exfat,read-64k,7,1292,2,66048,0,0,0,0,0,memory,default,1000,0,
exfat-1000-memory,exfat,read-64k,8,1250,2,66048,0,0,0,0,0,memory,default,1000,0,
exfat-1000-memory,exfat,read-64k,9,1333,2,66048,0,0,0,0,0,memory,default,1000,0,
exfat-1000-memory,exfat,read-64k,10,1375,2,66048,0,0,0,0,0,memory,default,1000,0,
exfat-1000-memory,exfat,read-64k,11,1416,2,66048,0,0,0,0,0,memory,default,1000,0,
exfat-1000-memory,exfat,read-64k,12,1666,2,66048,0,0,0,0,0,memory,default,1000,0,
exfat-1000-memory,exfat,read-64k,13,1833,2,66048,0,0,0,0,0,memory,default,1000,0,
exfat-1000-memory,exfat,read-64k,14,1291,2,66048,0,0,0,0,0,memory,default,1000,0,
exfat-1000-memory,exfat,read-64k,15,1334,2,66048,0,0,0,0,0,memory,default,1000,0,
exfat-1000-memory,exfat,read-64k,16,1334,2,66048,0,0,0,0,0,memory,default,1000,0,
exfat-1000-memory,exfat,read-64k,17,1541,2,66048,0,0,0,0,0,memory,default,1000,0,
exfat-1000-memory,exfat,read-64k,18,1250,2,66048,0,0,0,0,0,memory,default,1000,0,
exfat-1000-memory,exfat,read-64k,19,1333,2,66048,0,0,0,0,0,memory,default,1000,0,
exfat-1000-memory,exfat,read-64k,20,1250,2,66048,0,0,0,0,0,memory,default,1000,0,
exfat-1000-memory,exfat,read-64k,21,1292,2,66048,0,0,0,0,0,memory,default,1000,0,
exfat-1000-memory,exfat,read-scattered,1,1125,6,20992,0,0,0,0,0,memory,default,1000,0,
exfat-1000-memory,exfat,read-scattered,2,1042,6,20992,0,0,0,0,0,memory,default,1000,0,
exfat-1000-memory,exfat,read-scattered,3,1000,6,20992,0,0,0,0,0,memory,default,1000,0,
exfat-1000-memory,exfat,read-scattered,4,1042,6,20992,0,0,0,0,0,memory,default,1000,0,
exfat-1000-memory,exfat,read-scattered,5,1084,6,20992,0,0,0,0,0,memory,default,1000,0,
exfat-1000-memory,exfat,read-scattered,6,1042,6,20992,0,0,0,0,0,memory,default,1000,0,
exfat-1000-memory,exfat,read-scattered,7,958,6,20992,0,0,0,0,0,memory,default,1000,0,
exfat-1000-memory,exfat,read-scattered,8,1084,6,20992,0,0,0,0,0,memory,default,1000,0,
exfat-1000-memory,exfat,read-scattered,9,1083,6,20992,0,0,0,0,0,memory,default,1000,0,
exfat-1000-memory,exfat,read-scattered,10,1083,6,20992,0,0,0,0,0,memory,default,1000,0,
exfat-1000-memory,exfat,read-scattered,11,1083,6,20992,0,0,0,0,0,memory,default,1000,0,
exfat-1000-memory,exfat,read-scattered,12,1000,6,20992,0,0,0,0,0,memory,default,1000,0,
exfat-1000-memory,exfat,read-scattered,13,9500,6,20992,0,0,0,0,0,memory,default,1000,0,
exfat-1000-memory,exfat,read-scattered,14,1167,6,20992,0,0,0,0,0,memory,default,1000,0,
exfat-1000-memory,exfat,read-scattered,15,1083,6,20992,0,0,0,0,0,memory,default,1000,0,
exfat-1000-memory,exfat,read-scattered,16,958,6,20992,0,0,0,0,0,memory,default,1000,0,
exfat-1000-memory,exfat,read-scattered,17,1042,6,20992,0,0,0,0,0,memory,default,1000,0,
exfat-1000-memory,exfat,read-scattered,18,1125,6,20992,0,0,0,0,0,memory,default,1000,0,
exfat-1000-memory,exfat,read-scattered,19,1042,6,20992,0,0,0,0,0,memory,default,1000,0,
exfat-1000-memory,exfat,read-scattered,20,1042,6,20992,0,0,0,0,0,memory,default,1000,0,
exfat-1000-memory,exfat,read-scattered,21,1083,6,20992,0,0,0,0,0,memory,default,1000,0,
exfat-1000-memory,exfat,read-full,1,2334,2,131584,0,0,0,0,0,memory,default,1000,0,
exfat-1000-memory,exfat,read-full,2,2708,2,131584,0,0,0,0,0,memory,default,1000,0,
exfat-1000-memory,exfat,read-full,3,2375,2,131584,0,0,0,0,0,memory,default,1000,0,
exfat-1000-memory,exfat,read-full,4,2375,2,131584,0,0,0,0,0,memory,default,1000,0,
exfat-1000-memory,exfat,read-full,5,2333,2,131584,0,0,0,0,0,memory,default,1000,0,
exfat-1000-memory,exfat,read-full,6,2292,2,131584,0,0,0,0,0,memory,default,1000,0,
exfat-1000-memory,exfat,read-full,7,2417,2,131584,0,0,0,0,0,memory,default,1000,0,
exfat-1000-memory,exfat,read-full,8,2333,2,131584,0,0,0,0,0,memory,default,1000,0,
exfat-1000-memory,exfat,read-full,9,2834,2,131584,0,0,0,0,0,memory,default,1000,0,
exfat-1000-memory,exfat,read-full,10,2250,2,131584,0,0,0,0,0,memory,default,1000,0,
exfat-1000-memory,exfat,read-full,11,2250,2,131584,0,0,0,0,0,memory,default,1000,0,
exfat-1000-memory,exfat,read-full,12,2375,2,131584,0,0,0,0,0,memory,default,1000,0,
exfat-1000-memory,exfat,read-full,13,3000,2,131584,0,0,0,0,0,memory,default,1000,0,
exfat-1000-memory,exfat,read-full,14,2291,2,131584,0,0,0,0,0,memory,default,1000,0,
exfat-1000-memory,exfat,read-full,15,2292,2,131584,0,0,0,0,0,memory,default,1000,0,
exfat-1000-memory,exfat,read-full,16,2166,2,131584,0,0,0,0,0,memory,default,1000,0,
exfat-1000-memory,exfat,read-full,17,2167,2,131584,0,0,0,0,0,memory,default,1000,0,
exfat-1000-memory,exfat,read-full,18,2417,2,131584,0,0,0,0,0,memory,default,1000,0,
exfat-1000-memory,exfat,read-full,19,2125,2,131584,0,0,0,0,0,memory,default,1000,0,
exfat-1000-memory,exfat,read-full,20,2250,2,131584,0,0,0,0,0,memory,default,1000,0,
exfat-1000-memory,exfat,read-full,21,2166,2,131584,0,0,0,0,0,memory,default,1000,0,
fat32-1000-file,fat32,mount,1,3333,3,1536,0,0,0,0,0,file,default,1000,8,2490368
fat32-1000-file,fat32,mount,2,3417,3,1536,0,0,0,0,0,file,default,1000,8,2490368
fat32-1000-file,fat32,mount,3,3125,3,1536,0,0,0,0,0,file,default,1000,8,2490368
fat32-1000-file,fat32,mount,4,3125,3,1536,0,0,0,0,0,file,default,1000,8,2490368
fat32-1000-file,fat32,mount,5,3375,3,1536,0,0,0,0,0,file,default,1000,8,2490368
fat32-1000-file,fat32,list,1,237791,72,36864,0,0,0,0,0,file,default,1000,8,3801088
fat32-1000-file,fat32,list,2,241083,72,36864,0,0,0,0,0,file,default,1000,8,3784704
fat32-1000-file,fat32,list,3,212750,72,36864,0,0,0,0,0,file,default,1000,8,3784704
fat32-1000-file,fat32,list,4,244583,72,36864,0,0,0,0,0,file,default,1000,8,3801088
fat32-1000-file,fat32,list,5,210458,72,36864,0,0,0,0,0,file,default,1000,8,3768320
fat32-1000-file,fat32,lookup-last,1,66875,72,36864,0,0,0,0,0,file,default,1000,8,2621440
fat32-1000-file,fat32,lookup-last,2,72250,72,36864,0,0,0,0,0,file,default,1000,8,2621440
fat32-1000-file,fat32,lookup-last,3,72417,72,36864,0,0,0,0,0,file,default,1000,8,2621440
fat32-1000-file,fat32,lookup-last,4,68541,72,36864,0,0,0,0,0,file,default,1000,8,2637824
fat32-1000-file,fat32,lookup-last,5,66042,72,36864,0,0,0,0,0,file,default,1000,8,2621440
fat32-1000-file,fat32,lookup-miss,1,70542,72,36864,0,0,0,0,0,file,default,1000,8,2572288
fat32-1000-file,fat32,lookup-miss,2,76375,72,36864,0,0,0,0,0,file,default,1000,8,2572288
fat32-1000-file,fat32,lookup-miss,3,67250,72,36864,0,0,0,0,0,file,default,1000,8,2572288
fat32-1000-file,fat32,lookup-miss,4,70709,72,36864,0,0,0,0,0,file,default,1000,8,2572288
fat32-1000-file,fat32,lookup-miss,5,85375,72,36864,0,0,0,0,0,file,default,1000,8,2572288
fat32-1000-file,fat32,lookup-last-warm,1,68458,72,36864,0,0,0,0,0,file,default,1000,8,2621440
fat32-1000-file,fat32,lookup-last-warm,2,65292,72,36864,0,0,0,0,0,file,default,1000,8,2621440
fat32-1000-file,fat32,lookup-last-warm,3,80584,72,36864,0,0,0,0,0,file,default,1000,8,2621440
fat32-1000-file,fat32,lookup-last-warm,4,78167,72,36864,0,0,0,0,0,file,default,1000,8,2637824
fat32-1000-file,fat32,lookup-last-warm,5,78209,72,36864,0,0,0,0,0,file,default,1000,8,2621440
fat32-1000-file,fat32,lookup-batch,1,37583125,35640,18247680,0,0,0,0,0,file,default,1000,8,2736128
fat32-1000-file,fat32,lookup-batch,2,38835250,35640,18247680,0,0,0,0,0,file,default,1000,8,2736128
fat32-1000-file,fat32,lookup-batch,3,38605416,35640,18247680,0,0,0,0,0,file,default,1000,8,2719744
fat32-1000-file,fat32,lookup-batch,4,37891542,35640,18247680,0,0,0,0,0,file,default,1000,8,2736128
fat32-1000-file,fat32,lookup-batch,5,37485792,35640,18247680,0,0,0,0,0,file,default,1000,8,2736128
fat32-1000-file,fat32,stat,1,125,0,0,0,0,0,0,0,file,default,1000,8,2621440
fat32-1000-file,fat32,stat,2,83,0,0,0,0,0,0,0,file,default,1000,8,2621440
fat32-1000-file,fat32,stat,3,125,0,0,0,0,0,0,0,file,default,1000,8,2621440
fat32-1000-file,fat32,stat,4,83,0,0,0,0,0,0,0,file,default,1000,8,2621440
fat32-1000-file,fat32,stat,5,125,0,0,0,0,0,0,0,file,default,1000,8,2621440
fat32-1000-file,fat32,read-4k,1,1083,1,4096,0,0,0,0,0,file,default,1000,8,2670592
fat32-1000-file,fat32,read-4k,2,916,1,4096,0,0,0,0,0,file,default,1000,8,2670592
fat32-1000-file,fat32,read-4k,3,875,1,4096,0,0,0,0,0,file,default,1000,8,2670592
fat32-1000-file,fat32,read-4k,4,916,1,4096,0,0,0,0,0,file,default,1000,8,2670592
fat32-1000-file,fat32,read-4k,5,916,1,4096,0,0,0,0,0,file,default,1000,8,2670592
fat32-1000-file,fat32,read-64k,1,4375,2,66048,0,0,0,0,0,file,default,1000,8,2719744
fat32-1000-file,fat32,read-64k,2,4208,2,66048,0,0,0,0,0,file,default,1000,8,2719744
fat32-1000-file,fat32,read-64k,3,4000,2,66048,0,0,0,0,0,file,default,1000,8,2703360
fat32-1000-file,fat32,read-64k,4,4375,2,66048,0,0,0,0,0,file,default,1000,8,2703360
fat32-1000-file,fat32,read-64k,5,4458,2,66048,0,0,0,0,0,file,default,1000,8,2703360
fat32-1000-file,fat32,read-scattered,1,9667,7,21504,0,0,0,0,0,file,default,1000,8,2621440
fat32-1000-file,fat32,read-scattered,2,8666,7,21504,0,0,0,0,0,file,default,1000,8,2621440
fat32-1000-file,fat32,read-scattered,3,8458,7,21504,0,0,0,0,0,file,default,1000,8,2637824
fat32-1000-file,fat32,read-scattered,4,7750,7,21504,0,0,0,0,0,file,default,1000,8,2621440
fat32-1000-file,fat32,read-scattered,5,8792,7,21504,0,0,0,0,0,file,default,1000,8,2621440
fat32-1000-file,fat32,read-full,1,7625,3,132096,0,0,0,0,0,file,default,1000,8,2768896
fat32-1000-file,fat32,read-full,2,7000,3,132096,0,0,0,0,0,file,default,1000,8,2768896
fat32-1000-file,fat32,read-full,3,7625,3,132096,0,0,0,0,0,file,default,1000,8,2768896
fat32-1000-file,fat32,read-full,4,7792,3,132096,0,0,0,0,0,file,default,1000,8,2768896
fat32-1000-file,fat32,read-full,5,7916,3,132096,0,0,0,0,0,file,default,1000,8,2785280
fat32-1000-memory,fat32,mount,1,708,3,1536,0,0,0,0,0,memory,default,1000,8,
fat32-1000-memory,fat32,mount,2,666,3,1536,0,0,0,0,0,memory,default,1000,8,
fat32-1000-memory,fat32,mount,3,584,3,1536,0,0,0,0,0,memory,default,1000,8,
fat32-1000-memory,fat32,mount,4,625,3,1536,0,0,0,0,0,memory,default,1000,8,
fat32-1000-memory,fat32,mount,5,584,3,1536,0,0,0,0,0,memory,default,1000,8,
fat32-1000-memory,fat32,mount,6,1916,3,1536,0,0,0,0,0,memory,default,1000,8,
fat32-1000-memory,fat32,mount,7,625,3,1536,0,0,0,0,0,memory,default,1000,8,
fat32-1000-memory,fat32,mount,8,584,3,1536,0,0,0,0,0,memory,default,1000,8,
fat32-1000-memory,fat32,mount,9,583,3,1536,0,0,0,0,0,memory,default,1000,8,
fat32-1000-memory,fat32,mount,10,625,3,1536,0,0,0,0,0,memory,default,1000,8,
fat32-1000-memory,fat32,mount,11,583,3,1536,0,0,0,0,0,memory,default,1000,8,
fat32-1000-memory,fat32,mount,12,583,3,1536,0,0,0,0,0,memory,default,1000,8,
fat32-1000-memory,fat32,mount,13,625,3,1536,0,0,0,0,0,memory,default,1000,8,
fat32-1000-memory,fat32,mount,14,583,3,1536,0,0,0,0,0,memory,default,1000,8,
fat32-1000-memory,fat32,mount,15,584,3,1536,0,0,0,0,0,memory,default,1000,8,
fat32-1000-memory,fat32,mount,16,583,3,1536,0,0,0,0,0,memory,default,1000,8,
fat32-1000-memory,fat32,mount,17,583,3,1536,0,0,0,0,0,memory,default,1000,8,
fat32-1000-memory,fat32,mount,18,584,3,1536,0,0,0,0,0,memory,default,1000,8,
fat32-1000-memory,fat32,mount,19,583,3,1536,0,0,0,0,0,memory,default,1000,8,
fat32-1000-memory,fat32,mount,20,583,3,1536,0,0,0,0,0,memory,default,1000,8,
fat32-1000-memory,fat32,mount,21,625,3,1536,0,0,0,0,0,memory,default,1000,8,
fat32-1000-memory,fat32,list,1,201209,72,36864,0,0,0,0,0,memory,default,1000,8,
fat32-1000-memory,fat32,list,2,188791,72,36864,0,0,0,0,0,memory,default,1000,8,
fat32-1000-memory,fat32,list,3,198292,72,36864,0,0,0,0,0,memory,default,1000,8,
fat32-1000-memory,fat32,list,4,213125,72,36864,0,0,0,0,0,memory,default,1000,8,
fat32-1000-memory,fat32,list,5,190208,72,36864,0,0,0,0,0,memory,default,1000,8,
fat32-1000-memory,fat32,list,6,203708,72,36864,0,0,0,0,0,memory,default,1000,8,
fat32-1000-memory,fat32,list,7,189416,72,36864,0,0,0,0,0,memory,default,1000,8,
fat32-1000-memory,fat32,list,8,195583,72,36864,0,0,0,0,0,memory,default,1000,8,
fat32-1000-memory,fat32,list,9,197250,72,36864,0,0,0,0,0,memory,default,1000,8,
fat32-1000-memory,fat32,list,10,195625,72,36864,0,0,0,0,0,memory,default,1000,8,
fat32-1000-memory,fat32,list,11,188417,72,36864,0,0,0,0,0,memory,default,1000,8,
fat32-1000-memory,fat32,list,12,199291,72,36864,0,0,0,0,0,memory,default,1000,8,
fat32-1000-memory,fat32,list,13,196083,72,36864,0,0,0,0,0,memory,default,1000,8,
fat32-1000-memory,fat32,list,14,196375,72,36864,0,0,0,0,0,memory,default,1000,8,
fat32-1000-memory,fat32,list,15,195666,72,36864,0,0,0,0,0,memory,default,1000,8,
fat32-1000-memory,fat32,list,16,196792,72,36864,0,0,0,0,0,memory,default,1000,8,
fat32-1000-memory,fat32,list,17,199416,72,36864,0,0,0,0,0,memory,default,1000,8,
fat32-1000-memory,fat32,list,18,214583,72,36864,0,0,0,0,0,memory,default,1000,8,
fat32-1000-memory,fat32,list,19,196709,72,36864,0,0,0,0,0,memory,default,1000,8,
fat32-1000-memory,fat32,list,20,204875,72,36864,0,0,0,0,0,memory,default,1000,8,
fat32-1000-memory,fat32,list,21,192167,72,36864,0,0,0,0,0,memory,default,1000,8,
fat32-1000-memory,fat32,lookup-last,1,33958,72,36864,0,0,0,0,0,memory,default,1000,8,
fat32-1000-memory,fat32,lookup-last,2,27125,72,36864,0,0,0,0,0,memory,default,1000,8,
fat32-1000-memory,fat32,lookup-last,3,27416,72,36864,0,0,0,0,0,memory,default,1000,8,
fat32-1000-memory,fat32,lookup-last,4,27333,72,36864,0,0,0,0,0,memory,default,1000,8,
fat32-1000-memory,fat32,lookup-last,5,29583,72,36864,0,0,0,0,0,memory,default,1000,8,
fat32-1000-memory,fat32,lookup-last,6,28125,72,36864,0,0,0,0,0,memory,default,1000,8,
fat32-1000-memory,fat32,lookup-last,7,32042,72,36864,0,0,0,0,0,memory,default,1000,8,
fat32-1000-memory,fat32,lookup-last,8,28959,72,36864,0,0,0,0,0,memory,default,1000,8,
fat32-1000-memory,fat32,lookup-last,9,27417,72,36864,0,0,0,0,0,memory,default,1000,8,
fat32-1000-memory,fat32,lookup-last,10,27084,72,36864,0,0,0,0,0,memory,default,1000,8,
fat32-1000-memory,fat32,lookup-last,11,30167,72,36864,0,0,0,0,0,memory,default,1000,8,
fat32-1000-memory,fat32,lookup-last,12,33959,72,36864,0,0,0,0,0,memory,default,1000,8,
fat32-1000-memory,fat32,lookup-last,13,29250,72,36864,0,0,0,0,0,memory,default,1000,8,
fat32-1000-memory,fat32,lookup-last,14,33625,72,36864,0,0,0,0,0,memory,default,1000,8,
fat32-1000-memory,fat32,lookup-last,15,28291,72,36864,0,0,0,0,0,memory,default,1000,8,
fat32-1000-memory,fat32,lookup-last,16,28375,72,36864,0,0,0,0,0,memory,default,1000,8,
fat32-1000-memory,fat32,lookup-last,17,28584,72,36864,0,0,0,0,0,memory,default,1000,8,
fat32-1000-memory,fat32,lookup-last,18,28334,72,36864,0,0,0,0,0,memory,default,1000,8,
fat32-1000-memory,fat32,lookup-last,19,28500,72,36864,0,0,0,0,0,memory,default,1000,8,
fat32-1000-memory,fat32,lookup-last,20,87375,72,36864,0,0,0,0,0,memory,default,1000,8,
fat32-1000-memory,fat32,lookup-last,21,72500,72,36864,0,0,0,0,0,memory,default,1000,8,
fat32-1000-memory,fat32,lookup-miss,1,27542,72,36864,0,0,0,0,0,memory,default,1000,8,
fat32-1000-memory,fat32,lookup-miss,2,27084,72,36864,0,0,0,0,0,memory,default,1000,8,
fat32-1000-memory,fat32,lookup-miss,3,27125,72,36864,0,0,0,0,0,memory,default,1000,8,
fat32-1000-memory,fat32,lookup-miss,4,27083,72,36864,0,0,0,0,0,memory,default,1000,8,
fat32-1000-memory,fat32,lookup-miss,5,27250,72,36864,0,0,0,0,0,memory,default,1000,8,
fat32-1000-memory,fat32,lookup-miss,6,27084,72,36864,0,0,0,0,0,memory,default,1000,8,
fat32-1000-memory,fat32,lookup-miss,7,66292,72,36864,0,0,0,0,0,memory,default,1000,8,
fat32-1000-memory,fat32,lookup-miss,8,76500,72,36864,0,0,0,0,0,memory,default,1000,8,
fat32-1000-memory,fat32,lookup-miss,9,31833,72,36864,0,0,0,0,0,memory,default,1000,8,
fat32-1000-memory,fat32,lookup-miss,10,27167,72,36864,0,0,0,0,0,memory,default,1000,8,
fat32-1000-memory,fat32,lookup-miss,11,27042,72,36864,0,0,0,0,0,memory,default,1000,8,
fat32-1000-memory,fat32,lookup-miss,12,27041,72,36864,0,0,0,0,0,memory,default,1000,8,
fat32-1000-memory,fat32,lookup-miss,13,26667,72,36864,0,0,0,0,0,memory,default,1000,8,
fat32-1000-memory,fat32,lookup-miss,14,26709,72,36864,0,0,0,0,0,memory,default,1000,8,
fat32-1000-memory,fat32,lookup-miss,15,26208,72,36864,0,0,0,0,0,memory,default,1000,8,
fat32-1000-memory,fat32,lookup-miss,16,26625,72,36864,0,0,0,0,0,memory,default,1000,8,
fat32-1000-memory,fat32,lookup-miss,17,26833,72,36864,0,0,0,0,0,memory,default,1000,8,
fat32-1000-memory,fat32,lookup-miss,18,26250,72,36864,0,0,0,0,0,memory,default,1000,8,
fat32-1000-memory,fat32,lookup-miss,19,26334,72,36864,0,0,0,0,0,memory,default,1000,8,
fat32-1000-memory,fat32,lookup-miss,20,26583,72,36864,0,0,0,0,0,memory,default,1000,8,
fat32-1000-memory,fat32,lookup-miss,21,26417,72,36864,0,0,0,0,0,memory,default,1000,8,
fat32-1000-memory,fat32,lookup-last-warm,1,26500,72,36864,0,0,0,0,0,memory,default,1000,8,
fat32-1000-memory,fat32,lookup-last-warm,2,29292,72,36864,0,0,0,0,0,memory,default,1000,8,
fat32-1000-memory,fat32,lookup-last-warm,3,26500,72,36864,0,0,0,0,0,memory,default,1000,8,
fat32-1000-memory,fat32,lookup-last-warm,4,26750,72,36864,0,0,0,0,0,memory,default,1000,8,
fat32-1000-memory,fat32,lookup-last-warm,5,26584,72,36864,0,0,0,0,0,memory,default,1000,8,
fat32-1000-memory,fat32,lookup-last-warm,6,33250,72,36864,0,0,0,0,0,memory,default,1000,8,
fat32-1000-memory,fat32,lookup-last-warm,7,26959,72,36864,0,0,0,0,0,memory,default,1000,8,
fat32-1000-memory,fat32,lookup-last-warm,8,26375,72,36864,0,0,0,0,0,memory,default,1000,8,
fat32-1000-memory,fat32,lookup-last-warm,9,29167,72,36864,0,0,0,0,0,memory,default,1000,8,
fat32-1000-memory,fat32,lookup-last-warm,10,28250,72,36864,0,0,0,0,0,memory,default,1000,8,
fat32-1000-memory,fat32,lookup-last-warm,11,26541,72,36864,0,0,0,0,0,memory,default,1000,8,
fat32-1000-memory,fat32,lookup-last-warm,12,26500,72,36864,0,0,0,0,0,memory,default,1000,8,
fat32-1000-memory,fat32,lookup-last-warm,13,26542,72,36864,0,0,0,0,0,memory,default,1000,8,
fat32-1000-memory,fat32,lookup-last-warm,14,26709,72,36864,0,0,0,0,0,memory,default,1000,8,
fat32-1000-memory,fat32,lookup-last-warm,15,26666,72,36864,0,0,0,0,0,memory,default,1000,8,
fat32-1000-memory,fat32,lookup-last-warm,16,30250,72,36864,0,0,0,0,0,memory,default,1000,8,
fat32-1000-memory,fat32,lookup-last-warm,17,26584,72,36864,0,0,0,0,0,memory,default,1000,8,
fat32-1000-memory,fat32,lookup-last-warm,18,26792,72,36864,0,0,0,0,0,memory,default,1000,8,
fat32-1000-memory,fat32,lookup-last-warm,19,26416,72,36864,0,0,0,0,0,memory,default,1000,8,
fat32-1000-memory,fat32,lookup-last-warm,20,26708,72,36864,0,0,0,0,0,memory,default,1000,8,
fat32-1000-memory,fat32,lookup-last-warm,21,26708,72,36864,0,0,0,0,0,memory,default,1000,8,
fat32-1000-memory,fat32,lookup-batch,1,16894041,35640,18247680,0,0,0,0,0,memory,default,1000,8,
fat32-1000-memory,fat32,lookup-batch,2,16422875,35640,18247680,0,0,0,0,0,memory,default,1000,8,
fat32-1000-memory,fat32,lookup-batch,3,16200417,35640,18247680,0,0,0,0,0,memory,default,1000,8,
fat32-1000-memory,fat32,lookup-batch,4,15949708,35640,18247680,0,0,0,0,0,memory,default,1000,8,
fat32-1000-memory,fat32,lookup-batch,5,15729125,35640,18247680,0,0,0,0,0,memory,default,1000,8,
fat32-1000-memory,fat32,lookup-batch,6,15875250,35640,18247680,0,0,0,0,0,memory,default,1000,8,
fat32-1000-memory,fat32,lookup-batch,7,15922459,35640,18247680,0,0,0,0,0,memory,default,1000,8,
fat32-1000-memory,fat32,lookup-batch,8,15979292,35640,18247680,0,0,0,0,0,memory,default,1000,8,
fat32-1000-memory,fat32,lookup-batch,9,15784417,35640,18247680,0,0,0,0,0,memory,default,1000,8,
fat32-1000-memory,fat32,lookup-batch,10,15907292,35640,18247680,0,0,0,0,0,memory,default,1000,8,
fat32-1000-memory,fat32,lookup-batch,11,15682000,35640,18247680,0,0,0,0,0,memory,default,1000,8,
fat32-1000-memory,fat32,lookup-batch,12,16119709,35640,18247680,0,0,0,0,0,memory,default,1000,8,
fat32-1000-memory,fat32,lookup-batch,13,15846500,35640,18247680,0,0,0,0,0,memory,default,1000,8,
fat32-1000-memory,fat32,lookup-batch,14,15787958,35640,18247680,0,0,0,0,0,memory,default,1000,8,
fat32-1000-memory,fat32,lookup-batch,15,15902750,35640,18247680,0,0,0,0,0,memory,default,1000,8,
fat32-1000-memory,fat32,lookup-batch,16,15991000,35640,18247680,0,0,0,0,0,memory,default,1000,8,
fat32-1000-memory,fat32,lookup-batch,17,15869083,35640,18247680,0,0,0,0,0,memory,default,1000,8,
fat32-1000-memory,fat32,lookup-batch,18,15766250,35640,18247680,0,0,0,0,0,memory,default,1000,8,
fat32-1000-memory,fat32,lookup-batch,19,15646666,35640,18247680,0,0,0,0,0,memory,default,1000,8,
fat32-1000-memory,fat32,lookup-batch,20,15898541,35640,18247680,0,0,0,0,0,memory,default,1000,8,
fat32-1000-memory,fat32,lookup-batch,21,15927459,35640,18247680,0,0,0,0,0,memory,default,1000,8,
fat32-1000-memory,fat32,stat,1,42,0,0,0,0,0,0,0,memory,default,1000,8,
fat32-1000-memory,fat32,stat,2,42,0,0,0,0,0,0,0,memory,default,1000,8,
fat32-1000-memory,fat32,stat,3,42,0,0,0,0,0,0,0,memory,default,1000,8,
fat32-1000-memory,fat32,stat,4,41,0,0,0,0,0,0,0,memory,default,1000,8,
fat32-1000-memory,fat32,stat,5,83,0,0,0,0,0,0,0,memory,default,1000,8,
fat32-1000-memory,fat32,stat,6,42,0,0,0,0,0,0,0,memory,default,1000,8,
fat32-1000-memory,fat32,stat,7,42,0,0,0,0,0,0,0,memory,default,1000,8,
fat32-1000-memory,fat32,stat,8,42,0,0,0,0,0,0,0,memory,default,1000,8,
fat32-1000-memory,fat32,stat,9,42,0,0,0,0,0,0,0,memory,default,1000,8,
fat32-1000-memory,fat32,stat,10,42,0,0,0,0,0,0,0,memory,default,1000,8,
fat32-1000-memory,fat32,stat,11,41,0,0,0,0,0,0,0,memory,default,1000,8,
fat32-1000-memory,fat32,stat,12,42,0,0,0,0,0,0,0,memory,default,1000,8,
fat32-1000-memory,fat32,stat,13,42,0,0,0,0,0,0,0,memory,default,1000,8,
fat32-1000-memory,fat32,stat,14,42,0,0,0,0,0,0,0,memory,default,1000,8,
fat32-1000-memory,fat32,stat,15,42,0,0,0,0,0,0,0,memory,default,1000,8,
fat32-1000-memory,fat32,stat,16,83,0,0,0,0,0,0,0,memory,default,1000,8,
fat32-1000-memory,fat32,stat,17,41,0,0,0,0,0,0,0,memory,default,1000,8,
fat32-1000-memory,fat32,stat,18,42,0,0,0,0,0,0,0,memory,default,1000,8,
fat32-1000-memory,fat32,stat,19,42,0,0,0,0,0,0,0,memory,default,1000,8,
fat32-1000-memory,fat32,stat,20,42,0,0,0,0,0,0,0,memory,default,1000,8,
fat32-1000-memory,fat32,stat,21,41,0,0,0,0,0,0,0,memory,default,1000,8,
fat32-1000-memory,fat32,read-4k,1,208,1,4096,0,0,0,0,0,memory,default,1000,8,
fat32-1000-memory,fat32,read-4k,2,166,1,4096,0,0,0,0,0,memory,default,1000,8,
fat32-1000-memory,fat32,read-4k,3,166,1,4096,0,0,0,0,0,memory,default,1000,8,
fat32-1000-memory,fat32,read-4k,4,167,1,4096,0,0,0,0,0,memory,default,1000,8,
fat32-1000-memory,fat32,read-4k,5,166,1,4096,0,0,0,0,0,memory,default,1000,8,
fat32-1000-memory,fat32,read-4k,6,167,1,4096,0,0,0,0,0,memory,default,1000,8,
fat32-1000-memory,fat32,read-4k,7,167,1,4096,0,0,0,0,0,memory,default,1000,8,
fat32-1000-memory,fat32,read-4k,8,166,1,4096,0,0,0,0,0,memory,default,1000,8,
fat32-1000-memory,fat32,read-4k,9,125,1,4096,0,0,0,0,0,memory,default,1000,8,
fat32-1000-memory,fat32,read-4k,10,166,1,4096,0,0,0,0,0,memory,default,1000,8,
fat32-1000-memory,fat32,read-4k,11,166,1,4096,0,0,0,0,0,memory,default,1000,8,
fat32-1000-memory,fat32,read-4k,12,167,1,4096,0,0,0,0,0,memory,default,1000,8,
fat32-1000-memory,fat32,read-4k,13,167,1,4096,0,0,0,0,0,memory,default,1000,8,
fat32-1000-memory,fat32,read-4k,14,166,1,4096,0,0,0,0,0,memory,default,1000,8,
fat32-1000-memory,fat32,read-4k,15,209,1,4096,0,0,0,0,0,memory,default,1000,8,
fat32-1000-memory,fat32,read-4k,16,166,1,4096,0,0,0,0,0,memory,default,1000,8,
fat32-1000-memory,fat32,read-4k,17,166,1,4096,0,0,0,0,0,memory,default,1000,8,
fat32-1000-memory,fat32,read-4k,18,167,1,4096,0,0,0,0,0,memory,default,1000,8,
fat32-1000-memory,fat32,read-4k,19,167,1,4096,0,0,0,0,0,memory,default,1000,8,
fat32-1000-memory,fat32,read-4k,20,208,1,4096,0,0,0,0,0,memory,default,1000,8,
fat32-1000-memory,fat32,read-4k,21,166,1,4096,0,0,0,0,0,memory,default,1000,8,
fat32-1000-memory,fat32,read-64k,1,2500,2,66048,0,0,0,0,0,memory,default,1000,8,
fat32-1000-memory,fat32,read-64k,2,2750,2,66048,0,0,0,0,0,memory,default,1000,8,
fat32-1000-memory,fat32,read-64k,3,2667,2,66048,0,0,0,0,0,memory,default,1000,8,
fat32-1000-memory,fat32,read-64k,4,2750,2,66048,0,0,0,0,0,memory,default,1000,8,
fat32-1000-memory,fat32,read-64k,5,3375,2,66048,0,0,0,0,0,memory,default,1000,8,
fat32-1000-memory,fat32,read-64k,6,2667,2,66048,0,0,0,0,0,memory,default,1000,8,
fat32-1000-memory,fat32,read-64k,7,2500,2,66048,0,0,0,0,0,memory,default,1000,8,
fat32-1000-memory,fat32,read-64k,8,2750,2,66048,0,0,0,0,0,memory,default,1000,8,
fat32-1000-memory,fat32,read-64k,9,2625,2,66048,0,0,0,0,0,memory,default,1000,8,
fat32-1000-memory,fat32,read-64k,10,2750,2,66048,0,0,0,0,0,memory,default,1000,8,
fat32-1000-memory,fat32,read-64k,11,2750,2,66048,0,0,0,0,0,memory,default,1000,8,
fat32-1000-memory,fat32,read-64k,12,2708,2,66048,0,0,0,0,0,memory,default,1000,8,
fat32-1000-memory,fat32,read-64k,13,2750,2,66048,0,0,0,0,0,memory,default,1000,8,
fat32-1000-memory,fat32,read-64k,14,2791,2,66048,0,0,0,0,0,memory,default,1000,8,
fat32-1000-memory,fat32,read-64k,15,2667,2,66048,0,0,0,0,0,memory,default,1000,8,
fat32-1000-memory,fat32,read-64k,16,2667,2,66048,0,0,0,0,0,memory,default,1000,8,
fat32-1000-memory,fat32,read-64k,17,2708,2,66048,0,0,0,0,0,memory,default,1000,8,
fat32-1000-memory,fat32,read-64k,18,2750,2,66048,0,0,0,0,0,memory,default,1000,8,
fat32-1000-memory,fat32,read-64k,19,2750,2,66048,0,0,0,0,0,memory,default,1000,8,
fat32-1000-memory,fat32,read-64k,20,2834,2,66048,0,0,0,0,0,memory,default,1000,8,
fat32-1000-memory,fat32,read-64k,21,2750,2,66048,0,0,0,0,0,memory,default,1000,8,
fat32-1000-memory,fat32,read-scattered,1,4750,7,21504,0,0,0,0,0,memory,default,1000,8,
fat32-1000-memory,fat32,read-scattered,2,3958,7,21504,0,0,0,0,0,memory,default,1000,8,
fat32-1000-memory,fat32,read-scattered,3,4042,7,21504,0,0,0,0,0,memory,default,1000,8,
fat32-1000-memory,fat32,read-scattered,4,3875,7,21504,0,0,0,0,0,memory,default,1000,8,
fat32-1000-memory,fat32,read-scattered,5,4125,7,21504,0,0,0,0,0,memory,default,1000,8,
fat32-1000-memory,fat32,read-scattered,6,3917,7,21504,0,0,0,0,0,memory,default,1000,8,
fat32-1000-memory,fat32,read-scattered,7,5291,7,21504,0,0,0,0,0,memory,default,1000,8,
fat32-1000-memory,fat32,read-scattered,8,4250,7,21504,0,0,0,0,0,memory,default,1000,8,
fat32-1000-memory,fat32,read-scattered,9,4042,7,21504,0,0,0,0,0,memory,default,1000,8,
fat32-1000-memory,fat32,read-scattered,10,3917,7,21504,0,0,0,0,0,memory,default,1000,8,
fat32-1000-memory,fat32,read-scattered,11,3834,7,21504,0,0,0,0,0,memory,default,1000,8,
fat32-1000-memory,fat32,read-scattered,12,3792,7,21504,0,0,0,0,0,memory,default,1000,8,
fat32-1000-memory,fat32,read-scattered,13,3875,7,21504,0,0,0,0,0,memory,default,1000,8,
fat32-1000-memory,fat32,read-scattered,14,3875,7,21504,0,0,0,0,0,memory,default,1000,8,
fat32-1000-memory,fat32,read-scattered,15,4875,7,21504,0,0,0,0,0,memory,default,1000,8,
fat32-1000-memory,fat32,read-scattered,16,5041,7,21504,0,0,0,0,0,memory,default,1000,8,
fat32-1000-memory,fat32,read-scattered,17,3750,7,21504,0,0,0,0,0,memory,default,1000,8,
fat32-1000-memory,fat32,read-scattered,18,4875,7,21504,0,0,0,0,0,memory,default,1000,8,
fat32-1000-memory,fat32,read-scattered,19,3875,7,21504,0,0,0,0,0,memory,default,1000,8,
fat32-1000-memory,fat32,read-scattered,20,3917,7,21504,0,0,0,0,0,memory,default,1000,8,
fat32-1000-memory,fat32,read-scattered,21,3791,7,21504,0,0,0,0,0,memory,default,1000,8,
fat32-1000-memory,fat32,read-full,1,4875,3,132096,0,0,0,0,0,memory,default,1000,8,
fat32-1000-memory,fat32,read-full,2,4833,3,132096,0,0,0,0,0,memory,default,1000,8,
fat32-1000-memory,fat32,read-full,3,4833,3,132096,0,0,0,0,0,memory,default,1000,8,
fat32-1000-memory,fat32,read-full,4,4875,3,132096,0,0,0,0,0,memory,default,1000,8,
fat32-1000-memory,fat32,read-full,5,6541,3,132096,0,0,0,0,0,memory,default,1000,8,
fat32-1000-memory,fat32,read-full,6,6125,3,132096,0,0,0,0,0,memory,default,1000,8,
fat32-1000-memory,fat32,read-full,7,6334,3,132096,0,0,0,0,0,memory,default,1000,8,
fat32-1000-memory,fat32,read-full,8,6375,3,132096,0,0,0,0,0,memory,default,1000,8,
fat32-1000-memory,fat32,read-full,9,4792,3,132096,0,0,0,0,0,memory,default,1000,8,
fat32-1000-memory,fat32,read-full,10,4834,3,132096,0,0,0,0,0,memory,default,1000,8,
fat32-1000-memory,fat32,read-full,11,5041,3,132096,0,0,0,0,0,memory,default,1000,8,
fat32-1000-memory,fat32,read-full,12,5084,3,132096,0,0,0,0,0,memory,default,1000,8,
fat32-1000-memory,fat32,read-full,13,4833,3,132096,0,0,0,0,0,memory,default,1000,8,
fat32-1000-memory,fat32,read-full,14,4917,3,132096,0,0,0,0,0,memory,default,1000,8,
fat32-1000-memory,fat32,read-full,15,4792,3,132096,0,0,0,0,0,memory,default,1000,8,
fat32-1000-memory,fat32,read-full,16,4833,3,132096,0,0,0,0,0,memory,default,1000,8,
fat32-1000-memory,fat32,read-full,17,4750,3,132096,0,0,0,0,0,memory,default,1000,8,
fat32-1000-memory,fat32,read-full,18,4667,3,132096,0,0,0,0,0,memory,default,1000,8,
fat32-1000-memory,fat32,read-full,19,4709,3,132096,0,0,0,0,0,memory,default,1000,8,
fat32-1000-memory,fat32,read-full,20,4750,3,132096,0,0,0,0,0,memory,default,1000,8,
fat32-1000-memory,fat32,read-full,21,4791,3,132096,0,0,0,0,0,memory,default,1000,8,
fat32-index-1000-file,fat32,mount,1,6542,3,1536,0,0,0,0,0,file,index,1000,8,2539520
fat32-index-1000-file,fat32,mount,2,5667,3,1536,0,0,0,0,0,file,index,1000,8,2539520
fat32-index-1000-file,fat32,mount,3,6083,3,1536,0,0,0,0,0,file,index,1000,8,2539520
fat32-index-1000-file,fat32,mount,4,6041,3,1536,0,0,0,0,0,file,index,1000,8,2539520
fat32-index-1000-file,fat32,mount,5,8750,3,1536,0,0,0,0,0,file,index,1000,8,2539520
fat32-index-1000-file,fat32,list,1,239959,72,36864,0,0,0,0,0,file,index,1000,8,3801088
fat32-index-1000-file,fat32,list,2,229917,72,36864,0,0,0,0,0,file,index,1000,8,3768320
fat32-index-1000-file,fat32,list,3,244791,72,36864,0,0,0,0,0,file,index,1000,8,3784704
fat32-index-1000-file,fat32,list,4,236167,72,36864,0,0,0,0,0,file,index,1000,8,3784704
fat32-index-1000-file,fat32,list,5,239666,72,36864,0,0,0,0,0,file,index,1000,8,3784704
fat32-index-1000-file,fat32,lookup-last,1,125750,72,36864,0,0,0,0,0,file,index,1000,8,2752512
fat32-index-1000-file,fat32,lookup-last,2,125084,72,36864,0,0,0,0,0,file,index,1000,8,2736128
fat32-index-1000-file,fat32,lookup-last,3,121500,72,36864,0,0,0,0,0,file,index,1000,8,2736128
fat32-index-1000-file,fat32,lookup-last,4,130375,72,36864,0,0,0,0,0,file,index,1000,8,2736128
fat32-index-1000-file,fat32,lookup-last,5,119083,72,36864,0,0,0,0,0,file,index,1000,8,2736128
fat32-index-1000-file,fat32,lookup-miss,1,122333,72,36864,0,0,0,0,0,file,index,1000,8,2703360
fat32-index-1000-file,fat32,lookup-miss,2,134583,72,36864,0,0,0,0,0,file,index,1000,8,2703360
fat32-index-1000-file,fat32,lookup-miss,3,127000,72,36864,0,0,0,0,0,file,index,1000,8,2703360
fat32-index-1000-file,fat32,lookup-miss,4,131917,72,36864,0,0,0,0,0,file,index,1000,8,2703360
fat32-index-1000-file,fat32,lookup-miss,5,120250,72,36864,0,0,0,0,0,file,index,1000,8,2703360
fat32-index-1000-file,fat32,lookup-last-warm,1,1000,0,0,0,0,0,0,0,file,index,1000,8,2736128
fat32-index-1000-file,fat32,lookup-last-warm,2,1000,0,0,0,0,0,0,0,file,index,1000,8,2736128
fat32-index-1000-file,fat32,lookup-last-warm,3,1042,0,0,0,0,0,0,0,file,index,1000,8,2736128
fat32-index-1000-file,fat32,lookup-last-warm,4,1042,0,0,0,0,0,0,0,file,index,1000,8,2736128
fat32-index-1000-file,fat32,lookup-last-warm,5,917,0,0,0,0,0,0,0,file,index,1000,8,2736128
fat32-index-1000-file,fat32,lookup-batch,1,828500,72,36864,0,0,0,0,0,file,index,1000,8,2834432
fat32-index-1000-file,fat32,lookup-batch,2,543708,72,36864,0,0,0,0,0,file,index,1000,8,2850816
fat32-index-1000-file,fat32,lookup-batch,3,1023167,72,36864,0,0,0,0,0,file,index,1000,8,2834432
fat32-index-1000-file,fat32,lookup-batch,4,558833,72,36864,0,0,0,0,0,file,index,1000,8,2850816
fat32-index-1000-file,fat32,lookup-batch,5,991917,72,36864,0,0,0,0,0,file,index,1000,8,2834432
fat32-index-1000-file,fat32,stat,1,125,0,0,0,0,0,0,0,file,index,1000,8,2752512
fat32-index-1000-file,fat32,stat,2,84,0,0,0,0,0,0,0,file,index,1000,8,2736128
fat32-index-1000-file,fat32,stat,3,41,0,0,0,0,0,0,0,file,index,1000,8,2752512
fat32-index-1000-file,fat32,stat,4,83,0,0,0,0,0,0,0,file,index,1000,8,2736128
fat32-index-1000-file,fat32,stat,5,125,0,0,0,0,0,0,0,file,index,1000,8,2736128
fat32-index-1000-file,fat32,read-4k,1,1125,1,4096,0,0,0,0,0,file,index,1000,8,2785280
fat32-index-1000-file,fat32,read-4k,2,1042,1,4096,0,0,0,0,0,file,index,1000,8,2785280
fat32-index-1000-file,fat32,read-4k,3,1083,1,4096,0,0,0,0,0,file,index,1000,8,2785280
fat32-index-1000-file,fat32,read-4k,4,1084,1,4096,0,0,0,0,0,file,index,1000,8,2785280
fat32-index-1000-file,fat32,read-4k,5,1000,1,4096,0,0,0,0,0,file,index,1000,8,2785280
fat32-index-1000-file,fat32,read-64k,1,4333,2,66048,0,0,0,0,0,file,index,1000,8,2818048
fat32-index-1000-file,fat32,read-64k,2,4500,2,66048,0,0,0,0,0,file,index,1000,8,2801664
fat32-index-1000-file,fat32,read-64k,3,4375,2,66048,0,0,0,0,0,file,index,1000,8,2801664
fat32-index-1000-file,fat32,read-64k,4,4708,2,66048,0,0,0,0,0,file,index,1000,8,2801664
fat32-index-1000-file,fat32,read-64k,5,4375,2,66048,0,0,0,0,0,file,index,1000,8,2801664
fat32-index-1000-file,fat32,read-scattered,1,8750,7,21504,0,0,0,0,0,file,index,1000,8,2736128
fat32-index-1000-file,fat32,read-scattered,2,9125,7,21504,0,0,0,0,0,file,index,1000,8,2736128
fat32-index-1000-file,fat32,read-scattered,3,8541,7,21504,0,0,0,0,0,file,index,1000,8,2752512
fat32-index-1000-file,fat32,read-scattered,4,8709,7,21504,0,0,0,0,0,file,index,1000,8,2736128
fat32-index-1000-file,fat32,read-scattered,5,8583,7,21504,0,0,0,0,0,file,index,1000,8,2736128
fat32-index-1000-file,fat32,read-full,1,8000,3,132096,0,0,0,0,0,file,index,1000,8,2867200
fat32-index-1000-file,fat32,read-full,2,7583,3,132096,0,0,0,0,0,file,index,1000,8,2867200
fat32-index-1000-file,fat32,read-full,3,8000,3,132096,0,0,0,0,0,file,index,1000,8,2867200
fat32-index-1000-file,fat32,read-full,4,7750,3,132096,0,0,0,0,0,file,index,1000,8,2867200
fat32-index-1000-file,fat32,read-full,5,7875,3,132096,0,0,0,0,0,file,index,1000,8,2883584
fat32-index-1000-memory,fat32,mount,1,834,3,1536,0,0,0,0,0,memory,index,1000,8,
fat32-index-1000-memory,fat32,mount,2,791,3,1536,0,0,0,0,0,memory,index,1000,8,
fat32-index-1000-memory,fat32,mount,3,709,3,1536,0,0,0,0,0,memory,index,1000,8,
fat32-index-1000-memory,fat32,mount,4,708,3,1536,0,0,0,0,0,memory,index,1000,8,
fat32-index-1000-memory,fat32,mount,5,2125,3,1536,0,0,0,0,0,memory,index,1000,8,
fat32-index-1000-memory,fat32,mount,6,2250,3,1536,0,0,0,0,0,memory,index,1000,8,
fat32-index-1000-memory,fat32,mount,7,750,3,1536,0,0,0,0,0,memory,index,1000,8,
fat32-index-1000-memory,fat32,mount,8,708,3,1536,0,0,0,0,0,memory,index,1000,8,
fat32-index-1000-memory,fat32,mount,9,709,3,1536,0,0,0,0,0,memory,index,1000,8,
fat32-index-1000-memory,fat32,mount,10,709,3,1536,0,0,0,0,0,memory,index,1000,8,
fat32-index-1000-memory,fat32,mount,11,667,3,1536,0,0,0,0,0,memory,index,1000,8,
fat32-index-1000-memory,fat32,mount,12,709,3,1536,0,0,0,0,0,memory,index,1000,8,
fat32-index-1000-memory,fat32,mount,13,666,3,1536,0,0,0,0,0,memory,index,1000,8,
fat32-index-1000-memory,fat32,mount,14,667,3,1536,0,0,0,0,0,memory,index,1000,8,
fat32-index-1000-memory,fat32,mount,15,667,3,1536,0,0,0,0,0,memory,index,1000,8,
fat32-index-1000-memory,fat32,mount,16,625,3,1536,0,0,0,0,0,memory,index,1000,8,
fat32-index-1000-memory,fat32,mount,17,666,3,1536,0,0,0,0,0,memory,index,1000,8,
fat32-index-1000-memory,fat32,mount,18,667,3,1536,0,0,0,0,0,memory,index,1000,8,
fat32-index-1000-memory,fat32,mount,19,625,3,1536,0,0,0,0,0,memory,index,1000,8,
fat32-index-1000-memory,fat32,mount,20,708,3,1536,0,0,0,0,0,memory,index,1000,8,
fat32-index-1000-memory,fat32,mount,21,1917,3,1536,0,0,0,0,0,memory,index,1000,8,
fat32-index-1000-memory,fat32,list,1,206250,72,36864,0,0,0,0,0,memory,index,1000,8,
fat32-index-1000-memory,fat32,list,2,201084,72,36864,0,0,0,0,0,memory,index,1000,8,
fat32-index-1000-memory,fat32,list,3,198042,72,36864,0,0,0,0,0,memory,index,1000,8,
fat32-index-1000-memory,fat32,list,4,194125,72,36864,0,0,0,0,0,memory,index,1000,8,
fat32-index-1000-memory,fat32,list,5,196042,72,36864,0,0,0,0,0,memory,index,1000,8,
fat32-index-1000-memory,fat32,list,6,195625,72,36864,0,0,0,0,0,memory,index,1000,8,
fat32-index-1000-memory,fat32,list,7,198125,72,36864,0,0,0,0,0,memory,index,1000,8,
fat32-index-1000-memory,fat32,list,8,195250,72,36864,0,0,0,0,0,memory,index,1000,8,
fat32-index-1000-memory,fat32,list,9,195625,72,36864,0,0,0,0,0,memory,index,1000,8,
fat32-index-1000-memory,fat32,list,10,195416,72,36864,0,0,0,0,0,memory,index,1000,8,
fat32-index-1000-memory,fat32,list,11,190292,72,36864,0,0,0,0,0,memory,index,1000,8,
fat32-index-1000-memory,fat32,list,12,189792,72,36864,0,0,0,0,0,memory,index,1000,8,
fat32-index-1000-memory,fat32,list,13,190250,72,36864,0,0,0,0,0,memory,index,1000,8,
fat32-index-1000-memory,fat32,list,14,191750,72,36864,0,0,0,0,0,memory,index,1000,8,
fat32-index-1000-memory,fat32,list,15,198625,72,36864,0,0,0,0,0,memory,index,1000,8,
fat32-index-1000-memory,fat32,list,16,195625,72,36864,0,0,0,0,0,memory,index,1000,8,
fat32-index-1000-memory,fat32,list,17,203833,72,36864,0,0,0,0,0,memory,index,1000,8,
fat32-index-1000-memory,fat32,list,18,203292,72,36864,0,0,0,0,0,memory,index,1000,8,
fat32-index-1000-memory,fat32,list,19,196250,72,36864,0,0,0,0,0,memory,index,1000,8,
fat32-index-1000-memory,fat32,list,20,201125,72,36864,0,0,0,0,0,memory,index,1000,8,
fat32-index-1000-memory,fat32,list,21,199584,72,36864,0,0,0,0,0,memory,index,1000,8,
fat32-index-1000-memory,fat32,lookup-last,1,81833,72,36864,0,0,0,0,0,memory,index,1000,8,
fat32-index-1000-memory,fat32,lookup-last,2,75542,72,36864,0,0,0,0,0,memory,index,1000,8,
fat32-index-1000-memory,fat32,lookup-last,3,74916,72,36864,0,0,0,0,0,memory,index,1000,8,
fat32-index-1000-memory,fat32,lookup-last,4,74375,72,36864,0,0,0,0,0,memory,index,1000,8,
fat32-index-1000-memory,fat32,lookup-last,5,74709,72,36864,0,0,0,0,0,memory,index,1000,8,
fat32-index-1000-memory,fat32,lookup-last,6,74333,72,36864,0,0,0,0,0,memory,index,1000,8,
fat32-index-1000-memory,fat32,lookup-last,7,74125,72,36864,0,0,0,0,0,memory,index,1000,8,
fat32-index-1000-memory,fat32,lookup-last,8,75250,72,36864,0,0,0,0,0,memory,index,1000,8,
fat32-index-1000-memory,fat32,lookup-last,9,77125,72,36864,0,0,0,0,0,memory,index,1000,8,
fat32-index-1000-memory,fat32,lookup-last,10,72500,72,36864,0,0,0,0,0,memory,index,1000,8,
fat32-index-1000-memory,fat32,lookup-last,11,72750,72,36864,0,0,0,0,0,memory,index,1000,8,
fat32-index-1000-memory,fat32,lookup-last,12,73208,72,36864,0,0,0,0,0,memory,index,1000,8,
fat32-index-1000-memory,fat32,lookup-last,13,73042,72,36864,0,0,0,0,0,memory,index,1000,8,
fat32-index-1000-memory,fat32,lookup-last,14,73167,72,36864,0,0,0,0,0,memory,index,1000,8,
fat32-index-1000-memory,fat32,lookup-last,15,72333,72,36864,0,0,0,0,0,memory,index,1000,8,
fat32-index-1000-memory,fat32,lookup-last,16,73042,72,36864,0,0,0,0,0,memory,index,1000,8,
fat32-index-1000-memory,fat32,lookup-last,17,72875,72,36864,0,0,0,0,0,memory,index,1000,8,
fat32-index-1000-memory,fat32,lookup-last,18,73292,72,36864,0,0,0,0,0,memory,index,1000,8,
fat32-index-1000-memory,fat32,lookup-last,19,72208,72,36864,0,0,0,0,0,memory,index,1000,8,
fat32-index-1000-memory,fat32,lookup-last,20,72875,72,36864,0,0,0,0,0,memory,index,1000,8,
fat32-index-1000-memory,fat32,lookup-last,21,72875,72,36864,0,0,0,0,0,memory,index,1000,8,
fat32-index-1000-memory,fat32,lookup-miss,1,73458,72,36864,0,0,0,0,0,memory,index,1000,8,
fat32-index-1000-memory,fat32,lookup-miss,2,72792,72,36864,0,0,0,0,0,memory,index,1000,8,
fat32-index-1000-memory,fat32,lookup-miss,3,71625,72,36864,0,0,0,0,0,memory,index,1000,8,
fat32-index-1000-memory,fat32,lookup-miss,4,72291,72,36864,0,0,0,0,0,memory,index,1000,8,
fat32-index-1000-memory,fat32,lookup-miss,5,72833,72,36864,0,0,0,0,0,memory,index,1000,8,
fat32-index-1000-memory,fat32,lookup-miss,6,73084,72,36864,0,0,0,0,0,memory,index,1000,8,
fat32-index-1000-memory,fat32,lookup-miss,7,72958,72,36864,0,0,0,0,0,memory,index,1000,8,
fat32-index-1000-memory,fat32,lookup-miss,8,73375,72,36864,0,0,0,0,0,memory,index,1000,8,
fat32-index-1000-memory,fat32,lookup-miss,9,72958,72,36864,0,0,0,0,0,memory,index,1000,8,
fat32-index-1000-memory,fat32,lookup-miss,10,72250,72,36864,0,0,0,0,0,memory,index,1000,8,
fat32-index-1000-memory,fat32,lookup-miss,11,72792,72,36864,0,0,0,0,0,memory,index,1000,8,
fat32-index-1000-memory,fat32,lookup-miss,12,72750,72,36864,0,0,0,0,0,memory,index,1000,8,
fat32-index-1000-memory,fat32,lookup-miss,13,73084,72,36864,0,0,0,0,0,memory,index,1000,8,
fat32-index-1000-memory,fat32,lookup-miss,14,78917,72,36864,0,0,0,0,0,memory,index,1000,8,
fat32-index-1000-memory,fat32,lookup-miss,15,74666,72,36864,0,0,0,0,0,memory,index,1000,8,
fat32-index-1000-memory,fat32,lookup-miss,16,73000,72,36864,0,0,0,0,0,memory,index,1000,8,
fat32-index-1000-memory,fat32,lookup-miss,17,72291,72,36864,0,0,0,0,0,memory,index,1000,8,
fat32-index-1000-memory,fat32,lookup-miss,18,72208,72,36864,0,0,0,0,0,memory,index,1000,8,
fat32-index-1000-memory,fat32,lookup-miss,19,72042,72,36864,0,0,0,0,0,memory,index,1000,8,
fat32-index-1000-memory,fat32,lookup-miss,20,72209,72,36864,0,0,0,0,0,memory,index,1000,8,
fat32-index-1000-memory,fat32,lookup-miss,21,73083,72,36864,0,0,0,0,0,memory,index,1000,8,
fat32-index-1000-memory,fat32,lookup-last-warm,1,833,0,0,0,0,0,0,0,memory,index,1000,8,
fat32-index-1000-memory,fat32,lookup-last-warm,2,833,0,0,0,0,0,0,0,memory,index,1000,8,
fat32-index-1000-memory,fat32,lookup-last-warm,3,833,0,0,0,0,0,0,0,memory,index,1000,8,
fat32-index-1000-memory,fat32,lookup-last-warm,4,750,0,0,0,0,0,0,0,memory,index,1000,8,
fat32-index-1000-memory,fat32,lookup-last-warm,5,792,0,0,0,0,0,0,0,memory,index,1000,8,
fat32-index-1000-memory,fat32,lookup-last-warm,6,750,0,0,0,0,0,0,0,memory,index,1000,8,
fat32-index-1000-memory,fat32,lookup-last-warm,7,792,0,0,0,0,0,0,0,memory,index,1000,8,
fat32-index-1000-memory,fat32,lookup-last-warm,8,792,0,0,0,0,0,0,0,memory,index,1000,8,
fat32-index-1000-memory,fat32,lookup-last-warm,9,792,0,0,0,0,0,0,0,memory,index,1000,8,
fat32-index-1000-memory,fat32,lookup-last-warm,10,750,0,0,0,0,0,0,0,memory,index,1000,8,
fat32-index-1000-memory,fat32,lookup-last-warm,11,792,0,0,0,0,0,0,0,memory,index,1000,8,
fat32-index-1000-memory,fat32,lookup-last-warm,12,792,0,0,0,0,0,0,0,memory,index,1000,8,
fat32-index-1000-memory,fat32,lookup-last-warm,13,791,0,0,0,0,0,0,0,memory,index,1000,8,
fat32-index-1000-memory,fat32,lookup-last-warm,14,792,0,0,0,0,0,0,0,memory,index,1000,8,
fat32-index-1000-memory,fat32,lookup-last-warm,15,750,0,0,0,0,0,0,0,memory,index,1000,8,
fat32-index-1000-memory,fat32,lookup-last-warm,16,750,0,0,0,0,0,0,0,memory,index,1000,8,
fat32-index-1000-memory,fat32,lookup-last-warm,17,750,0,0,0,0,0,0,0,memory,index,1000,8,
fat32-index-1000-memory,fat32,lookup-last-warm,18,791,0,0,0,0,0,0,0,memory,index,1000,8,
fat32-index-1000-memory,fat32,lookup-last-warm,19,750,0,0,0,0,0,0,0,memory,index,1000,8,
fat32-index-1000-memory,fat32,lookup-last-warm,20,791,0,0,0,0,0,0,0,memory,index,1000,8,
fat32-index-1000-memory,fat32,lookup-last-warm,21,791,0,0,0,0,0,0,0,memory,index,1000,8,
fat32-index-1000-memory,fat32,lookup-batch,1,890417,72,36864,0,0,0,0,0,memory,index,1000,8,
fat32-index-1000-memory,fat32,lookup-batch,2,900958,72,36864,0,0,0,0,0,memory,index,1000,8,
fat32-index-1000-memory,fat32,lookup-batch,3,914666,72,36864,0,0,0,0,0,memory,index,1000,8,
fat32-index-1000-memory,fat32,lookup-batch,4,916125,72,36864,0,0,0,0,0,memory,index,1000,8,
fat32-index-1000-memory,fat32,lookup-batch,5,927667,72,36864,0,0,0,0,0,memory,index,1000,8,
fat32-index-1000-memory,fat32,lookup-batch,6,926834,72,36864,0,0,0,0,0,memory,index,1000,8,
fat32-index-1000-memory,fat32,lookup-batch,7,938917,72,36864,0,0,0,0,0,memory,index,1000,8,
fat32-index-1000-memory,fat32,lookup-batch,8,607000,72,36864,0,0,0,0,0,memory,index,1000,8,
fat32-index-1000-memory,fat32,lookup-batch,9,501792,72,36864,0,0,0,0,0,memory,index,1000,8,
fat32-index-1000-memory,fat32,lookup-batch,10,945167,72,36864,0,0,0,0,0,memory,index,1000,8,
fat32-index-1000-memory,fat32,lookup-batch,11,907375,72,36864,0,0,0,0,0,memory,index,1000,8,
fat32-index-1000-memory,fat32,lookup-batch,12,898167,72,36864,0,0,0,0,0,memory,index,1000,8,
fat32-index-1000-memory,fat32,lookup-batch,13,913542,72,36864,0,0,0,0,0,memory,index,1000,8,
fat32-index-1000-memory,fat32,lookup-batch,14,920000,72,36864,0,0,0,0,0,memory,index,1000,8,
fat32-index-1000-memory,fat32,lookup-batch,15,755042,72,36864,0,0,0,0,0,memory,index,1000,8,
fat32-index-1000-memory,fat32,lookup-batch,16,497500,72,36864,0,0,0,0,0,memory,index,1000,8,
fat32-index-1000-memory,fat32,lookup-batch,17,489166,72,36864,0,0,0,0,0,memory,index,1000,8,
fat32-index-1000-memory,fat32,lookup-batch,18,492500,72,36864,0,0,0,0,0,memory,index,1000,8,
fat32-index-1000-memory,fat32,lookup-batch,19,484083,72,36864,0,0,0,0,0,memory,index,1000,8,
fat32-index-1000-memory,fat32,lookup-batch,20,489875,72,36864,0,0,0,0,0,memory,index,1000,8,
fat32-index-1000-memory,fat32,lookup-batch,21,488334,72,36864,0,0,0,0,0,memory,index,1000,8,
fat32-index-1000-memory,fat32,stat,1,0,0,0,0,0,0,0,0,memory,index,1000,8,
fat32-index-1000-memory,fat32,stat,2,42,0,0,0,0,0,0,0,memory,index,1000,8,
fat32-index-1000-memory,fat32,stat,3,42,0,0,0,0,0,0,0,memory,index,1000,8,
fat32-index-1000-memory,fat32,stat,4,83,0,0,0,0,0,0,0,memory,index,1000,8,
fat32-index-1000-memory,fat32,stat,5,41,0,0,0,0,0,0,0,memory,index,1000,8,
fat32-index-1000-memory,fat32,stat,6,83,0,0,0,0,0,0,0,memory,index,1000,8,
fat32-index-1000-memory,fat32,stat,7,41,0,0,0,0,0,0,0,memory,index,1000,8,
fat32-index-1000-memory,fat32,stat,8,83,0,0,0,0,0,0,0,memory,index,1000,8,
fat32-index-1000-memory,fat32,stat,9,83,0,0,0,0,0,0,0,memory,index,1000,8,
fat32-index-1000-memory,fat32,stat,10,42,0,0,0,0,0,0,0,memory,index,1000,8,
fat32-index-1000-memory,fat32,stat,11,42,0,0,0,0,0,0,0,memory,index,1000,8,
fat32-index-1000-memory,fat32,stat,12,84,0,0,0,0,0,0,0,memory,index,1000,8,
fat32-index-1000-memory,fat32,stat,13,83,0,0,0,0,0,0,0,memory,index,1000,8,
fat32-index-1000-memory,fat32,stat,14,83,0,0,0,0,0,0,0,memory,index,1000,8,
fat32-index-1000-memory,fat32,stat,15,84,0,0,0,0,0,0,0,memory,index,1000,8,
fat32-index-1000-memory,fat32,stat,16,83,0,0,0,0,0,0,0,memory,index,1000,8,
fat32-index-1000-memory,fat32,stat,17,83,0,0,0,0,0,0,0,memory,index,1000,8,
fat32-index-1000-memory,fat32,stat,18,83,0,0,0,0,0,0,0,memory,index,1000,8,
fat32-index-1000-memory,fat32,stat,19,42,0,0,0,0,0,0,0,memory,index,1000,8,
fat32-index-1000-memory,fat32,stat,20,42,0,0,0,0,0,0,0,memory,index,1000,8,
fat32-index-1000-memory,fat32,stat,21,84,0,0,0,0,0,0,0,memory,index,1000,8,
fat32-index-1000-memory,fat32,read-4k,1,250,1,4096,0,0,0,0,0,memory,index,1000,8,
fat32-index-1000-memory,fat32,read-4k,2,208,1,4096,0,0,0,0,0,memory,index,1000,8,
fat32-index-1000-memory,fat32,read-4k,3,167,1,4096,0,0,0,0,0,memory,index,1000,8,
fat32-index-1000-memory,fat32,read-4k,4,166,1,4096,0,0,0,0,0,memory,index,1000,8,
fat32-index-1000-memory,fat32,read-4k,5,208,1,4096,0,0,0,0,0,memory,index,1000,8,
fat32-index-1000-memory,fat32,read-4k,6,208,1,4096,0,0,0,0,0,memory,index,1000,8,
fat32-index-1000-memory,fat32,read-4k,7,208,1,4096,0,0,0,0,0,memory,index,1000,8,
fat32-index-1000-memory,fat32,read-4k,8,209,1,4096,0,0,0,0,0,memory,index,1000,8,
fat32-index-1000-memory,fat32,read-4k,9,208,1,4096,0,0,0,0,0,memory,index,1000,8,
fat32-index-1000-memory,fat32,read-4k,10,208,1,4096,0,0,0,0,0,memory,index,1000,8,
fat32-index-1000-memory,fat32,read-4k,11,209,1,4096,0,0,0,0,0,memory,index,1000,8,
fat32-index-1000-memory,fat32,read-4k,12,209,1,4096,0,0,0,0,0,memory,index,1000,8,
fat32-index-1000-memory,fat32,read-4k,13,166,1,4096,0,0,0,0,0,memory,index,1000,8,
fat32-index-1000-memory,fat32,read-4k,14,209,1,4096,0,0,0,0,0,memory,index,1000,8,
fat32-index-1000-memory,fat32,read-4k,15,167,1,4096,0,0,0,0,0,memory,index,1000,8,
fat32-index-1000-memory,fat32,read-4k,16,209,1,4096,0,0,0,0,0,memory,index,1000,8,
fat32-index-1000-memory,fat32,read-4k,17,167,1,4096,0,0,0,0,0,memory,index,1000,8,
fat32-index-1000-memory,fat32,read-4k,18,334,1,4096,0,0,0,0,0,memory,index,1000,8,
fat32-index-1000-memory,fat32,read-4k,19,209,1,4096,0,0,0,0,0,memory,index,1000,8,
fat32-index-1000-memory,fat32,read-4k,20,208,1,4096,0,0,0,0,0,memory,index,1000,8,
fat32-index-1000-memory,fat32,read-4k,21,208,1,4096,0,0,0,0,0,memory,index,1000,8,
fat32-index-1000-memory,fat32,read-64k,1,2542,2,66048,0,0,0,0,0,memory,index,1000,8,
fat32-index-1000-memory,fat32,read-64k,2,2625,2,66048,0,0,0,0,0,memory,index,1000,8,
fat32-index-1000-memory,fat32,read-64k,3,2500,2,66048,0,0,0,0,0,memory,index,1000,8,
fat32-index-1000-memory,fat32,read-64k,4,2583,2,66048,0,0,0,0,0,memory,index,1000,8,
fat32-index-1000-memory,fat32,read-64k,5,3000,2,66048,0,0,0,0,0,memory,index,1000,8,
fat32-index-1000-memory,fat32,read-64k,6,2875,2,66048,0,0,0,0,0,memory,index,1000,8,
fat32-index-1000-memory,fat32,read-64k,7,2583,2,66048,0,0,0,0,0,memory,index,1000,8,
fat32-index-1000-memory,fat32,read-64k,8,2583,2,66048,0,0,0,0,0,memory,index,1000,8,
fat32-index-1000-memory,fat32,read-64k,9,2541,2,66048,0,0,0,0,0,memory,index,1000,8,
fat32-index-1000-memory,fat32,read-64k,10,2708,2,66048,0,0,0,0,0,memory,index,1000,8,
fat32-index-1000-memory,fat32,read-64k,11,2875,2,66048,0,0,0,0,0,memory,index,1000,8,
fat32-index-1000-memory,fat32,read-64k,12,2959,2,66048,0,0,0,0,0,memory,index,1000,8,
fat32-index-1000-memory,fat32,read-64k,13,2666,2,66048,0,0,0,0,0,memory,index,1000,8,
fat32-index-1000-memory,fat32,read-64k,14,2666,2,66048,0,0,0,0,0,memory,index,1000,8,
fat32-index-1000-memory,fat32,read-64k,15,2667,2,66048,0,0,0,0,0,memory,index,1000,8,
fat32-index-1000-memory,fat32,read-64k,16,2709,2,66048,0,0,0,0,0,memory,index,1000,8,
fat32-index-1000-memory,fat32,read-64k,17,2583,2,66048,0,0,0,0,0,memory,index,1000,8,
fat32-index-1000-memory,fat32,read-64k,18,2667,2,66048,0,0,0,0,0,memory,index,1000,8,
fat32-index-1000-memory,fat32,read-64k,19,2708,2,66048,0,0,0,0,0,memory,index,1000,8,
fat32-index-1000-memory,fat32,read-64k,20,2625,2,66048,0,0,0,0,0,memory,index,1000,8,
fat32-index-1000-memory,fat32,read-64k,21,2667,2,66048,0,0,0,0,0,memory,index,1000,8,
fat32-index-1000-memory,fat32,read-scattered,1,4333,7,21504,0,0,0,0,0,memory,index,1000,8,
fat32-index-1000-memory,fat32,read-scattered,2,4083,7,21504,0,0,0,0,0,memory,index,1000,8,
fat32-index-1000-memory,fat32,read-scattered,3,3917,7,21504,0,0,0,0,0,memory,index,1000,8,
fat32-index-1000-memory,fat32,read-scattered,4,3958,7,21504,0,0,0,0,0,memory,index,1000,8,
fat32-index-1000-memory,fat32,read-scattered,5,4000,7,21504,0,0,0,0,0,memory,index,1000,8,
fat32-index-1000-memory,fat32,read-scattered,6,3917,7,21504,0,0,0,0,0,memory,index,1000,8,
fat32-index-1000-memory,fat32,read-scattered,7,3916,7,21504,0,0,0,0,0,memory,index,1000,8,
fat32-index-1000-memory,fat32,read-scattered,8,3875,7,21504,0,0,0,0,0,memory,index,1000,8,
fat32-index-1000-memory,fat32,read-scattered,9,3834,7,21504,0,0,0,0,0,memory,index,1000,8,
fat32-index-1000-memory,fat32,read-scattered,10,3875,7,21504,0,0,0,0,0,memory,index,1000,8,
fat32-index-1000-memory,fat32,read-scattered,11,3917,7,21504,0,0,0,0,0,memory,index,1000,8,
fat32-index-1000-memory,fat32,read-scattered,12,3833,7,21504,0,0,0,0,0,memory,index,1000,8,
fat32-index-1000-memory,fat32,read-scattered,13,3833,7,21504,0,0,0,0,0,memory,index,1000,8,
fat32-index-1000-memory,fat32,read-scattered,14,3875,7,21504,0,0,0,0,0,memory,index,1000,8,
fat32-index-1000-memory,fat32,read-scattered,15,3875,7,21504,0,0,0,0,0,memory,index,1000,8,
fat32-index-1000-memory,fat32,read-scattered,16,3833,7,21504,0,0,0,0,0,memory,index,1000,8,
fat32-index-1000-memory,fat32,read-scattered,17,3875,7,21504,0,0,0,0,0,memory,index,1000,8,
fat32-index-1000-memory,fat32,read-scattered,18,4000,7,21504,0,0,0,0,0,memory,index,1000,8,
fat32-index-1000-memory,fat32,read-scattered,19,3959,7,21504,0,0,0,0,0,memory,index,1000,8,
fat32-index-1000-memory,fat32,read-scattered,20,3917,7,21504,0,0,0,0,0,memory,index,1000,8,
fat32-index-1000-memory,fat32,read-scattered,21,3917,7,21504,0,0,0,0,0,memory,index,1000,8,
fat32-index-1000-memory,fat32,read-full,1,4833,3,132096,0,0,0,0,0,memory,index,1000,8,
fat32-index-1000-memory,fat32,read-full,2,4875,3,132096,0,0,0,0,0,memory,index,1000,8,
fat32-index-1000-memory,fat32,read-full,3,4875,3,132096,0,0,0,0,0,memory,index,1000,8,
fat32-index-1000-memory,fat32,read-full,4,4792,3,132096,0,0,0,0,0,memory,index,1000,8,
fat32-index-1000-memory,fat32,read-full,5,5084,3,132096,0,0,0,0,0,memory,index,1000,8,
fat32-index-1000-memory,fat32,read-full,6,4958,3,132096,0,0,0,0,0,memory,index,1000,8,
fat32-index-1000-memory,fat32,read-full,7,5541,3,132096,0,0,0,0,0,memory,index,1000,8,
fat32-index-1000-memory,fat32,read-full,8,5000,3,132096,0,0,0,0,0,memory,index,1000,8,
fat32-index-1000-memory,fat32,read-full,9,5083,3,132096,0,0,0,0,0,memory,index,1000,8,
fat32-index-1000-memory,fat32,read-full,10,4958,3,132096,0,0,0,0,0,memory,index,1000,8,
fat32-index-1000-memory,fat32,read-full,11,5000,3,132096,0,0,0,0,0,memory,index,1000,8,
fat32-index-1000-memory,fat32,read-full,12,5000,3,132096,0,0,0,0,0,memory,index,1000,8,
fat32-index-1000-memory,fat32,read-full,13,5000,3,132096,0,0,0,0,0,memory,index,1000,8,
fat32-index-1000-memory,fat32,read-full,14,5041,3,132096,0,0,0,0,0,memory,index,1000,8,
fat32-index-1000-memory,fat32,read-full,15,5000,3,132096,0,0,0,0,0,memory,index,1000,8,
fat32-index-1000-memory,fat32,read-full,16,4959,3,132096,0,0,0,0,0,memory,index,1000,8,
fat32-index-1000-memory,fat32,read-full,17,5000,3,132096,0,0,0,0,0,memory,index,1000,8,
fat32-index-1000-memory,fat32,read-full,18,5042,3,132096,0,0,0,0,0,memory,index,1000,8,
fat32-index-1000-memory,fat32,read-full,19,4958,3,132096,0,0,0,0,0,memory,index,1000,8,
fat32-index-1000-memory,fat32,read-full,20,4958,3,132096,0,0,0,0,0,memory,index,1000,8,
fat32-index-1000-memory,fat32,read-full,21,4959,3,132096,0,0,0,0,0,memory,index,1000,8,
fat32-none-1000-file,fat32,mount,1,3458,3,1536,0,0,0,0,0,file,none,1000,0,2490368
fat32-none-1000-file,fat32,mount,2,5875,3,1536,0,0,0,0,0,file,none,1000,0,2490368
fat32-none-1000-file,fat32,mount,3,3542,3,1536,0,0,0,0,0,file,none,1000,0,2490368
fat32-none-1000-file,fat32,mount,4,3416,3,1536,0,0,0,0,0,file,none,1000,0,2490368
fat32-none-1000-file,fat32,mount,5,3417,3,1536,0,0,0,0,0,file,none,1000,0,2490368
fat32-none-1000-file,fat32,list,1,527500,125,64000,0,0,0,0,0,file,none,1000,0,3719168
fat32-none-1000-file,fat32,list,2,274167,125,64000,0,0,0,0,0,file,none,1000,0,3768320
fat32-none-1000-file,fat32,list,3,273208,125,64000,0,0,0,0,0,file,none,1000,0,3751936
fat32-none-1000-file,fat32,list,4,416584,125,64000,0,0,0,0,0,file,none,1000,0,3833856
fat32-none-1000-file,fat32,list,5,546083,125,64000,0,0,0,0,0,file,none,1000,0,3735552
fat32-none-1000-file,fat32,lookup-last,1,104042,125,64000,0,0,0,0,0,file,none,1000,0,2605056
fat32-none-1000-file,fat32,lookup-last,2,103250,125,64000,0,0,0,0,0,file,none,1000,0,2605056
fat32-none-1000-file,fat32,lookup-last,3,108250,125,64000,0,0,0,0,0,file,none,1000,0,2605056
fat32-none-1000-file,fat32,lookup-last,4,103500,125,64000,0,0,0,0,0,file,none,1000,0,2605056
fat32-none-1000-file,fat32,lookup-last,5,200167,125,64000,0,0,0,0,0,file,none,1000,0,2605056
fat32-none-1000-file,fat32,lookup-miss,1,102875,125,64000,0,0,0,0,0,file,none,1000,0,2555904
fat32-none-1000-file,fat32,lookup-miss,2,102417,125,64000,0,0,0,0,0,file,none,1000,0,2555904
fat32-none-1000-file,fat32,lookup-miss,3,105000,125,64000,0,0,0,0,0,file,none,1000,0,2555904
fat32-none-1000-file,fat32,lookup-miss,4,102625,125,64000,0,0,0,0,0,file,none,1000,0,2555904
fat32-none-1000-file,fat32,lookup-miss,5,103292,125,64000,0,0,0,0,0,file,none,1000,0,2555904
fat32-none-1000-file,fat32,lookup-last-warm,1,102500,125,64000,0,0,0,0,0,file,none,1000,0,2605056
fat32-none-1000-file,fat32,lookup-last-warm,2,102333,125,64000,0,0,0,0,0,file,none,1000,0,2605056
fat32-none-1000-file,fat32,lookup-last-warm,3,107792,125,64000,0,0,0,0,0,file,none,1000,0,2605056
fat32-none-1000-file,fat32,lookup-last-warm,4,103416,125,64000,0,0,0,0,0,file,none,1000,0,2605056
fat32-none-1000-file,fat32,lookup-last-warm,5,107834,125,64000,0,0,0,0,0,file,none,1000,0,2605056
fat32-none-1000-file,fat32,lookup-batch,1,55460167,62613,32057856,0,0,0,0,0,file,none,1000,0,2703360
fat32-none-1000-file,fat32,lookup-batch,2,54873750,62613,32057856,0,0,0,0,0,file,none,1000,0,2703360
fat32-none-1000-file,fat32,lookup-batch,3,54747958,62613,32057856,0,0,0,0,0,file,none,1000,0,2703360
fat32-none-1000-file,fat32,lookup-batch,4,53575167,62613,32057856,0,0,0,0,0,file,none,1000,0,2703360
fat32-none-1000-file,fat32,lookup-batch,5,53064125,62613,32057856,0,0,0,0,0,file,none,1000,0,2719744
fat32-none-1000-file,fat32,stat,1,125,0,0,0,0,0,0,0,file,none,1000,0,2605056
fat32-none-1000-file,fat32,stat,2,84,0,0,0,0,0,0,0,file,none,1000,0,2605056
fat32-none-1000-file,fat32,stat,3,125,0,0,0,0,0,0,0,file,none,1000,0,2605056
fat32-none-1000-file,fat32,stat,4,84,0,0,0,0,0,0,0,file,none,1000,0,2605056
fat32-none-1000-file,fat32,stat,5,83,0,0,0,0,0,0,0,file,none,1000,0,2605056
fat32-none-1000-file,fat32,read-4k,1,1750,2,4608,0,0,0,0,0,file,none,1000,0,2637824
fat32-none-1000-file,fat32,read-4k,2,1667,2,4608,0,0,0,0,0,file,none,1000,0,2637824
fat32-none-1000-file,fat32,read-4k,3,1583,2,4608,0,0,0,0,0,file,none,1000,0,2637824
fat32-none-1000-file,fat32,read-4k,4,1708,2,4608,0,0,0,0,0,file,none,1000,0,2637824
fat32-none-1000-file,fat32,read-4k,5,1625,2,4608,0,0,0,0,0,file,none,1000,0,2637824
fat32-none-1000-file,fat32,read-64k,1,5917,3,66560,0,0,0,0,0,file,none,1000,0,2686976
fat32-none-1000-file,fat32,read-64k,2,5125,3,66560,0,0,0,0,0,file,none,1000,0,2686976
fat32-none-1000-file,fat32,read-64k,3,5167,3,66560,0,0,0,0,0,file,none,1000,0,2686976
fat32-none-1000-file,fat32,read-64k,4,4875,3,66560,0,0,0,0,0,file,none,1000,0,2686976
fat32-none-1000-file,fat32,read-64k,5,4833,3,66560,0,0,0,0,0,file,none,1000,0,2686976
fat32-none-1000-file,fat32,read-scattered,1,13125,12,24064,0,0,0,0,0,file,none,1000,0,2605056
fat32-none-1000-file,fat32,read-scattered,2,13125,12,24064,0,0,0,0,0,file,none,1000,0,2605056
fat32-none-1000-file,fat32,read-scattered,3,13667,12,24064,0,0,0,0,0,file,none,1000,0,2605056
fat32-none-1000-file,fat32,read-scattered,4,13667,12,24064,0,0,0,0,0,file,none,1000,0,2605056
fat32-none-1000-file,fat32,read-scattered,5,13667,12,24064,0,0,0,0,0,file,none,1000,0,2605056
fat32-none-1000-file,fat32,read-full,1,8084,4,132608,0,0,0,0,0,file,none,1000,0,2752512
fat32-none-1000-file,fat32,read-full,2,8250,4,132608,0,0,0,0,0,file,none,1000,0,2752512
fat32-none-1000-file,fat32,read-full,3,8583,4,132608,0,0,0,0,0,file,none,1000,0,2752512
fat32-none-1000-file,fat32,read-full,4,8292,4,132608,0,0,0,0,0,file,none,1000,0,2752512
fat32-none-1000-file,fat32,read-full,5,8667,4,132608,0,0,0,0,0,file,none,1000,0,2752512
fat32-none-1000-memory,fat32,mount,1,750,3,1536,0,0,0,0,0,memory,none,1000,0,
fat32-none-1000-memory,fat32,mount,2,750,3,1536,0,0,0,0,0,memory,none,1000,0,
fat32-none-1000-memory,fat32,mount,3,625,3,1536,0,0,0,0,0,memory,none,1000,0,
fat32-none-1000-memory,fat32,mount,4,625,3,1536,0,0,0,0,0,memory,none,1000,0,
fat32-none-1000-memory,fat32,mount,5,583,3,1536,0,0,0,0,0,memory,none,1000,0,
fat32-none-1000-memory,fat32,mount,6,584,3,1536,0,0,0,0,0,memory,none,1000,0,
fat32-none-1000-memory,fat32,mount,7,584,3,1536,0,0,0,0,0,memory,none,1000,0,
fat32-none-1000-memory,fat32,mount,8,583,3,1536,0,0,0,0,0,memory,none,1000,0,
fat32-none-1000-memory,fat32,mount,9,583,3,1536,0,0,0,0,0,memory,none,1000,0,
fat32-none-1000-memory,fat32,mount,10,583,3,1536,0,0,0,0,0,memory,none,1000,0,
fat32-none-1000-memory,fat32,mount,11,583,3,1536,0,0,0,0,0,memory,none,1000,0,
fat32-none-1000-memory,fat32,mount,12,583,3,1536,0,0,0,0,0,memory,none,1000,0,
fat32-none-1000-memory,fat32,mount,13,584,3,1536,0,0,0,0,0,memory,none,1000,0,
fat32-none-1000-memory,fat32,mount,14,583,3,1536,0,0,0,0,0,memory,none,1000,0,
fat32-none-1000-memory,fat32,mount,15,542,3,1536,0,0,0,0,0,memory,none,1000,0,
fat32-none-1000-memory,fat32,mount,16,542,3,1536,0,0,0,0,0,memory,none,1000,0,
fat32-none-1000-memory,fat32,mount,17,583,3,1536,0,0,0,0,0,memory,none,1000,0,
fat32-none-1000-memory,fat32,mount,18,583,3,1536,0,0,0,0,0,memory,none,1000,0,
fat32-none-1000-memory,fat32,mount,19,584,3,1536,0,0,0,0,0,memory,none,1000,0,
fat32-none-1000-memory,fat32,mount,20,583,3,1536,0,0,0,0,0,memory,none,1000,0,
fat32-none-1000-memory,fat32,mount,21,583,3,1536,0,0,0,0,0,memory,none,1000,0,
fat32-none-1000-memory,fat32,list,1,205583,125,64000,0,0,0,0,0,memory,none,1000,0,
fat32-none-1000-memory,fat32,list,2,204125,125,64000,0,0,0,0,0,memory,none,1000,0,
fat32-none-1000-memory,fat32,list,3,204750,125,64000,0,0,0,0,0,memory,none,1000,0,
fat32-none-1000-memory,fat32,list,4,215459,125,64000,0,0,0,0,0,memory,none,1000,0,
fat32-none-1000-memory,fat32,list,5,214542,125,64000,0,0,0,0,0,memory,none,1000,0,
fat32-none-1000-memory,fat32,list,6,216459,125,64000,0,0,0,0,0,memory,none,1000,0,
fat32-none-1000-memory,fat32,list,7,214875,125,64000,0,0,0,0,0,memory,none,1000,0,
fat32-none-1000-memory,fat32,list,8,500458,125,64000,0,0,0,0,0,memory,none,1000,0,
fat32-none-1000-memory,fat32,list,9,482541,125,64000,0,0,0,0,0,memory,none,1000,0,
fat32-none-1000-memory,fat32,list,10,420000,125,64000,0,0,0,0,0,memory,none,1000,0,
fat32-none-1000-memory,fat32,list,11,418834,125,64000,0,0,0,0,0,memory,none,1000,0,
fat32-none-1000-memory,fat32,list,12,213583,125,64000,0,0,0,0,0,memory,none,1000,0,
fat32-none-1000-memory,fat32,list,13,205333,125,64000,0,0,0,0,0,memory,none,1000,0,
fat32-none-1000-memory,fat32,list,14,205042,125,64000,0,0,0,0,0,memory,none,1000,0,
fat32-none-1000-memory,fat32,list,15,203875,125,64000,0,0,0,0,0,memory,none,1000,0,
fat32-none-1000-memory,fat32,list,16,204459,125,64000,0,0,0,0,0,memory,none,1000,0,
fat32-none-1000-memory,fat32,list,17,212875,125,64000,0,0,0,0,0,memory,none,1000,0,
fat32-none-1000-memory,fat32,list,18,205666,125,64000,0,0,0,0,0,memory,none,1000,0,
fat32-none-1000-memory,fat32,list,19,204958,125,64000,0,0,0,0,0,memory,none,1000,0,
fat32-none-1000-memory,fat32,list,20,203542,125,64000,0,0,0,0,0,memory,none,1000,0,
fat32-none-1000-memory,fat32,list,21,202542,125,64000,0,0,0,0,0,memory,none,1000,0,
fat32-none-1000-memory,fat32,lookup-last,1,26333,125,64000,0,0,0,0,0,memory,none,1000,0,
fat32-none-1000-memory,fat32,lookup-last,2,25958,125,64000,0,0,0,0,0,memory,none,1000,0,
fat32-none-1000-memory,fat32,lookup-last,3,26166,125,64000,0,0,0,0,0,memory,none,1000,0,
fat32-none-1000-memory,fat32,lookup-last,4,25959,125,64000,0,0,0,0,0,memory,none,1000,0,
fat32-none-1000-memory,fat32,lookup-last,5,26000,125,64000,0,0,0,0,0,memory,none,1000,0,
fat32-none-1000-memory,fat32,lookup-last,6,26000,125,64000,0,0,0,0,0,memory,none,1000,0,
fat32-none-1000-memory,fat32,lookup-last,7,26125,125,64000,0,0,0,0,0,memory,none,1000,0,
fat32-none-1000-memory,fat32,lookup-last,8,25959,125,64000,0,0,0,0,0,memory,none,1000,0,
fat32-none-1000-memory,fat32,lookup-last,9,30833,125,64000,0,0,0,0,0,memory,none,1000,0,
fat32-none-1000-memory,fat32,lookup-last,10,26250,125,64000,0,0,0,0,0,memory,none,1000,0,
fat32-none-1000-memory,fat32,lookup-last,11,25500,125,64000,0,0,0,0,0,memory,none,1000,0,
fat32-none-1000-memory,fat32,lookup-last,12,25542,125,64000,0,0,0,0,0,memory,none,1000,0,
fat32-none-1000-memory,fat32,lookup-last,13,25500,125,64000,0,0,0,0,0,memory,none,1000,0,
fat32-none-1000-memory,fat32,lookup-last,14,25542,125,64000,0,0,0,0,0,memory,none,1000,0,
fat32-none-1000-memory,fat32,lookup-last,15,25750,125,64000,0,0,0,0,0,memory,none,1000,0,
fat32-none-1000-memory,fat32,lookup-last,16,25625,125,64000,0,0,0,0,0,memory,none,1000,0,
fat32-none-1000-memory,fat32,lookup-last,17,25666,125,64000,0,0,0,0,0,memory,none,1000,0,
fat32-none-1000-memory,fat32,lookup-last,18,25625,125,64000,0,0,0,0,0,memory,none,1000,0,
fat32-none-1000-memory,fat32,lookup-last,19,25542,125,64000,0,0,0,0,0,memory,none,1000,0,
fat32-none-1000-memory,fat32,lookup-last,20,25625,125,64000,0,0,0,0,0,memory,none,1000,0,
fat32-none-1000-memory,fat32,lookup-last,21,25750,125,64000,0,0,0,0,0,memory,none,1000,0,
fat32-none-1000-memory,fat32,lookup-miss,1,25500,125,64000,0,0,0,0,0,memory,none,1000,0,
fat32-none-1000-memory,fat32,lookup-miss,2,25709,125,64000,0,0,0,0,0,memory,none,1000,0,
fat32-none-1000-memory,fat32,lookup-miss,3,25541,125,64000,0,0,0,0,0,memory,none,1000,0,
fat32-none-1000-memory,fat32,lookup-miss,4,25458,125,64000,0,0,0,0,0,memory,none,1000,0,
fat32-none-1000-memory,fat32,lookup-miss,5,25750,125,64000,0,0,0,0,0,memory,none,1000,0,
fat32-none-1000-memory,fat32,lookup-miss,6,25667,125,64000,0,0,0,0,0,memory,none,1000,0,
fat32-none-1000-memory,fat32,lookup-miss,7,25708,125,64000,0,0,0,0,0,memory,none,1000,0,
fat32-none-1000-memory,fat32,lookup-miss,8,25666,125,64000,0,0,0,0,0,memory,none,1000,0,
fat32-none-1000-memory,fat32,lookup-miss,9,26417,125,64000,0,0,0,0,0,memory,none,1000,0,
fat32-none-1000-memory,fat32,lookup-miss,10,25375,125,64000,0,0,0,0,0,memory,none,1000,0,
fat32-none-1000-memory,fat32,lookup-miss,11,25709,125,64000,0,0,0,0,0,memory,none,1000,0,
fat32-none-1000-memory,fat32,lookup-miss,12,25417,125,64000,0,0,0,0,0,memory,none,1000,0,
fat32-none-1000-memory,fat32,lookup-miss,13,25666,125,64000,0,0,0,0,0,memory,none,1000,0,
fat32-none-1000-memory,fat32,lookup-miss,14,25625,125,64000,0,0,0,0,0,memory,none,1000,0,
fat32-none-1000-memory,fat32,lookup-miss,15,25625,125,64000,0,0,0,0,0,memory,none,1000,0,
fat32-none-1000-memory,fat32,lookup-miss,16,25750,125,64000,0,0,0,0,0,memory,none,1000,0,
fat32-none-1000-memory,fat32,lookup-miss,17,25708,125,64000,0,0,0,0,0,memory,none,1000,0,
fat32-none-1000-memory,fat32,lookup-miss,18,25500,125,64000,0,0,0,0,0,memory,none,1000,0,
fat32-none-1000-memory,fat32,lookup-miss,19,25542,125,64000,0,0,0,0,0,memory,none,1000,0,
fat32-none-1000-memory,fat32,lookup-miss,20,25750,125,64000,0,0,0,0,0,memory,none,1000,0,
fat32-none-1000-memory,fat32,lookup-miss,21,25666,125,64000,0,0,0,0,0,memory,none,1000,0,
fat32-none-1000-memory,fat32,lookup-last-warm,1,26250,125,64000,0,0,0,0,0,memory,none,1000,0,
fat32-none-1000-memory,fat32,lookup-last-warm,2,26083,125,64000,0,0,0,0,0,memory,none,1000,0,
fat32-none-1000-memory,fat32,lookup-last-warm,3,26041,125,64000,0,0,0,0,0,memory,none,1000,0,
fat32-none-1000-memory,fat32,lookup-last-warm,4,26166,125,64000,0,0,0,0,0,memory,none,1000,0,
fat32-none-1000-memory,fat32,lookup-last-warm,5,25875,125,64000,0,0,0,0,0,memory,none,1000,0,
fat32-none-1000-memory,fat32,lookup-last-warm,6,25875,125,64000,0,0,0,0,0,memory,none,1000,0,
fat32-none-1000-memory,fat32,lookup-last-warm,7,26083,125,64000,0,0,0,0,0,memory,none,1000,0,
fat32-none-1000-memory,fat32,lookup-last-warm,8,26208,125,64000,0,0,0,0,0,memory,none,1000,0,
fat32-none-1000-memory,fat32,lookup-last-warm,9,26000,125,64000,0,0,0,0,0,memory,none,1000,0,
fat32-none-1000-memory,fat32,lookup-last-warm,10,26125,125,64000,0,0,0,0,0,memory,none,1000,0,
fat32-none-1000-memory,fat32,lookup-last-warm,11,25959,125,64000,0,0,0,0,0,memory,none,1000,0,
fat32-none-1000-memory,fat32,lookup-last-warm,12,25917,125,64000,0,0,0,0,0,memory,none,1000,0,
fat32-none-1000-memory,fat32,lookup-last-warm,13,26000,125,64000,0,0,0,0,0,memory,none,1000,0,
fat32-none-1000-memory,fat32,lookup-last-warm,14,26125,125,64000,0,0,0,0,0,memory,none,1000,0,
fat32-none-1000-memory,fat32,lookup-last-warm,15,26167,125,64000,0,0,0,0,0,memory,none,1000,0,
fat32-none-1000-memory,fat32,lookup-last-warm,16,26042,125,64000,0,0,0,0,0,memory,none,1000,0,
fat32-none-1000-memory,fat32,lookup-last-warm,17,26042,125,64000,0,0,0,0,0,memory,none,1000,0,
fat32-none-1000-memory,fat32,lookup-last-warm,18,27125,125,64000,0,0,0,0,0,memory,none,1000,0,
fat32-none-1000-memory,fat32,lookup-last-warm,19,26125,125,64000,0,0,0,0,0,memory,none,1000,0,
fat32-none-1000-memory,fat32,lookup-last-warm,20,26000,125,64000,0,0,0,0,0,memory,none,1000,0,
fat32-none-1000-memory,fat32,lookup-last-warm,21,26208,125,64000,0,0,0,0,0,memory,none,1000,0,
fat32-none-1000-memory,fat32,lookup-batch,1,22767667,62613,32057856,0,0,0,0,0,memory,none,1000,0,
fat32-none-1000-memory,fat32,lookup-batch,2,31011334,62613,32057856,0,0,0,0,0,memory,none,1000,0,
fat32-none-1000-memory,fat32,lookup-batch,3,15383209,62613,32057856,0,0,0,0,0,memory,none,1000,0,
fat32-none-1000-memory,fat32,lookup-batch,4,15382917,62613,32057856,0,0,0,0,0,memory,none,1000,0,
fat32-none-1000-memory,fat32,lookup-batch,5,15622125,62613,32057856,0,0,0,0,0,memory,none,1000,0,
fat32-none-1000-memory,fat32,lookup-batch,6,15834875,62613,32057856,0,0,0,0,0,memory,none,1000,0,
fat32-none-1000-memory,fat32,lookup-batch,7,15895625,62613,32057856,0,0,0,0,0,memory,none,1000,0,
fat32-none-1000-memory,fat32,lookup-batch,8,17267208,62613,32057856,0,0,0,0,0,memory,none,1000,0,
fat32-none-1000-memory,fat32,lookup-batch,9,25545959,62613,32057856,0,0,0,0,0,memory,none,1000,0,
fat32-none-1000-memory,fat32,lookup-batch,10,30945375,62613,32057856,0,0,0,0,0,memory,none,1000,0,
fat32-none-1000-memory,fat32,lookup-batch,11,26626584,62613,32057856,0,0,0,0,0,memory,none,1000,0,
fat32-none-1000-memory,fat32,lookup-batch,12,26545000,62613,32057856,0,0,0,0,0,memory,none,1000,0,
fat32-none-1000-memory,fat32,lookup-batch,13,33779083,62613,32057856,0,0,0,0,0,memory,none,1000,0,
fat32-none-1000-memory,fat32,lookup-batch,14,36082083,62613,32057856,0,0,0,0,0,memory,none,1000,0,
fat32-none-1000-memory,fat32,lookup-batch,15,32769542,62613,32057856,0,0,0,0,0,memory,none,1000,0,
fat32-none-1000-memory,fat32,lookup-batch,16,38532375,62613,32057856,0,0,0,0,0,memory,none,1000,0,
fat32-none-1000-memory,fat32,lookup-batch,17,43295208,62613,32057856,0,0,0,0,0,memory,none,1000,0,
fat32-none-1000-memory,fat32,lookup-batch,18,39375792,62613,32057856,0,0,0,0,0,memory,none,1000,0,
fat32-none-1000-memory,fat32,lookup-batch,19,38700250,62613,32057856,0,0,0,0,0,memory,none,1000,0,
fat32-none-1000-memory,fat32,lookup-batch,20,19020875,62613,32057856,0,0,0,0,0,memory,none,1000,0,
fat32-none-1000-memory,fat32,lookup-batch,21,24123792,62613,32057856,0,0,0,0,0,memory,none,1000,0,
fat32-none-1000-memory,fat32,stat,1,41,0,0,0,0,0,0,0,memory,none,1000,0,
fat32-none-1000-memory,fat32,stat,2,42,0,0,0,0,0,0,0,memory,none,1000,0,
fat32-none-1000-memory,fat32,stat,3,84,0,0,0,0,0,0,0,memory,none,1000,0,
fat32-none-1000-memory,fat32,stat,4,84,0,0,0,0,0,0,0,memory,none,1000,0,
fat32-none-1000-memory,fat32,stat,5,42,0,0,0,0,0,0,0,memory,none,1000,0,
fat32-none-1000-memory,fat32,stat,6,84,0,0,0,0,0,0,0,memory,none,1000,0,
fat32-none-1000-memory,fat32,stat,7,83,0,0,0,0,0,0,0,memory,none,1000,0,
fat32-none-1000-memory,fat32,stat,8,84,0,0,0,0,0,0,0,memory,none,1000,0,
fat32-none-1000-memory,fat32,stat,9,83,0,0,0,0,0,0,0,memory,none,1000,0,
fat32-none-1000-memory,fat32,stat,10,41,0,0,0,0,0,0,0,memory,none,1000,0,
fat32-none-1000-memory,fat32,stat,11,84,0,0,0,0,0,0,0,memory,none,1000,0,
fat32-none-1000-memory,fat32,stat,12,42,0,0,0,0,0,0,0,memory,none,1000,0,
fat32-none-1000-memory,fat32,stat,13,42,0,0,0,0,0,0,0,memory,none,1000,0,
fat32-none-1000-memory,fat32,stat,14,83,0,0,0,0,0,0,0,memory,none,1000,0,
fat32-none-1000-memory,fat32,stat,15,42,0,0,0,0,0,0,0,memory,none,1000,0,
fat32-none-1000-memory,fat32,stat,16,83,0,0,0,0,0,0,0,memory,none,1000,0,
fat32-none-1000-memory,fat32,stat,17,625,0,0,0,0,0,0,0,memory,none,1000,0,
fat32-none-1000-memory,fat32,stat,18,42,0,0,0,0,0,0,0,memory,none,1000,0,
fat32-none-1000-memory,fat32,stat,19,84,0,0,0,0,0,0,0,memory,none,1000,0,
fat32-none-1000-memory,fat32,stat,20,83,0,0,0,0,0,0,0,memory,none,1000,0,
fat32-none-1000-memory,fat32,stat,21,42,0,0,0,0,0,0,0,memory,none,1000,0,
fat32-none-1000-memory,fat32,read-4k,1,208,2,4608,0,0,0,0,0,memory,none,1000,0,
fat32-none-1000-memory,fat32,read-4k,2,167,2,4608,0,0,0,0,0,memory,none,1000,0,
fat32-none-1000-memory,fat32,read-4k,3,167,2,4608,0,0,0,0,0,memory,none,1000,0,
fat32-none-1000-memory,fat32,read-4k,4,208,2,4608,0,0,0,0,0,memory,none,1000,0,
fat32-none-1000-memory,fat32,read-4k,5,208,2,4608,0,0,0,0,0,memory,none,1000,0,
fat32-none-1000-memory,fat32,read-4k,6,166,2,4608,0,0,0,0,0,memory,none,1000,0,
fat32-none-1000-memory,fat32,read-4k,7,167,2,4608,0,0,0,0,0,memory,none,1000,0,
fat32-none-1000-memory,fat32,read-4k,8,208,2,4608,0,0,0,0,0,memory,none,1000,0,
fat32-none-1000-memory,fat32,read-4k,9,209,2,4608,0,0,0,0,0,memory,none,1000,0,
fat32-none-1000-memory,fat32,read-4k,10,167,2,4608,0,0,0,0,0,memory,none,1000,0,
fat32-none-1000-memory,fat32,read-4k,11,167,2,4608,0,0,0,0,0,memory,none,1000,0,
fat32-none-1000-memory,fat32,read-4k,12,166,2,4608,0,0,0,0,0,memory,none,1000,0,
fat32-none-1000-memory,fat32,read-4k,13,166,2,4608,0,0,0,0,0,memory,none,1000,0,
fat32-none-1000-memory,fat32,read-4k,14,167,2,4608,0,0,0,0,0,memory,none,1000,0,
fat32-none-1000-memory,fat32,read-4k,15,167,2,4608,0,0,0,0,0,memory,none,1000,0,
fat32-none-1000-memory,fat32,read-4k,16,167,2,4608,0,0,0,0,0,memory,none,1000,0,
fat32-none-1000-memory,fat32,read-4k,17,208,2,4608,0,0,0,0,0,memory,none,1000,0,
fat32-none-1000-memory,fat32,read-4k,18,166,2,4608,0,0,0,0,0,memory,none,1000,0,
fat32-none-1000-memory,fat32,read-4k,19,167,2,4608,0,0,0,0,0,memory,none,1000,0,
fat32-none-1000-memory,fat32,read-4k,20,167,2,4608,0,0,0,0,0,memory,none,1000,0,
fat32-none-1000-memory,fat32,read-4k,21,166,2,4608,0,0,0,0,0,memory,none,1000,0,
fat32-none-1000-memory,fat32,read-64k,1,2750,3,66560,0,0,0,0,0,memory,none,1000,0,
fat32-none-1000-memory,fat32,read-64k,2,2583,3,66560,0,0,0,0,0,memory,none,1000,0,
fat32-none-1000-memory,fat32,read-64k,3,2708,3,66560,0,0,0,0,0,memory,none,1000,0,
fat32-none-1000-memory,fat32,read-64k,4,2917,3,66560,0,0,0,0,0,memory,none,1000,0,
fat32-none-1000-memory,fat32,read-64k,5,2916,3,66560,0,0,0,0,0,memory,none,1000,0,
fat32-none-1000-memory,fat32,read-64k,6,2791,3,66560,0,0,0,0,0,memory,none,1000,0,
fat32-none-1000-memory,fat32,read-64k,7,2792,3,66560,0,0,0,0,0,memory,none,1000,0,
fat32-none-1000-memory,fat32,read-64k,8,2875,3,66560,0,0,0,0,0,memory,none,1000,0,
fat32-none-1000-memory,fat32,read-64k,9,2792,3,66560,0,0,0,0,0,memory,none,1000,0,
fat32-none-1000-memory,fat32,read-64k,10,2833,3,66560,0,0,0,0,0,memory,none,1000,0,
fat32-none-1000-memory,fat32,read-64k,11,3000,3,66560,0,0,0,0,0,memory,none,1000,0,
fat32-none-1000-memory,fat32,read-64k,12,2833,3,66560,0,0,0,0,0,memory,none,1000,0,
fat32-none-1000-memory,fat32,read-64k,13,3000,3,66560,0,0,0,0,0,memory,none,1000,0,
fat32-none-1000-memory,fat32,read-64k,14,2875,3,66560,0,0,0,0,0,memory,none,1000,0,
fat32-none-1000-memory,fat32,read-64k,15,3000,3,66560,0,0,0,0,0,memory,none,1000,0,
fat32-none-1000-memory,fat32,read-64k,16,2834,3,66560,0,0,0,0,0,memory,none,1000,0,
fat32-none-1000-memory,fat32,read-64k,17,2875,3,66560,0,0,0,0,0,memory,none,1000,0,
fat32-none-1000-memory,fat32,read-64k,18,2875,3,66560,0,0,0,0,0,memory,none,1000,0,
fat32-none-1000-memory,fat32,read-64k,19,3041,3,66560,0,0,0,0,0,memory,none,1000,0,
fat32-none-1000-memory,fat32,read-64k,20,2875,3,66560,0,0,0,0,0,memory,none,1000,0,
fat32-none-1000-memory,fat32,read-64k,21,2916,3,66560,0,0,0,0,0,memory,none,1000,0,
fat32-none-1000-memory,fat32,read-scattered,1,6375,12,24064,0,0,0,0,0,memory,none,1000,0,
fat32-none-1000-memory,fat32,read-scattered,2,6417,12,24064,0,0,0,0,0,memory,none,1000,0,
fat32-none-1000-memory,fat32,read-scattered,3,6333,12,24064,0,0,0,0,0,memory,none,1000,0,
fat32-none-1000-memory,fat32,read-scattered,4,6333,12,24064,0,0,0,0,0,memory,none,1000,0,
fat32-none-1000-memory,fat32,read-scattered,5,6375,12,24064,0,0,0,0,0,memory,none,1000,0,
fat32-none-1000-memory,fat32,read-scattered,6,6375,12,24064,0,0,0,0,0,memory,none,1000,0,
fat32-none-1000-memory,fat32,read-scattered,7,6417,12,24064,0,0,0,0,0,memory,none,1000,0,
fat32-none-1000-memory,fat32,read-scattered,8,6500,12,24064,0,0,0,0,0,memory,none,1000,0,
fat32-none-1000-memory,fat32,read-scattered,9,6333,12,24064,0,0,0,0,0,memory,none,1000,0,
fat32-none-1000-memory,fat32,read-scattered,10,6417,12,24064,0,0,0,0,0,memory,none,1000,0,
fat32-none-1000-memory,fat32,read-scattered,11,6416,12,24064,0,0,0,0,0,memory,none,1000,0,
fat32-none-1000-memory,fat32,read-scattered,12,6292,12,24064,0,0,0,0,0,memory,none,1000,0,
fat32-none-1000-memory,fat32,read-scattered,13,6417,12,24064,0,0,0,0,0,memory,none,1000,0,
fat32-none-1000-memory,fat32,read-scattered,14,6375,12,24064,0,0,0,0,0,memory,none,1000,0,
fat32-none-1000-memory,fat32,read-scattered,15,6417,12,24064,0,0,0,0,0,memory,none,1000,0,
fat32-none-1000-memory,fat32,read-scattered,16,6417,12,24064,0,0,0,0,0,memory,none,1000,0,
fat32-none-1000-memory,fat32,read-scattered,17,6333,12,24064,0,0,0,0,0,memory,none,1000,0,
fat32-none-1000-memory,fat32,read-scattered,18,6333,12,24064,0,0,0,0,0,memory,none,1000,0,
fat32-none-1000-memory,fat32,read-scattered,19,6375,12,24064,0,0,0,0,0,memory,none,1000,0,
fat32-none-1000-memory,fat32,read-scattered,20,6334,12,24064,0,0,0,0,0,memory,none,1000,0,
fat32-none-1000-memory,fat32,read-scattered,21,6375,12,24064,0,0,0,0,0,memory,none,1000,0,
fat32-none-1000-memory,fat32,read-full,1,5084,4,132608,0,0,0,0,0,memory,none,1000,0,
fat32-none-1000-memory,fat32,read-full,2,5083,4,132608,0,0,0,0,0,memory,none,1000,0,
fat32-none-1000-memory,fat32,read-full,3,5083,4,132608,0,0,0,0,0,memory,none,1000,0,
fat32-none-1000-memory,fat32,read-full,4,5042,4,132608,0,0,0,0,0,memory,none,1000,0,
fat32-none-1000-memory,fat32,read-full,5,5166,4,132608,0,0,0,0,0,memory,none,1000,0,
fat32-none-1000-memory,fat32,read-full,6,5250,4,132608,0,0,0,0,0,memory,none,1000,0,
fat32-none-1000-memory,fat32,read-full,7,5333,4,132608,0,0,0,0,0,memory,none,1000,0,
fat32-none-1000-memory,fat32,read-full,8,5250,4,132608,0,0,0,0,0,memory,none,1000,0,
fat32-none-1000-memory,fat32,read-full,9,5416,4,132608,0,0,0,0,0,memory,none,1000,0,
fat32-none-1000-memory,fat32,read-full,10,5292,4,132608,0,0,0,0,0,memory,none,1000,0,
fat32-none-1000-memory,fat32,read-full,11,5375,4,132608,0,0,0,0,0,memory,none,1000,0,
fat32-none-1000-memory,fat32,read-full,12,5291,4,132608,0,0,0,0,0,memory,none,1000,0,
fat32-none-1000-memory,fat32,read-full,13,5292,4,132608,0,0,0,0,0,memory,none,1000,0,
fat32-none-1000-memory,fat32,read-full,14,5166,4,132608,0,0,0,0,0,memory,none,1000,0,
fat32-none-1000-memory,fat32,read-full,15,5292,4,132608,0,0,0,0,0,memory,none,1000,0,
fat32-none-1000-memory,fat32,read-full,16,5250,4,132608,0,0,0,0,0,memory,none,1000,0,
fat32-none-1000-memory,fat32,read-full,17,5250,4,132608,0,0,0,0,0,memory,none,1000,0,
fat32-none-1000-memory,fat32,read-full,18,5291,4,132608,0,0,0,0,0,memory,none,1000,0,
fat32-none-1000-memory,fat32,read-full,19,5333,4,132608,0,0,0,0,0,memory,none,1000,0,
fat32-none-1000-memory,fat32,read-full,20,5375,4,132608,0,0,0,0,0,memory,none,1000,0,
fat32-none-1000-memory,fat32,read-full,21,5333,4,132608,0,0,0,0,0,memory,none,1000,0,
iso-1000-file,iso,mount,1,3458,3,6144,0,0,0,0,0,file,default,1000,0,2441216
iso-1000-file,iso,mount,2,3291,3,6144,0,0,0,0,0,file,default,1000,0,2441216
iso-1000-file,iso,mount,3,3333,3,6144,0,0,0,0,0,file,default,1000,0,2441216
iso-1000-file,iso,mount,4,3167,3,6144,0,0,0,0,0,file,default,1000,0,2441216
iso-1000-file,iso,mount,5,3459,3,6144,0,0,0,0,0,file,default,1000,0,2441216
iso-1000-file,iso,list,1,1545125,2027,4151296,0,0,0,0,0,file,default,1000,0,3653632
iso-1000-file,iso,list,2,1546541,2027,4151296,0,0,0,0,0,file,default,1000,0,3653632
iso-1000-file,iso,list,3,1479500,2027,4151296,0,0,0,0,0,file,default,1000,0,3653632
iso-1000-file,iso,list,4,1486791,2027,4151296,0,0,0,0,0,file,default,1000,0,3637248
iso-1000-file,iso,list,5,1463625,2027,4151296,0,0,0,0,0,file,default,1000,0,3653632
iso-1000-file,iso,lookup-last,1,61000,25,51200,0,0,0,0,0,file,default,1000,0,2473984
iso-1000-file,iso,lookup-last,2,58500,25,51200,0,0,0,0,0,file,default,1000,0,2473984
iso-1000-file,iso,lookup-last,3,55709,25,51200,0,0,0,0,0,file,default,1000,0,2473984
iso-1000-file,iso,lookup-last,4,65166,25,51200,0,0,0,0,0,file,default,1000,0,2473984
iso-1000-file,iso,lookup-last,5,52875,25,51200,0,0,0,0,0,file,default,1000,0,2473984
iso-1000-file,iso,lookup-miss,1,53125,25,51200,0,0,0,0,0,file,default,1000,0,2490368
iso-1000-file,iso,lookup-miss,2,51958,25,51200,0,0,0,0,0,file,default,1000,0,2490368
iso-1000-file,iso,lookup-miss,3,55875,25,51200,0,0,0,0,0,file,default,1000,0,2490368
iso-1000-file,iso,lookup-miss,4,55334,25,51200,0,0,0,0,0,file,default,1000,0,2490368
iso-1000-file,iso,lookup-miss,5,52083,25,51200,0,0,0,0,0,file,default,1000,0,2490368
iso-1000-file,iso,lookup-last-warm,1,51375,25,51200,0,0,0,0,0,file,default,1000,0,2473984
iso-1000-file,iso,lookup-last-warm,2,64416,25,51200,0,0,0,0,0,file,default,1000,0,2473984
iso-1000-file,iso,lookup-last-warm,3,57917,25,51200,0,0,0,0,0,file,default,1000,0,2473984
iso-1000-file,iso,lookup-last-warm,4,55500,25,51200,0,0,0,0,0,file,default,1000,0,2473984
iso-1000-file,iso,lookup-last-warm,5,51417,25,51200,0,0,0,0,0,file,default,1000,0,2473984
iso-1000-file,iso,lookup-batch,1,29566625,13431,27506688,0,0,0,0,0,file,default,1000,0,2572288
iso-1000-file,iso,lookup-batch,2,30335042,13431,27506688,0,0,0,0,0,file,default,1000,0,2572288
iso-1000-file,iso,lookup-batch,3,29217250,13431,27506688,0,0,0,0,0,file,default,1000,0,2572288
iso-1000-file,iso,lookup-batch,4,29330875,13431,27506688,0,0,0,0,0,file,default,1000,0,2572288
iso-1000-file,iso,lookup-batch,5,29394542,13431,27506688,0,0,0,0,0,file,default,1000,0,2572288
iso-1000-file,iso,stat,1,833,1,2048,0,0,0,0,0,file,default,1000,0,2473984
iso-1000-file,iso,stat,2,792,1,2048,0,0,0,0,0,file,default,1000,0,2473984
iso-1000-file,iso,stat,3,792,1,2048,0,0,0,0,0,file,default,1000,0,2473984
iso-1000-file,iso,stat,4,792,1,2048,0,0,0,0,0,file,default,1000,0,2473984
iso-1000-file,iso,stat,5,792,1,2048,0,0,0,0,0,file,default,1000,0,2473984
iso-1000-file,iso,read-4k,1,1417,2,6144,0,0,0,0,0,file,default,1000,0,2490368
iso-1000-file,iso,read-4k,2,1291,2,6144,0,0,0,0,0,file,default,1000,0,2490368
iso-1000-file,iso,read-4k,3,1375,2,6144,0,0,0,0,0,file,default,1000,0,2490368
iso-1000-file,iso,read-4k,4,1375,2,6144,0,0,0,0,0,file,default,1000,0,2506752
iso-1000-file,iso,read-4k,5,1375,2,6144,0,0,0,0,0,file,default,1000,0,2506752
iso-1000-file,iso,read-64k,1,2917,2,67584,0,0,0,0,0,file,default,1000,0,2555904
iso-1000-file,iso,read-64k,2,2833,2,67584,0,0,0,0,0,file,default,1000,0,2555904
iso-1000-file,iso,read-64k,3,2958,2,67584,0,0,0,0,0,file,default,1000,0,2555904
iso-1000-file,iso,read-64k,4,3666,2,67584,0,0,0,0,0,file,default,1000,0,2555904
iso-1000-file,iso,read-64k,5,2708,2,67584,0,0,0,0,0,file,default,1000,0,2555904
iso-1000-file,iso,read-scattered,1,6750,10,30720,0,0,0,0,0,file,default,1000,0,2473984
iso-1000-file,iso,read-scattered,2,6708,10,30720,0,0,0,0,0,file,default,1000,0,2473984
iso-1000-file,iso,read-scattered,3,6125,10,30720,0,0,0,0,0,file,default,1000,0,2473984
iso-1000-file,iso,read-scattered,4,6541,10,30720,0,0,0,0,0,file,default,1000,0,2473984
iso-1000-file,iso,read-scattered,5,6166,10,30720,0,0,0,0,0,file,default,1000,0,2473984
iso-1000-file,iso,read-full,1,4125,2,133120,0,0,0,0,0,file,default,1000,0,2621440
iso-1000-file,iso,read-full,2,4625,2,133120,0,0,0,0,0,file,default,1000,0,2621440
iso-1000-file,iso,read-full,3,4667,2,133120,0,0,0,0,0,file,default,1000,0,2621440
iso-1000-file,iso,read-full,4,4375,2,133120,0,0,0,0,0,file,default,1000,0,2621440
iso-1000-file,iso,read-full,5,4625,2,133120,0,0,0,0,0,file,default,1000,0,2621440
iso-1000-memory,iso,mount,1,1167,3,6144,0,0,0,0,0,memory,default,1000,0,
iso-1000-memory,iso,mount,2,1083,3,6144,0,0,0,0,0,memory,default,1000,0,
iso-1000-memory,iso,mount,3,1042,3,6144,0,0,0,0,0,memory,default,1000,0,
iso-1000-memory,iso,mount,4,1083,3,6144,0,0,0,0,0,memory,default,1000,0,
iso-1000-memory,iso,mount,5,1042,3,6144,0,0,0,0,0,memory,default,1000,0,
iso-1000-memory,iso,mount,6,1042,3,6144,0,0,0,0,0,memory,default,1000,0,
iso-1000-memory,iso,mount,7,1292,3,6144,0,0,0,0,0,memory,default,1000,0,
iso-1000-memory,iso,mount,8,1083,3,6144,0,0,0,0,0,memory,default,1000,0,
iso-1000-memory,iso,mount,9,1000,3,6144,0,0,0,0,0,memory,default,1000,0,
iso-1000-memory,iso,mount,10,1000,3,6144,0,0,0,0,0,memory,default,1000,0,
iso-1000-memory,iso,mount,11,1000,3,6144,0,0,0,0,0,memory,default,1000,0,
iso-1000-memory,iso,mount,12,1042,3,6144,0,0,0,0,0,memory,default,1000,0,
iso-1000-memory,iso,mount,13,1000,3,6144,0,0,0,0,0,memory,default,1000,0,
iso-1000-memory,iso,mount,14,1000,3,6144,0,0,0,0,0,memory,default,1000,0,
iso-1000-memory,iso,mount,15,1084,3,6144,0,0,0,0,0,memory,default,1000,0,
iso-1000-memory,iso,mount,16,1000,3,6144,0,0,0,0,0,memory,default,1000,0,
iso-1000-memory,iso,mount,17,1000,3,6144,0,0,0,0,0,memory,default,1000,0,
iso-1000-memory,iso,mount,18,1042,3,6144,0,0,0,0,0,memory,default,1000,0,
iso-1000-memory,iso,mount,19,1083,3,6144,0,0,0,0,0,memory,default,1000,0,
iso-1000-memory,iso,mount,20,1041,3,6144,0,0,0,0,0,memory,default,1000,0,
iso-1000-memory,iso,mount,21,1084,3,6144,0,0,0,0,0,memory,default,1000,0,
iso-1000-memory,iso,list,1,309792,2027,4151296,0,0,0,0,0,memory,default,1000,0,
iso-1000-memory,iso,list,2,304541,2027,4151296,0,0,0,0,0,memory,default,1000,0,
iso-1000-memory,iso,list,3,284375,2027,4151296,0,0,0,0,0,memory,default,1000,0,
iso-1000-memory,iso,list,4,289750,2027,4151296,0,0,0,0,0,memory,default,1000,0,
iso-1000-memory,iso,list,5,302000,2027,4151296,0,0,0,0,0,memory,default,1000,0,
iso-1000-memory,iso,list,6,304542,2027,4151296,0,0,0,0,0,memory,default,1000,0,
iso-1000-memory,iso,list,7,301042,2027,4151296,0,0,0,0,0,memory,default,1000,0,
iso-1000-memory,iso,list,8,284333,2027,4151296,0,0,0,0,0,memory,default,1000,0,
iso-1000-memory,iso,list,9,323959,2027,4151296,0,0,0,0,0,memory,default,1000,0,
iso-1000-memory,iso,list,10,313917,2027,4151296,0,0,0,0,0,memory,default,1000,0,
iso-1000-memory,iso,list,11,296958,2027,4151296,0,0,0,0,0,memory,default,1000,0,
iso-1000-memory,iso,list,12,303250,2027,4151296,0,0,0,0,0,memory,default,1000,0,
iso-1000-memory,iso,list,13,298208,2027,4151296,0,0,0,0,0,memory,default,1000,0,
iso-1000-memory,iso,list,14,283083,2027,4151296,0,0,0,0,0,memory,default,1000,0,
iso-1000-memory,iso,list,15,290167,2027,4151296,0,0,0,0,0,memory,default,1000,0,
iso-1000-memory,iso,list,16,297375,2027,4151296,0,0,0,0,0,memory,default,1000,0,
iso-1000-memory,iso,list,17,305375,2027,4151296,0,0,0,0,0,memory,default,1000,0,
iso-1000-memory,iso,list,18,289542,2027,4151296,0,0,0,0,0,memory,default,1000,0,
iso-1000-memory,iso,list,19,289916,2027,4151296,0,0,0,0,0,memory,default,1000,0,
iso-1000-memory,iso,list,20,286750,2027,4151296,0,0,0,0,0,memory,default,1000,0,
iso-1000-memory,iso,list,21,291833,2027,4151296,0,0,0,0,0,memory,default,1000,0,
iso-1000-memory,iso,lookup-last,1,39291,25,51200,0,0,0,0,0,memory,default,1000,0,
iso-1000-memory,iso,lookup-last,2,43542,25,51200,0,0,0,0,0,memory,default,1000,0,
iso-1000-memory,iso,lookup-last,3,40750,25,51200,0,0,0,0,0,memory,default,1000,0,
iso-1000-memory,iso,lookup-last,4,47791,25,51200,0,0,0,0,0,memory,default,1000,0,
iso-1000-memory,iso,lookup-last,5,41791,25,51200,0,0,0,0,0,memory,default,1000,0,
iso-1000-memory,iso,lookup-last,6,40417,25,51200,0,0,0,0,0,memory,default,1000,0,
iso-1000-memory,iso,lookup-last,7,40833,25,51200,0,0,0,0,0,memory,default,1000,0,
iso-1000-memory,iso,lookup-last,8,40291,25,51200,0,0,0,0,0,memory,default,1000,0,
iso-1000-memory,iso,lookup-last,9,40542,25,51200,0,0,0,0,0,memory,default,1000,0,
iso-1000-memory,iso,lookup-last,10,39792,25,51200,0,0,0,0,0,memory,default,1000,0,
iso-1000-memory,iso,lookup-last,11,39625,25,51200,0,0,0,0,0,memory,default,1000,0,
iso-1000-memory,iso,lookup-last,12,40250,25,51200,0,0,0,0,0,memory,default,1000,0,
iso-1000-memory,iso,lookup-last,13,40000,25,51200,0,0,0,0,0,memory,default,1000,0,
iso-1000-memory,iso,lookup-last,14,43375,25,51200,0,0,0,0,0,memory,default,1000,0,
iso-1000-memory,iso,lookup-last,15,39667,25,51200,0,0,0,0,0,memory,default,1000,0,
iso-1000-memory,iso,lookup-last,16,39750,25,51200,0,0,0,0,0,memory,default,1000,0,
iso-1000-memory,iso,lookup-last,17,40417,25,51200,0,0,0,0,0,memory,default,1000,0,
iso-1000-memory,iso,lookup-last,18,39958,25,51200,0,0,0,0,0,memory,default,1000,0,
iso-1000-memory,iso,lookup-last,19,39916,25,51200,0,0,0,0,0,memory,default,1000,0,
iso-1000-memory,iso,lookup-last,20,40542,25,51200,0,0,0,0,0,memory,default,1000,0,
iso-1000-memory,iso,lookup-last,21,39375,25,51200,0,0,0,0,0,memory,default,1000,0,
iso-1000-memory,iso,lookup-miss,1,40084,25,51200,0,0,0,0,0,memory,default,1000,0,
iso-1000-memory,iso,lookup-miss,2,39958,25,51200,0,0,0,0,0,memory,default,1000,0,
iso-1000-memory,iso,lookup-miss,3,40458,25,51200,0,0,0,0,0,memory,default,1000,0,
iso-1000-memory,iso,lookup-miss,4,40208,25,51200,0,0,0,0,0,memory,default,1000,0,
iso-1000-memory,iso,lookup-miss,5,39375,25,51200,0,0,0,0,0,memory,default,1000,0,
iso-1000-memory,iso,lookup-miss,6,40084,25,51200,0,0,0,0,0,memory,default,1000,0,
iso-1000-memory,iso,lookup-miss,7,40209,25,51200,0,0,0,0,0,memory,default,1000,0,
iso-1000-memory,iso,lookup-miss,8,40209,25,51200,0,0,0,0,0,memory,default,1000,0,
iso-1000-memory,iso,lookup-miss,9,39666,25,51200,0,0,0,0,0,memory,default,1000,0,
iso-1000-memory,iso,lookup-miss,10,40334,25,51200,0,0,0,0,0,memory,default,1000,0,
iso-1000-memory,iso,lookup-miss,11,39250,25,51200,0,0,0,0,0,memory,default,1000,0,
iso-1000-memory,iso,lookup-miss,12,40125,25,51200,0,0,0,0,0,memory,default,1000,0,
iso-1000-memory,iso,lookup-miss,13,42917,25,51200,0,0,0,0,0,memory,default,1000,0,
iso-1000-memory,iso,lookup-miss,14,39958,25,51200,0,0,0,0,0,memory,default,1000,0,
iso-1000-memory,iso,lookup-miss,15,40500,25,51200,0,0,0,0,0,memory,default,1000,0,
iso-1000-memory,iso,lookup-miss,16,40417,25,51200,0,0,0,0,0,memory,default,1000,0,
iso-1000-memory,iso,lookup-miss,17,39875,25,51200,0,0,0,0,0,memory,default,1000,0,
iso-1000-memory,iso,lookup-miss,18,39834,25,51200,0,0,0,0,0,memory,default,1000,0,
iso-1000-memory,iso,lookup-miss,19,39583,25,51200,0,0,0,0,0,memory,default,1000,0,
iso-1000-memory,iso,lookup-miss,20,40542,25,51200,0,0,0,0,0,memory,default,1000,0,
iso-1000-memory,iso,lookup-miss,21,43875,25,51200,0,0,0,0,0,memory,default,1000,0,
iso-1000-memory,iso,lookup-last-warm,1,41916,25,51200,0,0,0,0,0,memory,default,1000,0,
iso-1000-memory,iso,lookup-last-warm,2,38833,25,51200,0,0,0,0,0,memory,default,1000,0,
iso-1000-memory,iso,lookup-last-warm,3,45958,25,51200,0,0,0,0,0,memory,default,1000,0,
iso-1000-memory,iso,lookup-last-warm,4,39000,25,51200,0,0,0,0,0,memory,default,1000,0,
iso-1000-memory,iso,lookup-last-warm,5,39042,25,51200,0,0,0,0,0,memory,default,1000,0,
iso-1000-memory,iso,lookup-last-warm,6,39250,25,51200,0,0,0,0,0,memory,default,1000,0,
iso-1000-memory,iso,lookup-last-warm,7,38959,25,51200,0,0,0,0,0,memory,default,1000,0,
iso-1000-memory,iso,lookup-last-warm,8,39000,25,51200,0,0,0,0,0,memory,default,1000,0,
iso-1000-memory,iso,lookup-last-warm,9,38791,25,51200,0,0,0,0,0,memory,default,1000,0,
iso-1000-memory,iso,lookup-last-warm,10,40000,25,51200,0,0,0,0,0,memory,default,1000,0,
iso-1000-memory,iso,lookup-last-warm,11,38833,25,51200,0,0,0,0,0,memory,default,1000,0,
iso-1000-memory,iso,lookup-last-warm,12,38875,25,51200,0,0,0,0,0,memory,default,1000,0,
iso-1000-memory,iso,lookup-last-warm,13,38833,25,51200,0,0,0,0,0,memory,default,1000,0,
iso-1000-memory,iso,lookup-last-warm,14,38875,25,51200,0,0,0,0,0,memory,default,1000,0,
iso-1000-memory,iso,lookup-last-warm,15,38875,25,51200,0,0,0,0,0,memory,default,1000,0,
iso-1000-memory,iso,lookup-last-warm,16,38875,25,51200,0,0,0,0,0,memory,default,1000,0,
iso-1000-memory,iso,lookup-last-warm,17,38958,25,51200,0,0,0,0,0,memory,default,1000,0,
iso-1000-memory,iso,lookup-last-warm,18,38875,25,51200,0,0,0,0,0,memory,default,1000,0,
iso-1000-memory,iso,lookup-last-warm,19,41625,25,51200,0,0,0,0,0,memory,default,1000,0,
iso-1000-memory,iso,lookup-last-warm,20,38958,25,51200,0,0,0,0,0,memory,default,1000,0,
iso-1000-memory,iso,lookup-last-warm,21,42875,25,51200,0,0,0,0,0,memory,default,1000,0,
iso-1000-memory,iso,lookup-batch,1,21135250,13431,27506688,0,0,0,0,0,memory,default,1000,0,
iso-1000-memory,iso,lookup-batch,2,21418834,13431,27506688,0,0,0,0,0,memory,default,1000,0,
iso-1000-memory,iso,lookup-batch,3,20971250,13431,27506688,0,0,0,0,0,memory,default,1000,0,
iso-1000-memory,iso,lookup-batch,4,21387125,13431,27506688,0,0,0,0,0,memory,default,1000,0,
iso-1000-memory,iso,lookup-batch,5,21429292,13431,27506688,0,0,0,0,0,memory,default,1000,0,
iso-1000-memory,iso,lookup-batch,6,21515334,13431,27506688,0,0,0,0,0,memory,default,1000,0,
iso-1000-memory,iso,lookup-batch,7,21092709,13431,27506688,0,0,0,0,0,memory,default,1000,0,
iso-1000-memory,iso,lookup-batch,8,21515250,13431,27506688,0,0,0,0,0,memory,default,1000,0,
iso-1000-memory,iso,lookup-batch,9,21092958,13431,27506688,0,0,0,0,0,memory,default,1000,0,
iso-1000-memory,iso,lookup-batch,10,21028208,13431,27506688,0,0,0,0,0,memory,default,1000,0,
iso-1000-memory,iso,lookup-batch,11,21408459,13431,27506688,0,0,0,0,0,memory,default,1000,0,
iso-1000-memory,iso,lookup-batch,12,21361459,13431,27506688,0,0,0,0,0,memory,default,1000,0,
iso-1000-memory,iso,lookup-batch,13,20966916,13431,27506688,0,0,0,0,0,memory,default,1000,0,
iso-1000-memory,iso,lookup-batch,14,21562000,13431,27506688,0,0,0,0,0,memory,default,1000,0,
iso-1000-memory,iso,lookup-batch,15,21412334,13431,27506688,0,0,0,0,0,memory,default,1000,0,
iso-1000-memory,iso,lookup-batch,16,20997333,13431,27506688,0,0,0,0,0,memory,default,1000,0,
iso-1000-memory,iso,lookup-batch,17,21497250,13431,27506688,0,0,0,0,0,memory,default,1000,0,
iso-1000-memory,iso,lookup-batch,18,21607375,13431,27506688,0,0,0,0,0,memory,default,1000,0,
iso-1000-memory,iso,lookup-batch,19,21220584,13431,27506688,0,0,0,0,0,memory,default,1000,0,
iso-1000-memory,iso,lookup-batch,20,21471792,13431,27506688,0,0,0,0,0,memory,default,1000,0,
iso-1000-memory,iso,lookup-batch,21,21295125,13431,27506688,0,0,0,0,0,memory,default,1000,0,
iso-1000-memory,iso,stat,1,167,1,2048,0,0,0,0,0,memory,default,1000,0,
iso-1000-memory,iso,stat,2,125,1,2048,0,0,0,0,0,memory,default,1000,0,
iso-1000-memory,iso,stat,3,125,1,2048,0,0,0,0,0,memory,default,1000,0,
iso-1000-memory,iso,stat,4,125,1,2048,0,0,0,0,0,memory,default,1000,0,
iso-1000-memory,iso,stat,5,125,1,2048,0,0,0,0,0,memory,default,1000,0,
iso-1000-memory,iso,stat,6,125,1,2048,0,0,0,0,0,memory,default,1000,0,
iso-1000-memory,iso,stat,7,125,1,2048,0,0,0,0,0,memory,default,1000,0,
iso-1000-memory,iso,stat,8,166,1,2048,0,0,0,0,0,memory,default,1000,0,
iso-1000-memory,iso,stat,9,125,1,2048,0,0,0,0,0,memory,default,1000,0,
iso-1000-memory,iso,stat,10,167,1,2048,0,0,0,0,0,memory,default,1000,0,
iso-1000-memory,iso,stat,11,125,1,2048,0,0,0,0,0,memory,default,1000,0,
iso-1000-memory,iso,stat,12,167,1,2048,0,0,0,0,0,memory,default,1000,0,
iso-1000-memory,iso,stat,13,125,1,2048,0,0,0,0,0,memory,default,1000,0,
iso-1000-memory,iso,stat,14,125,1,2048,0,0,0,0,0,memory,default,1000,0,
iso-1000-memory,iso,stat,15,125,1,2048,0,0,0,0,0,memory,default,1000,0,
iso-1000-memory,iso,stat,16,167,1,2048,0,0,0,0,0,memory,default,1000,0,
iso-1000-memory,iso,stat,17,125,1,2048,0,0,0,0,0,memory,default,1000,0,
iso-1000-memory,iso,stat,18,125,1,2048,0,0,0,0,0,memory,default,1000,0,
iso-1000-memory,iso,stat,19,125,1,2048,0,0,0,0,0,memory,default,1000,0,
iso-1000-memory,iso,stat,20,125,1,2048,0,0,0,0,0,memory,default,1000,0,
iso-1000-memory,iso,stat,21,167,1,2048,0,0,0,0,0,memory,default,1000,0,
iso-1000-memory,iso,read-4k,1,167,2,6144,0,0,0,0,0,memory,default,1000,0,
iso-1000-memory,iso,read-4k,2,167,2,6144,0,0,0,0,0,memory,default,1000,0,
iso-1000-memory,iso,read-4k,3,166,2,6144,0,0,0,0,0,memory,default,1000,0,
iso-1000-memory,iso,read-4k,4,208,2,6144,0,0,0,0,0,memory,default,1000,0,
iso-1000-memory,iso,read-4k,5,167,2,6144,0,0,0,0,0,memory,default,1000,0,
iso-1000-memory,iso,read-4k,6,167,2,6144,0,0,0,0,0,memory,default,1000,0,
iso-1000-memory,iso,read-4k,7,167,2,6144,0,0,0,0,0,memory,default,1000,0,
iso-1000-memory,iso,read-4k,8,167,2,6144,0,0,0,0,0,memory,default,1000,0,
iso-1000-memory,iso,read-4k,9,208,2,6144,0,0,0,0,0,memory,default,1000,0,
iso-1000-memory,iso,read-4k,10,166,2,6144,0,0,0,0,0,memory,default,1000,0,
iso-1000-memory,iso,read-4k,11,209,2,6144,0,0,0,0,0,memory,default,1000,0,
iso-1000-memory,iso,read-4k,12,167,2,6144,0,0,0,0,0,memory,default,1000,0,
iso-1000-memory,iso,read-4k,13,167,2,6144,0,0,0,0,0,memory,default,1000,0,
iso-1000-memory,iso,read-4k,14,208,2,6144,0,0,0,0,0,memory,default,1000,0,
iso-1000-memory,iso,read-4k,15,167,2,6144,0,0,0,0,0,memory,default,1000,0,
iso-1000-memory,iso,read-4k,16,167,2,6144,0,0,0,0,0,memory,default,1000,0,
iso-1000-memory,iso,read-4k,17,167,2,6144,0,0,0,0,0,memory,default,1000,0,
iso-1000-memory,iso,read-4k,18,167,2,6144,0,0,0,0,0,memory,default,1000,0,
iso-1000-memory,iso,read-4k,19,166,2,6144,0,0,0,0,0,memory,default,1000,0,
iso-1000-memory,iso,read-4k,20,166,2,6144,0,0,0,0,0,memory,default,1000,0,
iso-1000-memory,iso,read-4k,21,167,2,6144,0,0,0,0,0,memory,default,1000,0,
iso-1000-memory,iso,read-64k,1,1459,2,67584,0,0,0,0,0,memory,default,1000,0,
iso-1000-memory,iso,read-64k,2,1708,2,67584,0,0,0,0,0,memory,default,1000,0,
iso-1000-memory,iso,read-64k,3,1458,2,67584,0,0,0,0,0,memory,default,1000,0,
iso-1000-memory,iso,read-64k,4,1542,2,67584,0,0,0,0,0,memory,default,1000,0,
iso-1000-memory,iso,read-64k,5,2125,2,67584,0,0,0,0,0,memory,default,1000,0,
iso-1000-memory,iso,read-64k,6,1583,2,67584,0,0,0,0,0,memory,default,1000,0,
iso-1000-memory,iso,read-64k,7,1417,2,67584,0,0,0,0,0,memory,default,1000,0,
iso-1000-memory,iso,read-64k,8,1417,2,67584,0,0,0,0,0,memory,default,1000,0,
iso-1000-memory,iso,read-64k,9,1458,2,67584,0,0,0,0,0,memory,default,1000,0,
iso-1000-memory,iso,read-64k,10,1541,2,67584,0,0,0,0,0,memory,default,1000,0,
iso-1000-memory,iso,read-64k,11,1500,2,67584,0,0,0,0,0,memory,default,1000,0,
iso-1000-memory,iso,read-64k,12,1583,2,67584,0,0,0,0,0,memory,default,1000,0,
iso-1000-memory,iso,read-64k,13,1500,2,67584,0,0,0,0,0,memory,default,1000,0,
iso-1000-memory,iso,read-64k,14,1459,2,67584,0,0,0,0,0,memory,default,1000,0,
iso-1000-memory,iso,read-64k,15,1459,2,67584,0,0,0,0,0,memory,default,1000,0,
iso-1000-memory,iso,read-64k,16,1625,2,67584,0,0,0,0,0,memory,default,1000,0,
iso-1000-memory,iso,read-64k,17,1458,2,67584,0,0,0,0,0,memory,default,1000,0,
iso-1000-memory,iso,read-64k,18,1583,2,67584,0,0,0,0,0,memory,default,1000,0,
iso-1000-memory,iso,read-64k,19,1375,2,67584,0,0,0,0,0,memory,default,1000,0,
iso-1000-memory,iso,read-64k,20,1500,2,67584,0,0,0,0,0,memory,default,1000,0,
iso-1000-memory,iso,read-64k,21,1458,2,67584,0,0,0,0,0,memory,default,1000,0,
iso-1000-memory,iso,read-scattered,1,875,10,30720,0,0,0,0,0,memory,default,1000,0,
iso-1000-memory,iso,read-scattered,2,875,10,30720,0,0,0,0,0,memory,default,1000,0,
iso-1000-memory,iso,read-scattered,3,875,10,30720,0,0,0,0,0,memory,default,1000,0,
iso-1000-memory,iso,read-scattered,4,833,10,30720,0,0,0,0,0,memory,default,1000,0,
iso-1000-memory,iso,read-scattered,5,834,10,30720,0,0,0,0,0,memory,default,1000,0,
iso-1000-memory,iso,read-scattered,6,875,10,30720,0,0,0,0,0,memory,default,1000,0,
iso-1000-memory,iso,read-scattered,7,875,10,30720,0,0,0,0,0,memory,default,1000,0,
iso-1000-memory,iso,read-scattered,8,875,10,30720,0,0,0,0,0,memory,default,1000,0,
iso-1000-memory,iso,read-scattered,9,875,10,30720,0,0,0,0,0,memory,default,1000,0,
iso-1000-memory,iso,read-scattered,10,792,10,30720,0,0,0,0,0,memory,default,1000,0,
iso-1000-memory,iso,read-scattered,11,833,10,30720,0,0,0,0,0,memory,default,1000,0,
iso-1000-memory,iso,read-scattered,12,875,10,30720,0,0,0,0,0,memory,default,1000,0,
iso-1000-memory,iso,read-scattered,13,917,10,30720,0,0,0,0,0,memory,default,1000,0,
iso-1000-memory,iso,read-scattered,14,834,10,30720,0,0,0,0,0,memory,default,1000,0,
iso-1000-memory,iso,read-scattered,15,833,10,30720,0,0,0,0,0,memory,default,1000,0,
iso-1000-memory,iso,read-scattered,16,875,10,30720,0,0,0,0,0,memory,default,1000,0,
iso-1000-memory,iso,read-scattered,17,834,10,30720,0,0,0,0,0,memory,default,1000,0,
iso-1000-memory,iso,read-scattered,18,833,10,30720,0,0,0,0,0,memory,default,1000,0,
iso-1000-memory,iso,read-scattered,19,917,10,30720,0,0,0,0,0,memory,default,1000,0,
iso-1000-memory,iso,read-scattered,20,916,10,30720,0,0,0,0,0,memory,default,1000,0,
iso-1000-memory,iso,read-scattered,21,833,10,30720,0,0,0,0,0,memory,default,1000,0,
iso-1000-memory,iso,read-full,1,2125,2,133120,0,0,0,0,0,memory,default,1000,0,
iso-1000-memory,iso,read-full,2,2167,2,133120,0,0,0,0,0,memory,default,1000,0,
iso-1000-memory,iso,read-full,3,2208,2,133120,0,0,0,0,0,memory,default,1000,0,
iso-1000-memory,iso,read-full,4,2375,2,133120,0,0,0,0,0,memory,default,1000,0,
iso-1000-memory,iso,read-full,5,2125,2,133120,0,0,0,0,0,memory,default,1000,0,
iso-1000-memory,iso,read-full,6,2208,2,133120,0,0,0,0,0,memory,default,1000,0,
iso-1000-memory,iso,read-full,7,2208,2,133120,0,0,0,0,0,memory,default,1000,0,
iso-1000-memory,iso,read-full,8,2167,2,133120,0,0,0,0,0,memory,default,1000,0,
iso-1000-memory,iso,read-full,9,2166,2,133120,0,0,0,0,0,memory,default,1000,0,
iso-1000-memory,iso,read-full,10,2292,2,133120,0,0,0,0,0,memory,default,1000,0,
iso-1000-memory,iso,read-full,11,2250,2,133120,0,0,0,0,0,memory,default,1000,0,
iso-1000-memory,iso,read-full,12,2291,2,133120,0,0,0,0,0,memory,default,1000,0,
iso-1000-memory,iso,read-full,13,2291,2,133120,0,0,0,0,0,memory,default,1000,0,
iso-1000-memory,iso,read-full,14,2375,2,133120,0,0,0,0,0,memory,default,1000,0,
iso-1000-memory,iso,read-full,15,2250,2,133120,0,0,0,0,0,memory,default,1000,0,
iso-1000-memory,iso,read-full,16,2333,2,133120,0,0,0,0,0,memory,default,1000,0,
iso-1000-memory,iso,read-full,17,2375,2,133120,0,0,0,0,0,memory,default,1000,0,
iso-1000-memory,iso,read-full,18,2292,2,133120,0,0,0,0,0,memory,default,1000,0,
iso-1000-memory,iso,read-full,19,2292,2,133120,0,0,0,0,0,memory,default,1000,0,
iso-1000-memory,iso,read-full,20,2167,2,133120,0,0,0,0,0,memory,default,1000,0,
iso-1000-memory,iso,read-full,21,2166,2,133120,0,0,0,0,0,memory,default,1000,0,
iso-default-blocks32-1000-file,iso,mount,1,7042,3,6144,0,0,0,0,0,file,default,1000,32,2506752
iso-default-blocks32-1000-file,iso,mount,2,6250,3,6144,0,0,0,0,0,file,default,1000,32,2506752
iso-default-blocks32-1000-file,iso,mount,3,9416,3,6144,0,0,0,0,0,file,default,1000,32,2490368
iso-default-blocks32-1000-file,iso,mount,4,6083,3,6144,0,0,0,0,0,file,default,1000,32,2506752
iso-default-blocks32-1000-file,iso,mount,5,6333,3,6144,0,0,0,0,0,file,default,1000,32,2506752
iso-default-blocks32-1000-file,iso,list,1,276458,24,49152,0,0,0,0,0,file,default,1000,32,3751936
iso-default-blocks32-1000-file,iso,list,2,292042,24,49152,0,0,0,0,0,file,default,1000,32,3751936
iso-default-blocks32-1000-file,iso,list,3,276542,24,49152,0,0,0,0,0,file,default,1000,32,3751936
iso-default-blocks32-1000-file,iso,list,4,275500,24,49152,0,0,0,0,0,file,default,1000,32,3751936
iso-default-blocks32-1000-file,iso,list,5,314833,24,49152,0,0,0,0,0,file,default,1000,32,3751936
iso-default-blocks32-1000-file,iso,lookup-last,1,61709,24,49152,0,0,0,0,0,file,default,1000,32,2605056
iso-default-blocks32-1000-file,iso,lookup-last,2,57708,24,49152,0,0,0,0,0,file,default,1000,32,2605056
iso-default-blocks32-1000-file,iso,lookup-last,3,57709,24,49152,0,0,0,0,0,file,default,1000,32,2605056
iso-default-blocks32-1000-file,iso,lookup-last,4,57459,24,49152,0,0,0,0,0,file,default,1000,32,2572288
iso-default-blocks32-1000-file,iso,lookup-last,5,57125,24,49152,0,0,0,0,0,file,default,1000,32,2588672
iso-default-blocks32-1000-file,iso,lookup-miss,1,57000,24,49152,0,0,0,0,0,file,default,1000,32,2621440
iso-default-blocks32-1000-file,iso,lookup-miss,2,57959,24,49152,0,0,0,0,0,file,default,1000,32,2621440
iso-default-blocks32-1000-file,iso,lookup-miss,3,56875,24,49152,0,0,0,0,0,file,default,1000,32,2605056
iso-default-blocks32-1000-file,iso,lookup-miss,4,60167,24,49152,0,0,0,0,0,file,default,1000,32,2621440
iso-default-blocks32-1000-file,iso,lookup-miss,5,57666,24,49152,0,0,0,0,0,file,default,1000,32,2621440
iso-default-blocks32-1000-file,iso,lookup-last-warm,1,41334,0,0,0,0,0,0,0,file,default,1000,32,2605056
iso-default-blocks32-1000-file,iso,lookup-last-warm,2,43000,0,0,0,0,0,0,0,file,default,1000,32,2605056
iso-default-blocks32-1000-file,iso,lookup-last-warm,3,42083,0,0,0,0,0,0,0,file,default,1000,32,2605056
iso-default-blocks32-1000-file,iso,lookup-last-warm,4,42584,0,0,0,0,0,0,0,file,default,1000,32,2605056
iso-default-blocks32-1000-file,iso,lookup-last-warm,5,43375,0,0,0,0,0,0,0,file,default,1000,32,2588672
iso-default-blocks32-1000-file,iso,lookup-batch,1,21898916,24,49152,0,0,0,0,0,file,default,1000,32,2686976
iso-default-blocks32-1000-file,iso,lookup-batch,2,22152750,24,49152,0,0,0,0,0,file,default,1000,32,2703360
iso-default-blocks32-1000-file,iso,lookup-batch,3,21251959,24,49152,0,0,0,0,0,file,default,1000,32,2703360
iso-default-blocks32-1000-file,iso,lookup-batch,4,21946209,24,49152,0,0,0,0,0,file,default,1000,32,2703360
iso-default-blocks32-1000-file,iso,lookup-batch,5,21832709,24,49152,0,0,0,0,0,file,default,1000,32,2703360
iso-default-blocks32-1000-file,iso,stat,1,333,0,0,0,0,0,0,0,file,default,1000,32,2605056
iso-default-blocks32-1000-file,iso,stat,2,291,0,0,0,0,0,0,0,file,default,1000,32,2588672
iso-default-blocks32-1000-file,iso,stat,3,291,0,0,0,0,0,0,0,file,default,1000,32,2605056
iso-default-blocks32-1000-file,iso,stat,4,291,0,0,0,0,0,0,0,file,default,1000,32,2588672
iso-default-blocks32-1000-file,iso,stat,5,292,0,0,0,0,0,0,0,file,default,1000,32,2605056
iso-default-blocks32-1000-file,iso,read-4k,1,709,1,4096,0,0,0,0,0,file,default,1000,32,2621440
iso-default-blocks32-1000-file,iso,read-4k,2,750,1,4096,0,0,0,0,0,file,default,1000,32,2621440
iso-default-blocks32-1000-file,iso,read-4k,3,792,1,4096,0,0,0,0,0,file,default,1000,32,2605056
iso-default-blocks32-1000-file,iso,read-4k,4,750,1,4096,0,0,0,0,0,file,default,1000,32,2621440
iso-default-blocks32-1000-file,iso,read-4k,5,750,1,4096,0,0,0,0,0,file,default,1000,32,2621440
iso-default-blocks32-1000-file,iso,read-64k,1,2333,1,65536,0,0,0,0,0,file,default,1000,32,2654208
iso-default-blocks32-1000-file,iso,read-64k,2,2250,1,65536,0,0,0,0,0,file,default,1000,32,2654208
iso-default-blocks32-1000-file,iso,read-64k,3,2208,1,65536,0,0,0,0,0,file,default,1000,32,2670592
iso-default-blocks32-1000-file,iso,read-64k,4,2250,1,65536,0,0,0,0,0,file,default,1000,32,2654208
iso-default-blocks32-1000-file,iso,read-64k,5,2125,1,65536,0,0,0,0,0,file,default,1000,32,2654208
iso-default-blocks32-1000-file,iso,read-scattered,1,4459,5,20480,0,0,0,0,0,file,default,1000,32,2605056
iso-default-blocks32-1000-file,iso,read-scattered,2,3667,5,20480,0,0,0,0,0,file,default,1000,32,2605056
iso-default-blocks32-1000-file,iso,read-scattered,3,3625,5,20480,0,0,0,0,0,file,default,1000,32,2605056
iso-default-blocks32-1000-file,iso,read-scattered,4,3583,5,20480,0,0,0,0,0,file,default,1000,32,2588672
iso-default-blocks32-1000-file,iso,read-scattered,5,3500,5,20480,0,0,0,0,0,file,default,1000,32,2605056
iso-default-blocks32-1000-file,iso,read-full,1,3792,1,131072,0,0,0,0,0,file,default,1000,32,2719744
iso-default-blocks32-1000-file,iso,read-full,2,3667,1,131072,0,0,0,0,0,file,default,1000,32,2736128
iso-default-blocks32-1000-file,iso,read-full,3,4042,1,131072,0,0,0,0,0,file,default,1000,32,2736128
iso-default-blocks32-1000-file,iso,read-full,4,3708,1,131072,0,0,0,0,0,file,default,1000,32,2736128
iso-default-blocks32-1000-file,iso,read-full,5,3625,1,131072,0,0,0,0,0,file,default,1000,32,2719744
iso-default-blocks32-1000-memory,iso,mount,1,1250,3,6144,0,0,0,0,0,memory,default,1000,32,
iso-default-blocks32-1000-memory,iso,mount,2,1125,3,6144,0,0,0,0,0,memory,default,1000,32,
iso-default-blocks32-1000-memory,iso,mount,3,1166,3,6144,0,0,0,0,0,memory,default,1000,32,
iso-default-blocks32-1000-memory,iso,mount,4,1125,3,6144,0,0,0,0,0,memory,default,1000,32,
iso-default-blocks32-1000-memory,iso,mount,5,1125,3,6144,0,0,0,0,0,memory,default,1000,32,
iso-default-blocks32-1000-memory,iso,mount,6,1125,3,6144,0,0,0,0,0,memory,default,1000,32,
iso-default-blocks32-1000-memory,iso,mount,7,1125,3,6144,0,0,0,0,0,memory,default,1000,32,
iso-default-blocks32-1000-memory,iso,mount,8,1125,3,6144,0,0,0,0,0,memory,default,1000,32,
iso-default-blocks32-1000-memory,iso,mount,9,1125,3,6144,0,0,0,0,0,memory,default,1000,32,
iso-default-blocks32-1000-memory,iso,mount,10,1167,3,6144,0,0,0,0,0,memory,default,1000,32,
iso-default-blocks32-1000-memory,iso,mount,11,1125,3,6144,0,0,0,0,0,memory,default,1000,32,
iso-default-blocks32-1000-memory,iso,mount,12,1125,3,6144,0,0,0,0,0,memory,default,1000,32,
iso-default-blocks32-1000-memory,iso,mount,13,1125,3,6144,0,0,0,0,0,memory,default,1000,32,
iso-default-blocks32-1000-memory,iso,mount,14,1125,3,6144,0,0,0,0,0,memory,default,1000,32,
iso-default-blocks32-1000-memory,iso,mount,15,1125,3,6144,0,0,0,0,0,memory,default,1000,32,
iso-default-blocks32-1000-memory,iso,mount,16,1125,3,6144,0,0,0,0,0,memory,default,1000,32,
iso-default-blocks32-1000-memory,iso,mount,17,1125,3,6144,0,0,0,0,0,memory,default,1000,32,
iso-default-blocks32-1000-memory,iso,mount,18,1083,3,6144,0,0,0,0,0,memory,default,1000,32,
iso-default-blocks32-1000-memory,iso,mount,19,1125,3,6144,0,0,0,0,0,memory,default,1000,32,
iso-default-blocks32-1000-memory,iso,mount,20,1125,3,6144,0,0,0,0,0,memory,default,1000,32,
iso-default-blocks32-1000-memory,iso,mount,21,1167,3,6144,0,0,0,0,0,memory,default,1000,32,
iso-default-blocks32-1000-memory,iso,list,1,256125,24,49152,0,0,0,0,0,memory,default,1000,32,
iso-default-blocks32-1000-memory,iso,list,2,262250,24,49152,0,0,0,0,0,memory,default,1000,32,
iso-default-blocks32-1000-memory,iso,list,3,269750,24,49152,0,0,0,0,0,memory,default,1000,32,
iso-default-blocks32-1000-memory,iso,list,4,269458,24,49152,0,0,0,0,0,memory,default,1000,32,
iso-default-blocks32-1000-memory,iso,list,5,272375,24,49152,0,0,0,0,0,memory,default,1000,32,
iso-default-blocks32-1000-memory,iso,list,6,262083,24,49152,0,0,0,0,0,memory,default,1000,32,
iso-default-blocks32-1000-memory,iso,list,7,263042,24,49152,0,0,0,0,0,memory,default,1000,32,
iso-default-blocks32-1000-memory,iso,list,8,277541,24,49152,0,0,0,0,0,memory,default,1000,32,
iso-default-blocks32-1000-memory,iso,list,9,295750,24,49152,0,0,0,0,0,memory,default,1000,32,
iso-default-blocks32-1000-memory,iso,list,10,298000,24,49152,0,0,0,0,0,memory,default,1000,32,
iso-default-blocks32-1000-memory,iso,list,11,289417,24,49152,0,0,0,0,0,memory,default,1000,32,
iso-default-blocks32-1000-memory,iso,list,12,280250,24,49152,0,0,0,0,0,memory,default,1000,32,
iso-default-blocks32-1000-memory,iso,list,13,310375,24,49152,0,0,0,0,0,memory,default,1000,32,
iso-default-blocks32-1000-memory,iso,list,14,293417,24,49152,0,0,0,0,0,memory,default,1000,32,
iso-default-blocks32-1000-memory,iso,list,15,268084,24,49152,0,0,0,0,0,memory,default,1000,32,
iso-default-blocks32-1000-memory,iso,list,16,267042,24,49152,0,0,0,0,0,memory,default,1000,32,
iso-default-blocks32-1000-memory,iso,list,17,274542,24,49152,0,0,0,0,0,memory,default,1000,32,
iso-default-blocks32-1000-memory,iso,list,18,271416,24,49152,0,0,0,0,0,memory,default,1000,32,
iso-default-blocks32-1000-memory,iso,list,19,279083,24,49152,0,0,0,0,0,memory,default,1000,32,
iso-default-blocks32-1000-memory,iso,list,20,259625,24,49152,0,0,0,0,0,memory,default,1000,32,
iso-default-blocks32-1000-memory,iso,list,21,256458,24,49152,0,0,0,0,0,memory,default,1000,32,
iso-default-blocks32-1000-memory,iso,lookup-last,1,41167,24,49152,0,0,0,0,0,memory,default,1000,32,
iso-default-blocks32-1000-memory,iso,lookup-last,2,41250,24,49152,0,0,0,0,0,memory,default,1000,32,
iso-default-blocks32-1000-memory,iso,lookup-last,3,41167,24,49152,0,0,0,0,0,memory,default,1000,32,
iso-default-blocks32-1000-memory,iso,lookup-last,4,41125,24,49152,0,0,0,0,0,memory,default,1000,32,
iso-default-blocks32-1000-memory,iso,lookup-last,5,41042,24,49152,0,0,0,0,0,memory,default,1000,32,
iso-default-blocks32-1000-memory,iso,lookup-last,6,44458,24,49152,0,0,0,0,0,memory,default,1000,32,
iso-default-blocks32-1000-memory,iso,lookup-last,7,41167,24,49152,0,0,0,0,0,memory,default,1000,32,
iso-default-blocks32-1000-memory,iso,lookup-last,8,41250,24,49152,0,0,0,0,0,memory,default,1000,32,
iso-default-blocks32-1000-memory,iso,lookup-last,9,40875,24,49152,0,0,0,0,0,memory,default,1000,32,
iso-default-blocks32-1000-memory,iso,lookup-last,10,42625,24,49152,0,0,0,0,0,memory,default,1000,32,
iso-default-blocks32-1000-memory,iso,lookup-last,11,48000,24,49152,0,0,0,0,0,memory,default,1000,32,
iso-default-blocks32-1000-memory,iso,lookup-last,12,41750,24,49152,0,0,0,0,0,memory,default,1000,32,
iso-default-blocks32-1000-memory,iso,lookup-last,13,41875,24,49152,0,0,0,0,0,memory,default,1000,32,
iso-default-blocks32-1000-memory,iso,lookup-last,14,41958,24,49152,0,0,0,0,0,memory,default,1000,32,
iso-default-blocks32-1000-memory,iso,lookup-last,15,42625,24,49152,0,0,0,0,0,memory,default,1000,32,
iso-default-blocks32-1000-memory,iso,lookup-last,16,41375,24,49152,0,0,0,0,0,memory,default,1000,32,
iso-default-blocks32-1000-memory,iso,lookup-last,17,41208,24,49152,0,0,0,0,0,memory,default,1000,32,
iso-default-blocks32-1000-memory,iso,lookup-last,18,41417,24,49152,0,0,0,0,0,memory,default,1000,32,
iso-default-blocks32-1000-memory,iso,lookup-last,19,41167,24,49152,0,0,0,0,0,memory,default,1000,32,
iso-default-blocks32-1000-memory,iso,lookup-last,20,41292,24,49152,0,0,0,0,0,memory,default,1000,32,
iso-default-blocks32-1000-memory,iso,lookup-last,21,44625,24,49152,0,0,0,0,0,memory,default,1000,32,
iso-default-blocks32-1000-memory,iso,lookup-miss,1,41166,24,49152,0,0,0,0,0,memory,default,1000,32,
iso-default-blocks32-1000-memory,iso,lookup-miss,2,40458,24,49152,0,0,0,0,0,memory,default,1000,32,
iso-default-blocks32-1000-memory,iso,lookup-miss,3,40416,24,49152,0,0,0,0,0,memory,default,1000,32,
iso-default-blocks32-1000-memory,iso,lookup-miss,4,40750,24,49152,0,0,0,0,0,memory,default,1000,32,
iso-default-blocks32-1000-memory,iso,lookup-miss,5,40584,24,49152,0,0,0,0,0,memory,default,1000,32,
iso-default-blocks32-1000-memory,iso,lookup-miss,6,40750,24,49152,0,0,0,0,0,memory,default,1000,32,
iso-default-blocks32-1000-memory,iso,lookup-miss,7,40667,24,49152,0,0,0,0,0,memory,default,1000,32,
iso-default-blocks32-1000-memory,iso,lookup-miss,8,40500,24,49152,0,0,0,0,0,memory,default,1000,32,
iso-default-blocks32-1000-memory,iso,lookup-miss,9,40500,24,49152,0,0,0,0,0,memory,default,1000,32,
iso-default-blocks32-1000-memory,iso,lookup-miss,10,41167,24,49152,0,0,0,0,0,memory,default,1000,32,
iso-default-blocks32-1000-memory,iso,lookup-miss,11,41291,24,49152,0,0,0,0,0,memory,default,1000,32,
iso-default-blocks32-1000-memory,iso,lookup-miss,12,40750,24,49152,0,0,0,0,0,memory,default,1000,32,
iso-default-blocks32-1000-memory,iso,lookup-miss,13,41167,24,49152,0,0,0,0,0,memory,default,1000,32,
iso-default-blocks32-1000-memory,iso,lookup-miss,14,40625,24,49152,0,0,0,0,0,memory,default,1000,32,
iso-default-blocks32-1000-memory,iso,lookup-miss,15,40500,24,49152,0,0,0,0,0,memory,default,1000,32,
iso-default-blocks32-1000-memory,iso,lookup-miss,16,40583,24,49152,0,0,0,0,0,memory,default,1000,32,
iso-default-blocks32-1000-memory,iso,lookup-miss,17,40500,24,49152,0,0,0,0,0,memory,default,1000,32,
iso-default-blocks32-1000-memory,iso,lookup-miss,18,40625,24,49152,0,0,0,0,0,memory,default,1000,32,
iso-default-blocks32-1000-memory,iso,lookup-miss,19,47000,24,49152,0,0,0,0,0,memory,default,1000,32,
iso-default-blocks32-1000-memory,iso,lookup-miss,20,43000,24,49152,0,0,0,0,0,memory,default,1000,32,
iso-default-blocks32-1000-memory,iso,lookup-miss,21,41625,24,49152,0,0,0,0,0,memory,default,1000,32,
iso-default-blocks32-1000-memory,iso,lookup-last-warm,1,44000,0,0,0,0,0,0,0,memory,default,1000,32,
iso-default-blocks32-1000-memory,iso,lookup-last-warm,2,39417,0,0,0,0,0,0,0,memory,default,1000,32,
iso-default-blocks32-1000-memory,iso,lookup-last-warm,3,39584,0,0,0,0,0,0,0,memory,default,1000,32,
iso-default-blocks32-1000-memory,iso,lookup-last-warm,4,39625,0,0,0,0,0,0,0,memory,default,1000,32,
iso-default-blocks32-1000-memory,iso,lookup-last-warm,5,39708,0,0,0,0,0,0,0,memory,default,1000,32,
iso-default-blocks32-1000-memory,iso,lookup-last-warm,6,39750,0,0,0,0,0,0,0,memory,default,1000,32,
iso-default-blocks32-1000-memory,iso,lookup-last-warm,7,39875,0,0,0,0,0,0,0,memory,default,1000,32,
iso-default-blocks32-1000-memory,iso,lookup-last-warm,8,39542,0,0,0,0,0,0,0,memory,default,1000,32,
iso-default-blocks32-1000-memory,iso,lookup-last-warm,9,39667,0,0,0,0,0,0,0,memory,default,1000,32,
iso-default-blocks32-1000-memory,iso,lookup-last-warm,10,39708,0,0,0,0,0,0,0,memory,default,1000,32,
iso-default-blocks32-1000-memory,iso,lookup-last-warm,11,45834,0,0,0,0,0,0,0,memory,default,1000,32,
iso-default-blocks32-1000-memory,iso,lookup-last-warm,12,39667,0,0,0,0,0,0,0,memory,default,1000,32,
iso-default-blocks32-1000-memory,iso,lookup-last-warm,13,39500,0,0,0,0,0,0,0,memory,default,1000,32,
iso-default-blocks32-1000-memory,iso,lookup-last-warm,14,39792,0,0,0,0,0,0,0,memory,default,1000,32,
iso-default-blocks32-1000-memory,iso,lookup-last-warm,15,39583,0,0,0,0,0,0,0,memory,default,1000,32,
iso-default-blocks32-1000-memory,iso,lookup-last-warm,16,39916,0,0,0,0,0,0,0,memory,default,1000,32,
iso-default-blocks32-1000-memory,iso,lookup-last-warm,17,39458,0,0,0,0,0,0,0,memory,default,1000,32,
iso-default-blocks32-1000-memory,iso,lookup-last-warm,18,39500,0,0,0,0,0,0,0,memory,default,1000,32,
iso-default-blocks32-1000-memory,iso,lookup-last-warm,19,39625,0,0,0,0,0,0,0,memory,default,1000,32,
iso-default-blocks32-1000-memory,iso,lookup-last-warm,20,39792,0,0,0,0,0,0,0,memory,default,1000,32,
iso-default-blocks32-1000-memory,iso,lookup-last-warm,21,39542,0,0,0,0,0,0,0,memory,default,1000,32,
iso-default-blocks32-1000-memory,iso,lookup-batch,1,21830000,24,49152,0,0,0,0,0,memory,default,1000,32,
iso-default-blocks32-1000-memory,iso,lookup-batch,2,21727000,24,49152,0,0,0,0,0,memory,default,1000,32,
iso-default-blocks32-1000-memory,iso,lookup-batch,3,21833250,24,49152,0,0,0,0,0,memory,default,1000,32,
iso-default-blocks32-1000-memory,iso,lookup-batch,4,21536542,24,49152,0,0,0,0,0,memory,default,1000,32,
iso-default-blocks32-1000-memory,iso,lookup-batch,5,21861500,24,49152,0,0,0,0,0,memory,default,1000,32,
iso-default-blocks32-1000-memory,iso,lookup-batch,6,21587375,24,49152,0,0,0,0,0,memory,default,1000,32,
iso-default-blocks32-1000-memory,iso,lookup-batch,7,21730750,24,49152,0,0,0,0,0,memory,default,1000,32,
iso-default-blocks32-1000-memory,iso,lookup-batch,8,22090750,24,49152,0,0,0,0,0,memory,default,1000,32,
iso-default-blocks32-1000-memory,iso,lookup-batch,9,21367375,24,49152,0,0,0,0,0,memory,default,1000,32,
iso-default-blocks32-1000-memory,iso,lookup-batch,10,21412042,24,49152,0,0,0,0,0,memory,default,1000,32,
iso-default-blocks32-1000-memory,iso,lookup-batch,11,21566375,24,49152,0,0,0,0,0,memory,default,1000,32,
iso-default-blocks32-1000-memory,iso,lookup-batch,12,21199250,24,49152,0,0,0,0,0,memory,default,1000,32,
iso-default-blocks32-1000-memory,iso,lookup-batch,13,21451708,24,49152,0,0,0,0,0,memory,default,1000,32,
iso-default-blocks32-1000-memory,iso,lookup-batch,14,21696250,24,49152,0,0,0,0,0,memory,default,1000,32,
iso-default-blocks32-1000-memory,iso,lookup-batch,15,21496458,24,49152,0,0,0,0,0,memory,default,1000,32,
iso-default-blocks32-1000-memory,iso,lookup-batch,16,21370125,24,49152,0,0,0,0,0,memory,default,1000,32,
iso-default-blocks32-1000-memory,iso,lookup-batch,17,21633125,24,49152,0,0,0,0,0,memory,default,1000,32,
iso-default-blocks32-1000-memory,iso,lookup-batch,18,21677041,24,49152,0,0,0,0,0,memory,default,1000,32,
iso-default-blocks32-1000-memory,iso,lookup-batch,19,21559500,24,49152,0,0,0,0,0,memory,default,1000,32,
iso-default-blocks32-1000-memory,iso,lookup-batch,20,21492834,24,49152,0,0,0,0,0,memory,default,1000,32,
iso-default-blocks32-1000-memory,iso,lookup-batch,21,21480417,24,49152,0,0,0,0,0,memory,default,1000,32,
iso-default-blocks32-1000-memory,iso,stat,1,250,0,0,0,0,0,0,0,memory,default,1000,32,
iso-default-blocks32-1000-memory,iso,stat,2,166,0,0,0,0,0,0,0,memory,default,1000,32,
iso-default-blocks32-1000-memory,iso,stat,3,167,0,0,0,0,0,0,0,memory,default,1000,32,
iso-default-blocks32-1000-memory,iso,stat,4,167,0,0,0,0,0,0,0,memory,default,1000,32,
iso-default-blocks32-1000-memory,iso,stat,5,167,0,0,0,0,0,0,0,memory,default,1000,32,
iso-default-blocks32-1000-memory,iso,stat,6,167,0,0,0,0,0,0,0,memory,default,1000,32,
iso-default-blocks32-1000-memory,iso,stat,7,125,0,0,0,0,0,0,0,memory,default,1000,32,
iso-default-blocks32-1000-memory,iso,stat,8,167,0,0,0,0,0,0,0,memory,default,1000,32,
iso-default-blocks32-1000-memory,iso,stat,9,167,0,0,0,0,0,0,0,memory,default,1000,32,
iso-default-blocks32-1000-memory,iso,stat,10,167,0,0,0,0,0,0,0,memory,default,1000,32,
iso-default-blocks32-1000-memory,iso,stat,11,167,0,0,0,0,0,0,0,memory,default,1000,32,
iso-default-blocks32-1000-memory,iso,stat,12,166,0,0,0,0,0,0,0,memory,default,1000,32,
iso-default-blocks32-1000-memory,iso,stat,13,167,0,0,0,0,0,0,0,memory,default,1000,32,
iso-default-blocks32-1000-memory,iso,stat,14,167,0,0,0,0,0,0,0,memory,default,1000,32,
iso-default-blocks32-1000-memory,iso,stat,15,167,0,0,0,0,0,0,0,memory,default,1000,32,
iso-default-blocks32-1000-memory,iso,stat,16,167,0,0,0,0,0,0,0,memory,default,1000,32,
iso-default-blocks32-1000-memory,iso,stat,17,167,0,0,0,0,0,0,0,memory,default,1000,32,
iso-default-blocks32-1000-memory,iso,stat,18,167,0,0,0,0,0,0,0,memory,default,1000,32,
iso-default-blocks32-1000-memory,iso,stat,19,166,0,0,0,0,0,0,0,memory,default,1000,32,
iso-default-blocks32-1000-memory,iso,stat,20,125,0,0,0,0,0,0,0,memory,default,1000,32,
iso-default-blocks32-1000-memory,iso,stat,21,167,0,0,0,0,0,0,0,memory,default,1000,32,
iso-default-blocks32-1000-memory,iso,read-4k,1,125,1,4096,0,0,0,0,0,memory,default,1000,32,
iso-default-blocks32-1000-memory,iso,read-4k,2,125,1,4096,0,0,0,0,0,memory,default,1000,32,
iso-default-blocks32-1000-memory,iso,read-4k,3,83,1,4096,0,0,0,0,0,memory,default,1000,32,
iso-default-blocks32-1000-memory,iso,read-4k,4,125,1,4096,0,0,0,0,0,memory,default,1000,32,
iso-default-blocks32-1000-memory,iso,read-4k,5,125,1,4096,0,0,0,0,0,memory,default,1000,32,
iso-default-blocks32-1000-memory,iso,read-4k,6,84,1,4096,0,0,0,0,0,memory,default,1000,32,
iso-default-blocks32-1000-memory,iso,read-4k,7,125,1,4096,0,0,0,0,0,memory,default,1000,32,
iso-default-blocks32-1000-memory,iso,read-4k,8,125,1,4096,0,0,0,0,0,memory,default,1000,32,
iso-default-blocks32-1000-memory,iso,read-4k,9,84,1,4096,0,0,0,0,0,memory,default,1000,32,
iso-default-blocks32-1000-memory,iso,read-4k,10,125,1,4096,0,0,0,0,0,memory,default,1000,32,
iso-default-blocks32-1000-memory,iso,read-4k,11,83,1,4096,0,0,0,0,0,memory,default,1000,32,
iso-default-blocks32-1000-memory,iso,read-4k,12,83,1,4096,0,0,0,0,0,memory,default,1000,32,
iso-default-blocks32-1000-memory,iso,read-4k,13,83,1,4096,0,0,0,0,0,memory,default,1000,32,
iso-default-blocks32-1000-memory,iso,read-4k,14,84,1,4096,0,0,0,0,0,memory,default,1000,32,
iso-default-blocks32-1000-memory,iso,read-4k,15,83,1,4096,0,0,0,0,0,memory,default,1000,32,
iso-default-blocks32-1000-memory,iso,read-4k,16,125,1,4096,0,0,0,0,0,memory,default,1000,32,
iso-default-blocks32-1000-memory,iso,read-4k,17,125,1,4096,0,0,0,0,0,memory,default,1000,32,
iso-default-blocks32-1000-memory,iso,read-4k,18,125,1,4096,0,0,0,0,0,memory,default,1000,32,
iso-default-blocks32-1000-memory,iso,read-4k,19,125,1,4096,0,0,0,0,0,memory,default,1000,32,
iso-default-blocks32-1000-memory,iso,read-4k,20,83,1,4096,0,0,0,0,0,memory,default,1000,32,
iso-default-blocks32-1000-memory,iso,read-4k,21,125,1,4096,0,0,0,0,0,memory,default,1000,32,
iso-default-blocks32-1000-memory,iso,read-64k,1,1084,1,65536,0,0,0,0,0,memory,default,1000,32,
iso-default-blocks32-1000-memory,iso,read-64k,2,1333,1,65536,0,0,0,0,0,memory,default,1000,32,
iso-default-blocks32-1000-memory,iso,read-64k,3,1375,1,65536,0,0,0,0,0,memory,default,1000,32,
iso-default-blocks32-1000-memory,iso,read-64k,4,1334,1,65536,0,0,0,0,0,memory,default,1000,32,
iso-default-blocks32-1000-memory,iso,read-64k,5,1500,1,65536,0,0,0,0,0,memory,default,1000,32,
iso-default-blocks32-1000-memory,iso,read-64k,6,1375,1,65536,0,0,0,0,0,memory,default,1000,32,
iso-default-blocks32-1000-memory,iso,read-64k,7,1417,1,65536,0,0,0,0,0,memory,default,1000,32,
iso-default-blocks32-1000-memory,iso,read-64k,8,1333,1,65536,0,0,0,0,0,memory,default,1000,32,
iso-default-blocks32-1000-memory,iso,read-64k,9,1375,1,65536,0,0,0,0,0,memory,default,1000,32,
iso-default-blocks32-1000-memory,iso,read-64k,10,1375,1,65536,0,0,0,0,0,memory,default,1000,32,
iso-default-blocks32-1000-memory,iso,read-64k,11,1375,1,65536,0,0,0,0,0,memory,default,1000,32,
iso-default-blocks32-1000-memory,iso,read-64k,12,1250,1,65536,0,0,0,0,0,memory,default,1000,32,
iso-default-blocks32-1000-memory,iso,read-64k,13,1333,1,65536,0,0,0,0,0,memory,default,1000,32,
iso-default-blocks32-1000-memory,iso,read-64k,14,1334,1,65536,0,0,0,0,0,memory,default,1000,32,
iso-default-blocks32-1000-memory,iso,read-64k,15,1291,1,65536,0,0,0,0,0,memory,default,1000,32,
iso-default-blocks32-1000-memory,iso,read-64k,16,1375,1,65536,0,0,0,0,0,memory,default,1000,32,
iso-default-blocks32-1000-memory,iso,read-64k,17,1375,1,65536,0,0,0,0,0,memory,default,1000,32,
iso-default-blocks32-1000-memory,iso,read-64k,18,1291,1,65536,0,0,0,0,0,memory,default,1000,32,
iso-default-blocks32-1000-memory,iso,read-64k,19,1208,1,65536,0,0,0,0,0,memory,default,1000,32,
iso-default-blocks32-1000-memory,iso,read-64k,20,1125,1,65536,0,0,0,0,0,memory,default,1000,32,
iso-default-blocks32-1000-memory,iso,read-64k,21,1125,1,65536,0,0,0,0,0,memory,default,1000,32,
iso-default-blocks32-1000-memory,iso,read-scattered,1,667,5,20480,0,0,0,0,0,memory,default,1000,32,
iso-default-blocks32-1000-memory,iso,read-scattered,2,625,5,20480,0,0,0,0,0,memory,default,1000,32,
iso-default-blocks32-1000-memory,iso,read-scattered,3,625,5,20480,0,0,0,0,0,memory,default,1000,32,
iso-default-blocks32-1000-memory,iso,read-scattered,4,584,5,20480,0,0,0,0,0,memory,default,1000,32,
iso-default-blocks32-1000-memory,iso,read-scattered,5,583,5,20480,0,0,0,0,0,memory,default,1000,32,
iso-default-blocks32-1000-memory,iso,read-scattered,6,583,5,20480,0,0,0,0,0,memory,default,1000,32,
iso-default-blocks32-1000-memory,iso,read-scattered,7,583,5,20480,0,0,0,0,0,memory,default,1000,32,
iso-default-blocks32-1000-memory,iso,read-scattered,8,625,5,20480,0,0,0,0,0,memory,default,1000,32,
iso-default-blocks32-1000-memory,iso,read-scattered,9,625,5,20480,0,0,0,0,0,memory,default,1000,32,
iso-default-blocks32-1000-memory,iso,read-scattered,10,625,5,20480,0,0,0,0,0,memory,default,1000,32,
iso-default-blocks32-1000-memory,iso,read-scattered,11,583,5,20480,0,0,0,0,0,memory,default,1000,32,
iso-default-blocks32-1000-memory,iso,read-scattered,12,584,5,20480,0,0,0,0,0,memory,default,1000,32,
iso-default-blocks32-1000-memory,iso,read-scattered,13,583,5,20480,0,0,0,0,0,memory,default,1000,32,
iso-default-blocks32-1000-memory,iso,read-scattered,14,625,5,20480,0,0,0,0,0,memory,default,1000,32,
iso-default-blocks32-1000-memory,iso,read-scattered,15,625,5,20480,0,0,0,0,0,memory,default,1000,32,
iso-default-blocks32-1000-memory,iso,read-scattered,16,666,5,20480,0,0,0,0,0,memory,default,1000,32,
iso-default-blocks32-1000-memory,iso,read-scattered,17,625,5,20480,0,0,0,0,0,memory,default,1000,32,
iso-default-blocks32-1000-memory,iso,read-scattered,18,625,5,20480,0,0,0,0,0,memory,default,1000,32,
iso-default-blocks32-1000-memory,iso,read-scattered,19,625,5,20480,0,0,0,0,0,memory,default,1000,32,
iso-default-blocks32-1000-memory,iso,read-scattered,20,625,5,20480,0,0,0,0,0,memory,default,1000,32,
iso-default-blocks32-1000-memory,iso,read-scattered,21,625,5,20480,0,0,0,0,0,memory,default,1000,32,
iso-default-blocks32-1000-memory,iso,read-full,1,2250,1,131072,0,0,0,0,0,memory,default,1000,32,
iso-default-blocks32-1000-memory,iso,read-full,2,2167,1,131072,0,0,0,0,0,memory,default,1000,32,
iso-default-blocks32-1000-memory,iso,read-full,3,2250,1,131072,0,0,0,0,0,memory,default,1000,32,
iso-default-blocks32-1000-memory,iso,read-full,4,2250,1,131072,0,0,0,0,0,memory,default,1000,32,
iso-default-blocks32-1000-memory,iso,read-full,5,2208,1,131072,0,0,0,0,0,memory,default,1000,32,
iso-default-blocks32-1000-memory,iso,read-full,6,2334,1,131072,0,0,0,0,0,memory,default,1000,32,
iso-default-blocks32-1000-memory,iso,read-full,7,2209,1,131072,0,0,0,0,0,memory,default,1000,32,
iso-default-blocks32-1000-memory,iso,read-full,8,2375,1,131072,0,0,0,0,0,memory,default,1000,32,
iso-default-blocks32-1000-memory,iso,read-full,9,2250,1,131072,0,0,0,0,0,memory,default,1000,32,
iso-default-blocks32-1000-memory,iso,read-full,10,2209,1,131072,0,0,0,0,0,memory,default,1000,32,
iso-default-blocks32-1000-memory,iso,read-full,11,2292,1,131072,0,0,0,0,0,memory,default,1000,32,
iso-default-blocks32-1000-memory,iso,read-full,12,2292,1,131072,0,0,0,0,0,memory,default,1000,32,
iso-default-blocks32-1000-memory,iso,read-full,13,2250,1,131072,0,0,0,0,0,memory,default,1000,32,
iso-default-blocks32-1000-memory,iso,read-full,14,2250,1,131072,0,0,0,0,0,memory,default,1000,32,
iso-default-blocks32-1000-memory,iso,read-full,15,2250,1,131072,0,0,0,0,0,memory,default,1000,32,
iso-default-blocks32-1000-memory,iso,read-full,16,2250,1,131072,0,0,0,0,0,memory,default,1000,32,
iso-default-blocks32-1000-memory,iso,read-full,17,2208,1,131072,0,0,0,0,0,memory,default,1000,32,
iso-default-blocks32-1000-memory,iso,read-full,18,2166,1,131072,0,0,0,0,0,memory,default,1000,32,
iso-default-blocks32-1000-memory,iso,read-full,19,2208,1,131072,0,0,0,0,0,memory,default,1000,32,
iso-default-blocks32-1000-memory,iso,read-full,20,2166,1,131072,0,0,0,0,0,memory,default,1000,32,
iso-default-blocks32-1000-memory,iso,read-full,21,2292,1,131072,0,0,0,0,0,memory,default,1000,32,
iso-index-1000-file,iso,mount,1,6416,3,6144,0,0,0,0,0,file,index,1000,8,2506752
iso-index-1000-file,iso,mount,2,6208,3,6144,0,0,0,0,0,file,index,1000,8,2506752
iso-index-1000-file,iso,mount,3,6209,3,6144,0,0,0,0,0,file,index,1000,8,2506752
iso-index-1000-file,iso,mount,4,6792,3,6144,0,0,0,0,0,file,index,1000,8,2490368
iso-index-1000-file,iso,mount,5,6250,3,6144,0,0,0,0,0,file,index,1000,8,2490368
iso-index-1000-file,iso,list,1,295125,24,49152,0,0,0,0,0,file,index,1000,8,3702784
iso-index-1000-file,iso,list,2,304125,24,49152,0,0,0,0,0,file,index,1000,8,3719168
iso-index-1000-file,iso,list,3,294125,24,49152,0,0,0,0,0,file,index,1000,8,3719168
iso-index-1000-file,iso,list,4,311625,24,49152,0,0,0,0,0,file,index,1000,8,3702784
iso-index-1000-file,iso,list,5,287667,24,49152,0,0,0,0,0,file,index,1000,8,3719168
iso-index-1000-file,iso,lookup-last,1,56958,24,49152,0,0,0,0,0,file,index,1000,8,2572288
iso-index-1000-file,iso,lookup-last,2,56709,24,49152,0,0,0,0,0,file,index,1000,8,2572288
iso-index-1000-file,iso,lookup-last,3,56625,24,49152,0,0,0,0,0,file,index,1000,8,2572288
iso-index-1000-file,iso,lookup-last,4,56542,24,49152,0,0,0,0,0,file,index,1000,8,2572288
iso-index-1000-file,iso,lookup-last,5,52792,24,49152,0,0,0,0,0,file,index,1000,8,2572288
iso-index-1000-file,iso,lookup-miss,1,58209,24,49152,0,0,0,0,0,file,index,1000,8,2588672
iso-index-1000-file,iso,lookup-miss,2,56916,24,49152,0,0,0,0,0,file,index,1000,8,2588672
iso-index-1000-file,iso,lookup-miss,3,56750,24,49152,0,0,0,0,0,file,index,1000,8,2588672
iso-index-1000-file,iso,lookup-miss,4,56750,24,49152,0,0,0,0,0,file,index,1000,8,2572288
iso-index-1000-file,iso,lookup-miss,5,56750,24,49152,0,0,0,0,0,file,index,1000,8,2588672
iso-index-1000-file,iso,lookup-last-warm,1,55959,24,49152,0,0,0,0,0,file,index,1000,8,2572288
iso-index-1000-file,iso,lookup-last-warm,2,54041,24,49152,0,0,0,0,0,file,index,1000,8,2572288
iso-index-1000-file,iso,lookup-last-warm,3,52916,24,49152,0,0,0,0,0,file,index,1000,8,2572288
iso-index-1000-file,iso,lookup-last-warm,4,56167,24,49152,0,0,0,0,0,file,index,1000,8,2572288
iso-index-1000-file,iso,lookup-last-warm,5,64417,24,49152,0,0,0,0,0,file,index,1000,8,2539520
iso-index-1000-file,iso,lookup-batch,1,28744042,10920,22364160,0,0,0,0,0,file,index,1000,8,2670592
iso-index-1000-file,iso,lookup-batch,2,28429583,10920,22364160,0,0,0,0,0,file,index,1000,8,2654208
iso-index-1000-file,iso,lookup-batch,3,28420833,10920,22364160,0,0,0,0,0,file,index,1000,8,2654208
iso-index-1000-file,iso,lookup-batch,4,28869125,10920,22364160,0,0,0,0,0,file,index,1000,8,2654208
iso-index-1000-file,iso,lookup-batch,5,28583959,10920,22364160,0,0,0,0,0,file,index,1000,8,2670592
iso-index-1000-file,iso,stat,1,250,0,0,0,0,0,0,0,file,index,1000,8,2555904
iso-index-1000-file,iso,stat,2,250,0,0,0,0,0,0,0,file,index,1000,8,2572288
iso-index-1000-file,iso,stat,3,291,0,0,0,0,0,0,0,file,index,1000,8,2572288
iso-index-1000-file,iso,stat,4,250,0,0,0,0,0,0,0,file,index,1000,8,2555904
iso-index-1000-file,iso,stat,5,250,0,0,0,0,0,0,0,file,index,1000,8,2555904
iso-index-1000-file,iso,read-4k,1,750,1,4096,0,0,0,0,0,file,index,1000,8,2588672
iso-index-1000-file,iso,read-4k,2,792,1,4096,0,0,0,0,0,file,index,1000,8,2588672
iso-index-1000-file,iso,read-4k,3,791,1,4096,0,0,0,0,0,file,index,1000,8,2588672
iso-index-1000-file,iso,read-4k,4,750,1,4096,0,0,0,0,0,file,index,1000,8,2588672
iso-index-1000-file,iso,read-4k,5,750,1,4096,0,0,0,0,0,file,index,1000,8,2588672
iso-index-1000-file,iso,read-64k,1,2500,1,65536,0,0,0,0,0,file,index,1000,8,2637824
iso-index-1000-file,iso,read-64k,2,2334,1,65536,0,0,0,0,0,file,index,1000,8,2621440
iso-index-1000-file,iso,read-64k,3,2334,1,65536,0,0,0,0,0,file,index,1000,8,2621440
iso-index-1000-file,iso,read-64k,4,2333,1,65536,0,0,0,0,0,file,index,1000,8,2637824
iso-index-1000-file,iso,read-64k,5,2250,1,65536,0,0,0,0,0,file,index,1000,8,2637824
iso-index-1000-file,iso,read-scattered,1,3334,5,20480,0,0,0,0,0,file,index,1000,8,2572288
iso-index-1000-file,iso,read-scattered,2,3584,5,20480,0,0,0,0,0,file,index,1000,8,2572288
iso-index-1000-file,iso,read-scattered,3,3500,5,20480,0,0,0,0,0,file,index,1000,8,2555904
iso-index-1000-file,iso,read-scattered,4,3625,5,20480,0,0,0,0,0,file,index,1000,8,2572288
iso-index-1000-file,iso,read-scattered,5,3541,5,20480,0,0,0,0,0,file,index,1000,8,2572288
iso-index-1000-file,iso,read-full,1,3875,1,131072,0,0,0,0,0,file,index,1000,8,2703360
iso-index-1000-file,iso,read-full,2,3750,1,131072,0,0,0,0,0,file,index,1000,8,2703360
iso-index-1000-file,iso,read-full,3,3791,1,131072,0,0,0,0,0,file,index,1000,8,2703360
iso-index-1000-file,iso,read-full,4,3667,1,131072,0,0,0,0,0,file,index,1000,8,2686976
iso-index-1000-file,iso,read-full,5,5792,1,131072,0,0,0,0,0,file,index,1000,8,2703360
iso-index-1000-memory,iso,mount,1,1250,3,6144,0,0,0,0,0,memory,index,1000,8,
iso-index-1000-memory,iso,mount,2,1208,3,6144,0,0,0,0,0,memory,index,1000,8,
iso-index-1000-memory,iso,mount,3,1166,3,6144,0,0,0,0,0,memory,index,1000,8,
iso-index-1000-memory,iso,mount,4,1167,3,6144,0,0,0,0,0,memory,index,1000,8,
iso-index-1000-memory,iso,mount,5,1125,3,6144,0,0,0,0,0,memory,index,1000,8,
iso-index-1000-memory,iso,mount,6,1125,3,6144,0,0,0,0,0,memory,index,1000,8,
iso-index-1000-memory,iso,mount,7,1166,3,6144,0,0,0,0,0,memory,index,1000,8,
iso-index-1000-memory,iso,mount,8,1125,3,6144,0,0,0,0,0,memory,index,1000,8,
iso-index-1000-memory,iso,mount,9,1125,3,6144,0,0,0,0,0,memory,index,1000,8,
iso-index-1000-memory,iso,mount,10,1125,3,6144,0,0,0,0,0,memory,index,1000,8,
iso-index-1000-memory,iso,mount,11,1167,3,6144,0,0,0,0,0,memory,index,1000,8,
iso-index-1000-memory,iso,mount,12,1167,3,6144,0,0,0,0,0,memory,index,1000,8,
iso-index-1000-memory,iso,mount,13,1125,3,6144,0,0,0,0,0,memory,index,1000,8,
iso-index-1000-memory,iso,mount,14,1166,3,6144,0,0,0,0,0,memory,index,1000,8,
iso-index-1000-memory,iso,mount,15,1125,3,6144,0,0,0,0,0,memory,index,1000,8,
iso-index-1000-memory,iso,mount,16,1125,3,6144,0,0,0,0,0,memory,index,1000,8,
iso-index-1000-memory,iso,mount,17,1125,3,6144,0,0,0,0,0,memory,index,1000,8,
iso-index-1000-memory,iso,mount,18,1125,3,6144,0,0,0,0,0,memory,index,1000,8,
iso-index-1000-memory,iso,mount,19,1125,3,6144,0,0,0,0,0,memory,index,1000,8,
iso-index-1000-memory,iso,mount,20,1125,3,6144,0,0,0,0,0,memory,index,1000,8,
iso-index-1000-memory,iso,mount,21,1125,3,6144,0,0,0,0,0,memory,index,1000,8,
iso-index-1000-memory,iso,list,1,264250,24,49152,0,0,0,0,0,memory,index,1000,8,
iso-index-1000-memory,iso,list,2,287541,24,49152,0,0,0,0,0,memory,index,1000,8,
iso-index-1000-memory,iso,list,3,272333,24,49152,0,0,0,0,0,memory,index,1000,8,
iso-index-1000-memory,iso,list,4,254125,24,49152,0,0,0,0,0,memory,index,1000,8,
iso-index-1000-memory,iso,list,5,273625,24,49152,0,0,0,0,0,memory,index,1000,8,
iso-index-1000-memory,iso,list,6,295666,24,49152,0,0,0,0,0,memory,index,1000,8,
iso-index-1000-memory,iso,list,7,270500,24,49152,0,0,0,0,0,memory,index,1000,8,
iso-index-1000-memory,iso,list,8,269083,24,49152,0,0,0,0,0,memory,index,1000,8,
iso-index-1000-memory,iso,list,9,269333,24,49152,0,0,0,0,0,memory,index,1000,8,
iso-index-1000-memory,iso,list,10,267917,24,49152,0,0,0,0,0,memory,index,1000,8,
iso-index-1000-memory,iso,list,11,269875,24,49152,0,0,0,0,0,memory,index,1000,8,
iso-index-1000-memory,iso,list,12,272166,24,49152,0,0,0,0,0,memory,index,1000,8,
iso-index-1000-memory,iso,list,13,277375,24,49152,0,0,0,0,0,memory,index,1000,8,
iso-index-1000-memory,iso,list,14,268875,24,49152,0,0,0,0,0,memory,index,1000,8,
iso-index-1000-memory,iso,list,15,268833,24,49152,0,0,0,0,0,memory,index,1000,8,
iso-index-1000-memory,iso,list,16,270125,24,49152,0,0,0,0,0,memory,index,1000,8,
iso-index-1000-memory,iso,list,17,269334,24,49152,0,0,0,0,0,memory,index,1000,8,
iso-index-1000-memory,iso,list,18,268542,24,49152,0,0,0,0,0,memory,index,1000,8,
iso-index-1000-memory,iso,list,19,269208,24,49152,0,0,0,0,0,memory,index,1000,8,
iso-index-1000-memory,iso,list,20,274459,24,49152,0,0,0,0,0,memory,index,1000,8,
iso-index-1000-memory,iso,list,21,254167,24,49152,0,0,0,0,0,memory,index,1000,8,
iso-index-1000-memory,iso,lookup-last,1,40792,24,49152,0,0,0,0,0,memory,index,1000,8,
iso-index-1000-memory,iso,lookup-last,2,40542,24,49152,0,0,0,0,0,memory,index,1000,8,
iso-index-1000-memory,iso,lookup-last,3,40833,24,49152,0,0,0,0,0,memory,index,1000,8,
iso-index-1000-memory,iso,lookup-last,4,40333,24,49152,0,0,0,0,0,memory,index,1000,8,
iso-index-1000-memory,iso,lookup-last,5,40583,24,49152,0,0,0,0,0,memory,index,1000,8,
iso-index-1000-memory,iso,lookup-last,6,40750,24,49152,0,0,0,0,0,memory,index,1000,8,
iso-index-1000-memory,iso,lookup-last,7,40250,24,49152,0,0,0,0,0,memory,index,1000,8,
iso-index-1000-memory,iso,lookup-last,8,40334,24,49152,0,0,0,0,0,memory,index,1000,8,
iso-index-1000-memory,iso,lookup-last,9,40084,24,49152,0,0,0,0,0,memory,index,1000,8,
iso-index-1000-memory,iso,lookup-last,10,40167,24,49152,0,0,0,0,0,memory,index,1000,8,
iso-index-1000-memory,iso,lookup-last,11,40375,24,49152,0,0,0,0,0,memory,index,1000,8,
iso-index-1000-memory,iso,lookup-last,12,40167,24,49152,0,0,0,0,0,memory,index,1000,8,
iso-index-1000-memory,iso,lookup-last,13,40334,24,49152,0,0,0,0,0,memory,index,1000,8,
iso-index-1000-memory,iso,lookup-last,14,40000,24,49152,0,0,0,0,0,memory,index,1000,8,
iso-index-1000-memory,iso,lookup-last,15,40834,24,49152,0,0,0,0,0,memory,index,1000,8,
iso-index-1000-memory,iso,lookup-last,16,40083,24,49152,0,0,0,0,0,memory,index,1000,8,
iso-index-1000-memory,iso,lookup-last,17,40083,24,49152,0,0,0,0,0,memory,index,1000,8,
iso-index-1000-memory,iso,lookup-last,18,40125,24,49152,0,0,0,0,0,memory,index,1000,8,
iso-index-1000-memory,iso,lookup-last,19,40250,24,49152,0,0,0,0,0,memory,index,1000,8,
iso-index-1000-memory,iso,lookup-last,20,40167,24,49152,0,0,0,0,0,memory,index,1000,8,
iso-index-1000-memory,iso,lookup-last,21,40250,24,49152,0,0,0,0,0,memory,index,1000,8,
iso-index-1000-memory,iso,lookup-miss,1,40375,24,49152,0,0,0,0,0,memory,index,1000,8,
iso-index-1000-memory,iso,lookup-miss,2,40208,24,49152,0,0,0,0,0,memory,index,1000,8,
iso-index-1000-memory,iso,lookup-miss,3,40375,24,49152,0,0,0,0,0,memory,index,1000,8,
iso-index-1000-memory,iso,lookup-miss,4,40042,24,49152,0,0,0,0,0,memory,index,1000,8,
iso-index-1000-memory,iso,lookup-miss,5,40917,24,49152,0,0,0,0,0,memory,index,1000,8,
iso-index-1000-memory,iso,lookup-miss,6,44500,24,49152,0,0,0,0,0,memory,index,1000,8,
iso-index-1000-memory,iso,lookup-miss,7,40917,24,49152,0,0,0,0,0,memory,index,1000,8,
iso-index-1000-memory,iso,lookup-miss,8,40583,24,49152,0,0,0,0,0,memory,index,1000,8,
iso-index-1000-memory,iso,lookup-miss,9,40291,24,49152,0,0,0,0,0,memory,index,1000,8,
iso-index-1000-memory,iso,lookup-miss,10,40292,24,49152,0,0,0,0,0,memory,index,1000,8,
iso-index-1000-memory,iso,lookup-miss,11,40000,24,49152,0,0,0,0,0,memory,index,1000,8,
iso-index-1000-memory,iso,lookup-miss,12,40625,24,49152,0,0,0,0,0,memory,index,1000,8,
iso-index-1000-memory,iso,lookup-miss,13,48875,24,49152,0,0,0,0,0,memory,index,1000,8,
iso-index-1000-memory,iso,lookup-miss,14,46208,24,49152,0,0,0,0,0,memory,index,1000,8,
iso-index-1000-memory,iso,lookup-miss,15,41375,24,49152,0,0,0,0,0,memory,index,1000,8,
iso-index-1000-memory,iso,lookup-miss,16,47417,24,49152,0,0,0,0,0,memory,index,1000,8,
iso-index-1000-memory,iso,lookup-miss,17,41250,24,49152,0,0,0,0,0,memory,index,1000,8,
iso-index-1000-memory,iso,lookup-miss,18,41625,24,49152,0,0,0,0,0,memory,index,1000,8,
iso-index-1000-memory,iso,lookup-miss,19,41125,24,49152,0,0,0,0,0,memory,index,1000,8,
iso-index-1000-memory,iso,lookup-miss,20,41250,24,49152,0,0,0,0,0,memory,index,1000,8,
iso-index-1000-memory,iso,lookup-miss,21,41250,24,49152,0,0,0,0,0,memory,index,1000,8,
iso-index-1000-memory,iso,lookup-last-warm,1,47625,24,49152,0,0,0,0,0,memory,index,1000,8,
iso-index-1000-memory,iso,lookup-last-warm,2,40084,24,49152,0,0,0,0,0,memory,index,1000,8,
iso-index-1000-memory,iso,lookup-last-warm,3,40000,24,49152,0,0,0,0,0,memory,index,1000,8,
iso-index-1000-memory,iso,lookup-last-warm,4,39958,24,49152,0,0,0,0,0,memory,index,1000,8,
iso-index-1000-memory,iso,lookup-last-warm,5,40042,24,49152,0,0,0,0,0,memory,index,1000,8,
iso-index-1000-memory,iso,lookup-last-warm,6,40083,24,49152,0,0,0,0,0,memory,index,1000,8,
iso-index-1000-memory,iso,lookup-last-warm,7,40083,24,49152,0,0,0,0,0,memory,index,1000,8,
iso-index-1000-memory,iso,lookup-last-warm,8,39833,24,49152,0,0,0,0,0,memory,index,1000,8,
iso-index-1000-memory,iso,lookup-last-warm,9,40000,24,49152,0,0,0,0,0,memory,index,1000,8,
iso-index-1000-memory,iso,lookup-last-warm,10,39833,24,49152,0,0,0,0,0,memory,index,1000,8,
iso-index-1000-memory,iso,lookup-last-warm,11,40167,24,49152,0,0,0,0,0,memory,index,1000,8,
iso-index-1000-memory,iso,lookup-last-warm,12,41417,24,49152,0,0,0,0,0,memory,index,1000,8,
iso-index-1000-memory,iso,lookup-last-warm,13,39958,24,49152,0,0,0,0,0,memory,index,1000,8,
iso-index-1000-memory,iso,lookup-last-warm,14,40000,24,49152,0,0,0,0,0,memory,index,1000,8,
iso-index-1000-memory,iso,lookup-last-warm,15,40000,24,49152,0,0,0,0,0,memory,index,1000,8,
iso-index-1000-memory,iso,lookup-last-warm,16,39959,24,49152,0,0,0,0,0,memory,index,1000,8,
iso-index-1000-memory,iso,lookup-last-warm,17,40000,24,49152,0,0,0,0,0,memory,index,1000,8,
iso-index-1000-memory,iso,lookup-last-warm,18,39958,24,49152,0,0,0,0,0,memory,index,1000,8,
iso-index-1000-memory,iso,lookup-last-warm,19,39917,24,49152,0,0,0,0,0,memory,index,1000,8,
iso-index-1000-memory,iso,lookup-last-warm,20,40000,24,49152,0,0,0,0,0,memory,index,1000,8,
iso-index-1000-memory,iso,lookup-last-warm,21,40125,24,49152,0,0,0,0,0,memory,index,1000,8,
iso-index-1000-memory,iso,lookup-batch,1,21742209,10920,22364160,0,0,0,0,0,memory,index,1000,8,
iso-index-1000-memory,iso,lookup-batch,2,22143542,10920,22364160,0,0,0,0,0,memory,index,1000,8,
iso-index-1000-memory,iso,lookup-batch,3,22051542,10920,22364160,0,0,0,0,0,memory,index,1000,8,
iso-index-1000-memory,iso,lookup-batch,4,21895542,10920,22364160,0,0,0,0,0,memory,index,1000,8,
iso-index-1000-memory,iso,lookup-batch,5,22113417,10920,22364160,0,0,0,0,0,memory,index,1000,8,
iso-index-1000-memory,iso,lookup-batch,6,22264667,10920,22364160,0,0,0,0,0,memory,index,1000,8,
iso-index-1000-memory,iso,lookup-batch,7,21611291,10920,22364160,0,0,0,0,0,memory,index,1000,8,
iso-index-1000-memory,iso,lookup-batch,8,22019166,10920,22364160,0,0,0,0,0,memory,index,1000,8,
iso-index-1000-memory,iso,lookup-batch,9,21970584,10920,22364160,0,0,0,0,0,memory,index,1000,8,
iso-index-1000-memory,iso,lookup-batch,10,21939792,10920,22364160,0,0,0,0,0,memory,index,1000,8,
iso-index-1000-memory,iso,lookup-batch,11,22149583,10920,22364160,0,0,0,0,0,memory,index,1000,8,
iso-index-1000-memory,iso,lookup-batch,12,22154166,10920,22364160,0,0,0,0,0,memory,index,1000,8,
iso-index-1000-memory,iso,lookup-batch,13,22383833,10920,22364160,0,0,0,0,0,memory,index,1000,8,
iso-index-1000-memory,iso,lookup-batch,14,22077125,10920,22364160,0,0,0,0,0,memory,index,1000,8,
iso-index-1000-memory,iso,lookup-batch,15,21942042,10920,22364160,0,0,0,0,0,memory,index,1000,8,
iso-index-1000-memory,iso,lookup-batch,16,22157292,10920,22364160,0,0,0,0,0,memory,index,1000,8,
iso-index-1000-memory,iso,lookup-batch,17,22218917,10920,22364160,0,0,0,0,0,memory,index,1000,8,
iso-index-1000-memory,iso,lookup-batch,18,21831750,10920,22364160,0,0,0,0,0,memory,index,1000,8,
iso-index-1000-memory,iso,lookup-batch,19,21831291,10920,22364160,0,0,0,0,0,memory,index,1000,8,
iso-index-1000-memory,iso,lookup-batch,20,22099959,10920,22364160,0,0,0,0,0,memory,index,1000,8,
iso-index-1000-memory,iso,lookup-batch,21,21993667,10920,22364160,0,0,0,0,0,memory,index,1000,8,
iso-index-1000-memory,iso,stat,1,167,0,0,0,0,0,0,0,memory,index,1000,8,
iso-index-1000-memory,iso,stat,2,125,0,0,0,0,0,0,0,memory,index,1000,8,
iso-index-1000-memory,iso,stat,3,167,0,0,0,0,0,0,0,memory,index,1000,8,
iso-index-1000-memory,iso,stat,4,125,0,0,0,0,0,0,0,memory,index,1000,8,
iso-index-1000-memory,iso,stat,5,125,0,0,0,0,0,0,0,memory,index,1000,8,
iso-index-1000-memory,iso,stat,6,167,0,0,0,0,0,0,0,memory,index,1000,8,
iso-index-1000-memory,iso,stat,7,125,0,0,0,0,0,0,0,memory,index,1000,8,
iso-index-1000-memory,iso,stat,8,125,0,0,0,0,0,0,0,memory,index,1000,8,
iso-index-1000-memory,iso,stat,9,125,0,0,0,0,0,0,0,memory,index,1000,8,
iso-index-1000-memory,iso,stat,10,167,0,0,0,0,0,0,0,memory,index,1000,8,
iso-index-1000-memory,iso,stat,11,125,0,0,0,0,0,0,0,memory,index,1000,8,
iso-index-1000-memory,iso,stat,12,167,0,0,0,0,0,0,0,memory,index,1000,8,
iso-index-1000-memory,iso,stat,13,166,0,0,0,0,0,0,0,memory,index,1000,8,
iso-index-1000-memory,iso,stat,14,167,0,0,0,0,0,0,0,memory,index,1000,8,
iso-index-1000-memory,iso,stat,15,166,0,0,0,0,0,0,0,memory,index,1000,8,
iso-index-1000-memory,iso,stat,16,167,0,0,0,0,0,0,0,memory,index,1000,8,
iso-index-1000-memory,iso,stat,17,166,0,0,0,0,0,0,0,memory,index,1000,8,
iso-index-1000-memory,iso,stat,18,166,0,0,0,0,0,0,0,memory,index,1000,8,
iso-index-1000-memory,iso,stat,19,167,0,0,0,0,0,0,0,memory,index,1000,8,
iso-index-1000-memory,iso,stat,20,125,0,0,0,0,0,0,0,memory,index,1000,8,
iso-index-1000-memory,iso,stat,21,167,0,0,0,0,0,0,0,memory,index,1000,8,
iso-index-1000-memory,iso,read-4k,1,125,1,4096,0,0,0,0,0,memory,index,1000,8,
iso-index-1000-memory,iso,read-4k,2,125,1,4096,0,0,0,0,0,memory,index,1000,8,
iso-index-1000-memory,iso,read-4k,3,125,1,4096,0,0,0,0,0,memory,index,1000,8,
iso-index-1000-memory,iso,read-4k,4,84,1,4096,0,0,0,0,0,memory,index,1000,8,
iso-index-1000-memory,iso,read-4k,5,125,1,4096,0,0,0,0,0,memory,index,1000,8,
iso-index-1000-memory,iso,read-4k,6,125,1,4096,0,0,0,0,0,memory,index,1000,8,
iso-index-1000-memory,iso,read-4k,7,84,1,4096,0,0,0,0,0,memory,index,1000,8,
iso-index-1000-memory,iso,read-4k,8,125,1,4096,0,0,0,0,0,memory,index,1000,8,
iso-index-1000-memory,iso,read-4k,9,125,1,4096,0,0,0,0,0,memory,index,1000,8,
iso-index-1000-memory,iso,read-4k,10,84,1,4096,0,0,0,0,0,memory,index,1000,8,
iso-index-1000-memory,iso,read-4k,11,250,1,4096,0,0,0,0,0,memory,index,1000,8,
iso-index-1000-memory,iso,read-4k,12,84,1,4096,0,0,0,0,0,memory,index,1000,8,
iso-index-1000-memory,iso,read-4k,13,125,1,4096,0,0,0,0,0,memory,index,1000,8,
iso-index-1000-memory,iso,read-4k,14,83,1,4096,0,0,0,0,0,memory,index,1000,8,
iso-index-1000-memory,iso,read-4k,15,125,1,4096,0,0,0,0,0,memory,index,1000,8,
iso-index-1000-memory,iso,read-4k,16,125,1,4096,0,0,0,0,0,memory,index,1000,8,
iso-index-1000-memory,iso,read-4k,17,83,1,4096,0,0,0,0,0,memory,index,1000,8,
iso-index-1000-memory,iso,read-4k,18,83,1,4096,0,0,0,0,0,memory,index,1000,8,
iso-index-1000-memory,iso,read-4k,19,83,1,4096,0,0,0,0,0,memory,index,1000,8,
iso-index-1000-memory,iso,read-4k,20,125,1,4096,0,0,0,0,0,memory,index,1000,8,
iso-index-1000-memory,iso,read-4k,21,125,1,4096,0,0,0,0,0,memory,index,1000,8,
iso-index-1000-memory,iso,read-64k,1,1625,1,65536,0,0,0,0,0,memory,index,1000,8,
iso-index-1000-memory,iso,read-64k,2,1459,1,65536,0,0,0,0,0,memory,index,1000,8,
iso-index-1000-memory,iso,read-64k,3,1583,1,65536,0,0,0,0,0,memory,index,1000,8,
iso-index-1000-memory,iso,read-64k,4,1459,1,65536,0,0,0,0,0,memory,index,1000,8,
iso-index-1000-memory,iso,read-64k,5,1500,1,65536,0,0,0,0,0,memory,index,1000,8,
iso-index-1000-memory,iso,read-64k,6,1459,1,65536,0,0,0,0,0,memory,index,1000,8,
iso-index-1000-memory,iso,read-64k,7,1500,1,65536,0,0,0,0,0,memory,index,1000,8,
iso-index-1000-memory,iso,read-64k,8,1458,1,65536,0,0,0,0,0,memory,index,1000,8,
iso-index-1000-memory,iso,read-64k,9,1458,1,65536,0,0,0,0,0,memory,index,1000,8,
iso-index-1000-memory,iso,read-64k,10,1458,1,65536,0,0,0,0,0,memory,index,1000,8,
iso-index-1000-memory,iso,read-64k,11,1583,1,65536,0,0,0,0,0,memory,index,1000,8,
iso-index-1000-memory,iso,read-64k,12,1417,1,65536,0,0,0,0,0,memory,index,1000,8,
iso-index-1000-memory,iso,read-64k,13,1417,1,65536,0,0,0,0,0,memory,index,1000,8,
iso-index-1000-memory,iso,read-64k,14,1375,1,65536,0,0,0,0,0,memory,index,1000,8,
iso-index-1000-memory,iso,read-64k,15,1375,1,65536,0,0,0,0,0,memory,index,1000,8,
iso-index-1000-memory,iso,read-64k,16,1459,1,65536,0,0,0,0,0,memory,index,1000,8,
iso-index-1000-memory,iso,read-64k,17,1500,1,65536,0,0,0,0,0,memory,index,1000,8,
iso-index-1000-memory,iso,read-64k,18,1500,1,65536,0,0,0,0,0,memory,index,1000,8,
iso-index-1000-memory,iso,read-64k,19,1375,1,65536,0,0,0,0,0,memory,index,1000,8,
iso-index-1000-memory,iso,read-64k,20,1416,1,65536,0,0,0,0,0,memory,index,1000,8,
iso-index-1000-memory,iso,read-64k,21,1416,1,65536,0,0,0,0,0,memory,index,1000,8,
iso-index-1000-memory,iso,read-scattered,1,667,5,20480,0,0,0,0,0,memory,index,1000,8,
iso-index-1000-memory,iso,read-scattered,2,583,5,20480,0,0,0,0,0,memory,index,1000,8,
iso-index-1000-memory,iso,read-scattered,3,583,5,20480,0,0,0,0,0,memory,index,1000,8,
iso-index-1000-memory,iso,read-scattered,4,583,5,20480,0,0,0,0,0,memory,index,1000,8,
iso-index-1000-memory,iso,read-scattered,5,667,5,20480,0,0,0,0,0,memory,index,1000,8,
iso-index-1000-memory,iso,read-scattered,6,583,5,20480,0,0,0,0,0,memory,index,1000,8,
iso-index-1000-memory,iso,read-scattered,7,625,5,20480,0,0,0,0,0,memory,index,1000,8,
iso-index-1000-memory,iso,read-scattered,8,917,5,20480,0,0,0,0,0,memory,index,1000,8,
iso-index-1000-memory,iso,read-scattered,9,750,5,20480,0,0,0,0,0,memory,index,1000,8,
iso-index-1000-memory,iso,read-scattered,10,667,5,20480,0,0,0,0,0,memory,index,1000,8,
iso-index-1000-memory,iso,read-scattered,11,667,5,20480,0,0,0,0,0,memory,index,1000,8,
iso-index-1000-memory,iso,read-scattered,12,583,5,20480,0,0,0,0,0,memory,index,1000,8,
iso-index-1000-memory,iso,read-scattered,13,833,5,20480,0,0,0,0,0,memory,index,1000,8,
iso-index-1000-memory,iso,read-scattered,14,583,5,20480,0,0,0,0,0,memory,index,1000,8,
iso-index-1000-memory,iso,read-scattered,15,541,5,20480,0,0,0,0,0,memory,index,1000,8,
iso-index-1000-memory,iso,read-scattered,16,583,5,20480,0,0,0,0,0,memory,index,1000,8,
iso-index-1000-memory,iso,read-scattered,17,666,5,20480,0,0,0,0,0,memory,index,1000,8,
iso-index-1000-memory,iso,read-scattered,18,666,5,20480,0,0,0,0,0,memory,index,1000,8,
iso-index-1000-memory,iso,read-scattered,19,584,5,20480,0,0,0,0,0,memory,index,1000,8,
iso-index-1000-memory,iso,read-scattered,20,667,5,20480,0,0,0,0,0,memory,index,1000,8,
iso-index-1000-memory,iso,read-scattered,21,584,5,20480,0,0,0,0,0,memory,index,1000,8,
iso-index-1000-memory,iso,read-full,1,2291,1,131072,0,0,0,0,0,memory,index,1000,8,
iso-index-1000-memory,iso,read-full,2,2250,1,131072,0,0,0,0,0,memory,index,1000,8,
iso-index-1000-memory,iso,read-full,3,2209,1,131072,0,0,0,0,0,memory,index,1000,8,
iso-index-1000-memory,iso,read-full,4,2208,1,131072,0,0,0,0,0,memory,index,1000,8,
iso-index-1000-memory,iso,read-full,5,2250,1,131072,0,0,0,0,0,memory,index,1000,8,
iso-index-1000-memory,iso,read-full,6,2166,1,131072,0,0,0,0,0,memory,index,1000,8,
iso-index-1000-memory,iso,read-full,7,2250,1,131072,0,0,0,0,0,memory,index,1000,8,
iso-index-1000-memory,iso,read-full,8,2208,1,131072,0,0,0,0,0,memory,index,1000,8,
iso-index-1000-memory,iso,read-full,9,2208,1,131072,0,0,0,0,0,memory,index,1000,8,
iso-index-1000-memory,iso,read-full,10,2208,1,131072,0,0,0,0,0,memory,index,1000,8,
iso-index-1000-memory,iso,read-full,11,2458,1,131072,0,0,0,0,0,memory,index,1000,8,
iso-index-1000-memory,iso,read-full,12,2334,1,131072,0,0,0,0,0,memory,index,1000,8,
iso-index-1000-memory,iso,read-full,13,2500,1,131072,0,0,0,0,0,memory,index,1000,8,
iso-index-1000-memory,iso,read-full,14,2416,1,131072,0,0,0,0,0,memory,index,1000,8,
iso-index-1000-memory,iso,read-full,15,2458,1,131072,0,0,0,0,0,memory,index,1000,8,
iso-index-1000-memory,iso,read-full,16,2333,1,131072,0,0,0,0,0,memory,index,1000,8,
iso-index-1000-memory,iso,read-full,17,2417,1,131072,0,0,0,0,0,memory,index,1000,8,
iso-index-1000-memory,iso,read-full,18,2375,1,131072,0,0,0,0,0,memory,index,1000,8,
iso-index-1000-memory,iso,read-full,19,2417,1,131072,0,0,0,0,0,memory,index,1000,8,
iso-index-1000-memory,iso,read-full,20,2500,1,131072,0,0,0,0,0,memory,index,1000,8,
iso-index-1000-memory,iso,read-full,21,2459,1,131072,0,0,0,0,0,memory,index,1000,8,
iso-index-blocks32-1000-file,iso,mount,1,3959,3,6144,0,0,0,0,0,file,index,1000,32,2473984
iso-index-blocks32-1000-file,iso,mount,2,3833,3,6144,0,0,0,0,0,file,index,1000,32,2473984
iso-index-blocks32-1000-file,iso,mount,3,3791,3,6144,0,0,0,0,0,file,index,1000,32,2473984
iso-index-blocks32-1000-file,iso,mount,4,3750,3,6144,0,0,0,0,0,file,index,1000,32,2473984
iso-index-blocks32-1000-file,iso,mount,5,3750,3,6144,0,0,0,0,0,file,index,1000,32,2473984
iso-index-blocks32-1000-file,iso,list,1,274917,24,49152,0,0,0,0,0,file,index,1000,32,3735552
iso-index-blocks32-1000-file,iso,list,2,302417,24,49152,0,0,0,0,0,file,index,1000,32,3751936
iso-index-blocks32-1000-file,iso,list,3,297625,24,49152,0,0,0,0,0,file,index,1000,32,3735552
iso-index-blocks32-1000-file,iso,list,4,275792,24,49152,0,0,0,0,0,file,index,1000,32,3751936
iso-index-blocks32-1000-file,iso,list,5,291709,24,49152,0,0,0,0,0,file,index,1000,32,3751936
iso-index-blocks32-1000-file,iso,lookup-last,1,61083,24,49152,0,0,0,0,0,file,index,1000,32,2588672
iso-index-blocks32-1000-file,iso,lookup-last,2,57125,24,49152,0,0,0,0,0,file,index,1000,32,2588672
iso-index-blocks32-1000-file,iso,lookup-last,3,56708,24,49152,0,0,0,0,0,file,index,1000,32,2588672
iso-index-blocks32-1000-file,iso,lookup-last,4,54583,24,49152,0,0,0,0,0,file,index,1000,32,2588672
iso-index-blocks32-1000-file,iso,lookup-last,5,57334,24,49152,0,0,0,0,0,file,index,1000,32,2588672
iso-index-blocks32-1000-file,iso,lookup-miss,1,59500,24,49152,0,0,0,0,0,file,index,1000,32,2605056
iso-index-blocks32-1000-file,iso,lookup-miss,2,57834,24,49152,0,0,0,0,0,file,index,1000,32,2605056
iso-index-blocks32-1000-file,iso,lookup-miss,3,54542,24,49152,0,0,0,0,0,file,index,1000,32,2605056
iso-index-blocks32-1000-file,iso,lookup-miss,4,57667,24,49152,0,0,0,0,0,file,index,1000,32,2605056
iso-index-blocks32-1000-file,iso,lookup-miss,5,57417,24,49152,0,0,0,0,0,file,index,1000,32,2605056
iso-index-blocks32-1000-file,iso,lookup-last-warm,1,41250,0,0,0,0,0,0,0,file,index,1000,32,2588672
iso-index-blocks32-1000-file,iso,lookup-last-warm,2,41500,0,0,0,0,0,0,0,file,index,1000,32,2588672
iso-index-blocks32-1000-file,iso,lookup-last-warm,3,41125,0,0,0,0,0,0,0,file,index,1000,32,2588672
iso-index-blocks32-1000-file,iso,lookup-last-warm,4,41125,0,0,0,0,0,0,0,file,index,1000,32,2588672
iso-index-blocks32-1000-file,iso,lookup-last-warm,5,38500,0,0,0,0,0,0,0,file,index,1000,32,2588672
iso-index-blocks32-1000-file,iso,lookup-batch,1,22153958,24,49152,0,0,0,0,0,file,index,1000,32,2703360
iso-index-blocks32-1000-file,iso,lookup-batch,2,21941750,24,49152,0,0,0,0,0,file,index,1000,32,2686976
iso-index-blocks32-1000-file,iso,lookup-batch,3,22697541,24,49152,0,0,0,0,0,file,index,1000,32,2686976
iso-index-blocks32-1000-file,iso,lookup-batch,4,22001458,24,49152,0,0,0,0,0,file,index,1000,32,2703360
iso-index-blocks32-1000-file,iso,lookup-batch,5,22337500,24,49152,0,0,0,0,0,file,index,1000,32,2686976
iso-index-blocks32-1000-file,iso,stat,1,250,0,0,0,0,0,0,0,file,index,1000,32,2588672
iso-index-blocks32-1000-file,iso,stat,2,250,0,0,0,0,0,0,0,file,index,1000,32,2588672
iso-index-blocks32-1000-file,iso,stat,3,250,0,0,0,0,0,0,0,file,index,1000,32,2588672
iso-index-blocks32-1000-file,iso,stat,4,250,0,0,0,0,0,0,0,file,index,1000,32,2588672
iso-index-blocks32-1000-file,iso,stat,5,250,0,0,0,0,0,0,0,file,index,1000,32,2588672
iso-index-blocks32-1000-file,iso,read-4k,1,875,1,4096,0,0,0,0,0,file,index,1000,32,2621440
iso-index-blocks32-1000-file,iso,read-4k,2,833,1,4096,0,0,0,0,0,file,index,1000,32,2621440
iso-index-blocks32-1000-file,iso,read-4k,3,916,1,4096,0,0,0,0,0,file,index,1000,32,2621440
iso-index-blocks32-1000-file,iso,read-4k,4,875,1,4096,0,0,0,0,0,file,index,1000,32,2621440
iso-index-blocks32-1000-file,iso,read-4k,5,833,1,4096,0,0,0,0,0,file,index,1000,32,2621440
iso-index-blocks32-1000-file,iso,read-64k,1,2250,1,65536,0,0,0,0,0,file,index,1000,32,2654208
iso-index-blocks32-1000-file,iso,read-64k,2,2334,1,65536,0,0,0,0,0,file,index,1000,32,2654208
iso-index-blocks32-1000-file,iso,read-64k,3,2375,1,65536,0,0,0,0,0,file,index,1000,32,2654208
iso-index-blocks32-1000-file,iso,read-64k,4,2250,1,65536,0,0,0,0,0,file,index,1000,32,2654208
iso-index-blocks32-1000-file,iso,read-64k,5,2125,1,65536,0,0,0,0,0,file,index,1000,32,2654208
iso-index-blocks32-1000-file,iso,read-scattered,1,3542,5,20480,0,0,0,0,0,file,index,1000,32,2588672
iso-index-blocks32-1000-file,iso,read-scattered,2,3584,5,20480,0,0,0,0,0,file,index,1000,32,2588672
iso-index-blocks32-1000-file,iso,read-scattered,3,3541,5,20480,0,0,0,0,0,file,index,1000,32,2588672
iso-index-blocks32-1000-file,iso,read-scattered,4,3583,5,20480,0,0,0,0,0,file,index,1000,32,2572288
iso-index-blocks32-1000-file,iso,read-scattered,5,3625,5,20480,0,0,0,0,0,file,index,1000,32,2588672
iso-index-blocks32-1000-file,iso,read-full,1,3625,1,131072,0,0,0,0,0,file,index,1000,32,2719744
iso-index-blocks32-1000-file,iso,read-full,2,3792,1,131072,0,0,0,0,0,file,index,1000,32,2719744
iso-index-blocks32-1000-file,iso,read-full,3,4041,1,131072,0,0,0,0,0,file,index,1000,32,2719744
iso-index-blocks32-1000-file,iso,read-full,4,3625,1,131072,0,0,0,0,0,file,index,1000,32,2719744
iso-index-blocks32-1000-file,iso,read-full,5,3666,1,131072,0,0,0,0,0,file,index,1000,32,2719744
iso-index-blocks32-1000-memory,iso,mount,1,1334,3,6144,0,0,0,0,0,memory,index,1000,32,
iso-index-blocks32-1000-memory,iso,mount,2,1125,3,6144,0,0,0,0,0,memory,index,1000,32,
iso-index-blocks32-1000-memory,iso,mount,3,1083,3,6144,0,0,0,0,0,memory,index,1000,32,
iso-index-blocks32-1000-memory,iso,mount,4,1084,3,6144,0,0,0,0,0,memory,index,1000,32,
iso-index-blocks32-1000-memory,iso,mount,5,1041,3,6144,0,0,0,0,0,memory,index,1000,32,
iso-index-blocks32-1000-memory,iso,mount,6,1042,3,6144,0,0,0,0,0,memory,index,1000,32,
iso-index-blocks32-1000-memory,iso,mount,7,1042,3,6144,0,0,0,0,0,memory,index,1000,32,
iso-index-blocks32-1000-memory,iso,mount,8,1083,3,6144,0,0,0,0,0,memory,index,1000,32,
iso-index-blocks32-1000-memory,iso,mount,9,1083,3,6144,0,0,0,0,0,memory,index,1000,32,
iso-index-blocks32-1000-memory,iso,mount,10,1041,3,6144,0,0,0,0,0,memory,index,1000,32,
iso-index-blocks32-1000-memory,iso,mount,11,1084,3,6144,0,0,0,0,0,memory,index,1000,32,
iso-index-blocks32-1000-memory,iso,mount,12,1042,3,6144,0,0,0,0,0,memory,index,1000,32,
iso-index-blocks32-1000-memory,iso,mount,13,1083,3,6144,0,0,0,0,0,memory,index,1000,32,
iso-index-blocks32-1000-memory,iso,mount,14,1041,3,6144,0,0,0,0,0,memory,index,1000,32,
iso-index-blocks32-1000-memory,iso,mount,15,1041,3,6144,0,0,0,0,0,memory,index,1000,32,
iso-index-blocks32-1000-memory,iso,mount,16,1041,3,6144,0,0,0,0,0,memory,index,1000,32,
iso-index-blocks32-1000-memory,iso,mount,17,1083,3,6144,0,0,0,0,0,memory,index,1000,32,
iso-index-blocks32-1000-memory,iso,mount,18,1084,3,6144,0,0,0,0,0,memory,index,1000,32,
iso-index-blocks32-1000-memory,iso,mount,19,1042,3,6144,0,0,0,0,0,memory,index,1000,32,
iso-index-blocks32-1000-memory,iso,mount,20,1041,3,6144,0,0,0,0,0,memory,index,1000,32,
iso-index-blocks32-1000-memory,iso,mount,21,1083,3,6144,0,0,0,0,0,memory,index,1000,32,
iso-index-blocks32-1000-memory,iso,list,1,260167,24,49152,0,0,0,0,0,memory,index,1000,32,
iso-index-blocks32-1000-memory,iso,list,2,262625,24,49152,0,0,0,0,0,memory,index,1000,32,
iso-index-blocks32-1000-memory,iso,list,3,258833,24,49152,0,0,0,0,0,memory,index,1000,32,
iso-index-blocks32-1000-memory,iso,list,4,257125,24,49152,0,0,0,0,0,memory,index,1000,32,
iso-index-blocks32-1000-memory,iso,list,5,255375,24,49152,0,0,0,0,0,memory,index,1000,32,
iso-index-blocks32-1000-memory,iso,list,6,256042,24,49152,0,0,0,0,0,memory,index,1000,32,
iso-index-blocks32-1000-memory,iso,list,7,256208,24,49152,0,0,0,0,0,memory,index,1000,32,
iso-index-blocks32-1000-memory,iso,list,8,256334,24,49152,0,0,0,0,0,memory,index,1000,32,
iso-index-blocks32-1000-memory,iso,list,9,256541,24,49152,0,0,0,0,0,memory,index,1000,32,
iso-index-blocks32-1000-memory,iso,list,10,256500,24,49152,0,0,0,0,0,memory,index,1000,32,
iso-index-blocks32-1000-memory,iso,list,11,255750,24,49152,0,0,0,0,0,memory,index,1000,32,
iso-index-blocks32-1000-memory,iso,list,12,256083,24,49152,0,0,0,0,0,memory,index,1000,32,
iso-index-blocks32-1000-memory,iso,list,13,255167,24,49152,0,0,0,0,0,memory,index,1000,32,
iso-index-blocks32-1000-memory,iso,list,14,255834,24,49152,0,0,0,0,0,memory,index,1000,32,
iso-index-blocks32-1000-memory,iso,list,15,255791,24,49152,0,0,0,0,0,memory,index,1000,32,
iso-index-blocks32-1000-memory,iso,list,16,270542,24,49152,0,0,0,0,0,memory,index,1000,32,
iso-index-blocks32-1000-memory,iso,list,17,270875,24,49152,0,0,0,0,0,memory,index,1000,32,
iso-index-blocks32-1000-memory,iso,list,18,270208,24,49152,0,0,0,0,0,memory,index,1000,32,
iso-index-blocks32-1000-memory,iso,list,19,262417,24,49152,0,0,0,0,0,memory,index,1000,32,
iso-index-blocks32-1000-memory,iso,list,20,261000,24,49152,0,0,0,0,0,memory,index,1000,32,
iso-index-blocks32-1000-memory,iso,list,21,267458,24,49152,0,0,0,0,0,memory,index,1000,32,
iso-index-blocks32-1000-memory,iso,lookup-last,1,42000,24,49152,0,0,0,0,0,memory,index,1000,32,
iso-index-blocks32-1000-memory,iso,lookup-last,2,41875,24,49152,0,0,0,0,0,memory,index,1000,32,
iso-index-blocks32-1000-memory,iso,lookup-last,3,47917,24,49152,0,0,0,0,0,memory,index,1000,32,
iso-index-blocks32-1000-memory,iso,lookup-last,4,41916,24,49152,0,0,0,0,0,memory,index,1000,32,
iso-index-blocks32-1000-memory,iso,lookup-last,5,42041,24,49152,0,0,0,0,0,memory,index,1000,32,
iso-index-blocks32-1000-memory,iso,lookup-last,6,42208,24,49152,0,0,0,0,0,memory,index,1000,32,
iso-index-blocks32-1000-memory,iso,lookup-last,7,42000,24,49152,0,0,0,0,0,memory,index,1000,32,
iso-index-blocks32-1000-memory,iso,lookup-last,8,41375,24,49152,0,0,0,0,0,memory,index,1000,32,
iso-index-blocks32-1000-memory,iso,lookup-last,9,47875,24,49152,0,0,0,0,0,memory,index,1000,32,
iso-index-blocks32-1000-memory,iso,lookup-last,10,43458,24,49152,0,0,0,0,0,memory,index,1000,32,
iso-index-blocks32-1000-memory,iso,lookup-last,11,49458,24,49152,0,0,0,0,0,memory,index,1000,32,
iso-index-blocks32-1000-memory,iso,lookup-last,12,41584,24,49152,0,0,0,0,0,memory,index,1000,32,
iso-index-blocks32-1000-memory,iso,lookup-last,13,41417,24,49152,0,0,0,0,0,memory,index,1000,32,
iso-index-blocks32-1000-memory,iso,lookup-last,14,41166,24,49152,0,0,0,0,0,memory,index,1000,32,
iso-index-blocks32-1000-memory,iso,lookup-last,15,41375,24,49152,0,0,0,0,0,memory,index,1000,32,
iso-index-blocks32-1000-memory,iso,lookup-last,16,41500,24,49152,0,0,0,0,0,memory,index,1000,32,
iso-index-blocks32-1000-memory,iso,lookup-last,17,41417,24,49152,0,0,0,0,0,memory,index,1000,32,
iso-index-blocks32-1000-memory,iso,lookup-last,18,41458,24,49152,0,0,0,0,0,memory,index,1000,32,
iso-index-blocks32-1000-memory,iso,lookup-last,19,41292,24,49152,0,0,0,0,0,memory,index,1000,32,
iso-index-blocks32-1000-memory,iso,lookup-last,20,41375,24,49152,0,0,0,0,0,memory,index,1000,32,
iso-index-blocks32-1000-memory,iso,lookup-last,21,41500,24,49152,0,0,0,0,0,memory,index,1000,32,
iso-index-blocks32-1000-memory,iso,lookup-miss,1,41292,24,49152,0,0,0,0,0,memory,index,1000,32,
iso-index-blocks32-1000-memory,iso,lookup-miss,2,41709,24,49152,0,0,0,0,0,memory,index,1000,32,
iso-index-blocks32-1000-memory,iso,lookup-miss,3,41459,24,49152,0,0,0,0,0,memory,index,1000,32,
iso-index-blocks32-1000-memory,iso,lookup-miss,4,41500,24,49152,0,0,0,0,0,memory,index,1000,32,
iso-index-blocks32-1000-memory,iso,lookup-miss,5,41500,24,49152,0,0,0,0,0,memory,index,1000,32,
iso-index-blocks32-1000-memory,iso,lookup-miss,6,41334,24,49152,0,0,0,0,0,memory,index,1000,32,
iso-index-blocks32-1000-memory,iso,lookup-miss,7,41417,24,49152,0,0,0,0,0,memory,index,1000,32,
iso-index-blocks32-1000-memory,iso,lookup-miss,8,41333,24,49152,0,0,0,0,0,memory,index,1000,32,
iso-index-blocks32-1000-memory,iso,lookup-miss,9,41375,24,49152,0,0,0,0,0,memory,index,1000,32,
iso-index-blocks32-1000-memory,iso,lookup-miss,10,41292,24,49152,0,0,0,0,0,memory,index,1000,32,
iso-index-blocks32-1000-memory,iso,lookup-miss,11,41334,24,49152,0,0,0,0,0,memory,index,1000,32,
iso-index-blocks32-1000-memory,iso,lookup-miss,12,41375,24,49152,0,0,0,0,0,memory,index,1000,32,
iso-index-blocks32-1000-memory,iso,lookup-miss,13,41542,24,49152,0,0,0,0,0,memory,index,1000,32,
iso-index-blocks32-1000-memory,iso,lookup-miss,14,41625,24,49152,0,0,0,0,0,memory,index,1000,32,
iso-index-blocks32-1000-memory,iso,lookup-miss,15,41458,24,49152,0,0,0,0,0,memory,index,1000,32,
iso-index-blocks32-1000-memory,iso,lookup-miss,16,43041,24,49152,0,0,0,0,0,memory,index,1000,32,
iso-index-blocks32-1000-memory,iso,lookup-miss,17,43875,24,49152,0,0,0,0,0,memory,index,1000,32,
iso-index-blocks32-1000-memory,iso,lookup-miss,18,42459,24,49152,0,0,0,0,0,memory,index,1000,32,
iso-index-blocks32-1000-memory,iso,lookup-miss,19,42708,24,49152,0,0,0,0,0,memory,index,1000,32,
iso-index-blocks32-1000-memory,iso,lookup-miss,20,41458,24,49152,0,0,0,0,0,memory,index,1000,32,
iso-index-blocks32-1000-memory,iso,lookup-miss,21,41583,24,49152,0,0,0,0,0,memory,index,1000,32,
iso-index-blocks32-1000-memory,iso,lookup-last-warm,1,40500,0,0,0,0,0,0,0,memory,index,1000,32,
iso-index-blocks32-1000-memory,iso,lookup-last-warm,2,40458,0,0,0,0,0,0,0,memory,index,1000,32,
iso-index-blocks32-1000-memory,iso,lookup-last-warm,3,40542,0,0,0,0,0,0,0,memory,index,1000,32,
iso-index-blocks32-1000-memory,iso,lookup-last-warm,4,40583,0,0,0,0,0,0,0,memory,index,1000,32,
iso-index-blocks32-1000-memory,iso,lookup-last-warm,5,40250,0,0,0,0,0,0,0,memory,index,1000,32,
iso-index-blocks32-1000-memory,iso,lookup-last-warm,6,40667,0,0,0,0,0,0,0,memory,index,1000,32,
iso-index-blocks32-1000-memory,iso,lookup-last-warm,7,43458,0,0,0,0,0,0,0,memory,index,1000,32,
iso-index-blocks32-1000-memory,iso,lookup-last-warm,8,40500,0,0,0,0,0,0,0,memory,index,1000,32,
iso-index-blocks32-1000-memory,iso,lookup-last-warm,9,42167,0,0,0,0,0,0,0,memory,index,1000,32,
iso-index-blocks32-1000-memory,iso,lookup-last-warm,10,41333,0,0,0,0,0,0,0,memory,index,1000,32,
iso-index-blocks32-1000-memory,iso,lookup-last-warm,11,41250,0,0,0,0,0,0,0,memory,index,1000,32,
iso-index-blocks32-1000-memory,iso,lookup-last-warm,12,41333,0,0,0,0,0,0,0,memory,index,1000,32,
iso-index-blocks32-1000-memory,iso,lookup-last-warm,13,40667,0,0,0,0,0,0,0,memory,index,1000,32,
iso-index-blocks32-1000-memory,iso,lookup-last-warm,14,40291,0,0,0,0,0,0,0,memory,index,1000,32,
iso-index-blocks32-1000-memory,iso,lookup-last-warm,15,50833,0,0,0,0,0,0,0,memory,index,1000,32,
iso-index-blocks32-1000-memory,iso,lookup-last-warm,16,40250,0,0,0,0,0,0,0,memory,index,1000,32,
iso-index-blocks32-1000-memory,iso,lookup-last-warm,17,40333,0,0,0,0,0,0,0,memory,index,1000,32,
iso-index-blocks32-1000-memory,iso,lookup-last-warm,18,40416,0,0,0,0,0,0,0,memory,index,1000,32,
iso-index-blocks32-1000-memory,iso,lookup-last-warm,19,40583,0,0,0,0,0,0,0,memory,index,1000,32,
iso-index-blocks32-1000-memory,iso,lookup-last-warm,20,40500,0,0,0,0,0,0,0,memory,index,1000,32,
iso-index-blocks32-1000-memory,iso,lookup-last-warm,21,40333,0,0,0,0,0,0,0,memory,index,1000,32,
iso-index-blocks32-1000-memory,iso,lookup-batch,1,21428167,24,49152,0,0,0,0,0,memory,index,1000,32,
iso-index-blocks32-1000-memory,iso,lookup-batch,2,21687708,24,49152,0,0,0,0,0,memory,index,1000,32,
iso-index-blocks32-1000-memory,iso,lookup-batch,3,21801375,24,49152,0,0,0,0,0,memory,index,1000,32,
iso-index-blocks32-1000-memory,iso,lookup-batch,4,21496834,24,49152,0,0,0,0,0,memory,index,1000,32,
iso-index-blocks32-1000-memory,iso,lookup-batch,5,21787958,24,49152,0,0,0,0,0,memory,index,1000,32,
iso-index-blocks32-1000-memory,iso,lookup-batch,6,21739584,24,49152,0,0,0,0,0,memory,index,1000,32,
iso-index-blocks32-1000-memory,iso,lookup-batch,7,21315250,24,49152,0,0,0,0,0,memory,index,1000,32,
iso-index-blocks32-1000-memory,iso,lookup-batch,8,21821917,24,49152,0,0,0,0,0,memory,index,1000,32,
iso-index-blocks32-1000-memory,iso,lookup-batch,9,21565542,24,49152,0,0,0,0,0,memory,index,1000,32,
iso-index-blocks32-1000-memory,iso,lookup-batch,10,21356041,24,49152,0,0,0,0,0,memory,index,1000,32,
iso-index-blocks32-1000-memory,iso,lookup-batch,11,21562083,24,49152,0,0,0,0,0,memory,index,1000,32,
iso-index-blocks32-1000-memory,iso,lookup-batch,12,21505000,24,49152,0,0,0,0,0,memory,index,1000,32,
iso-index-blocks32-1000-memory,iso,lookup-batch,13,21306125,24,49152,0,0,0,0,0,memory,index,1000,32,
iso-index-blocks32-1000-memory,iso,lookup-batch,14,21549083,24,49152,0,0,0,0,0,memory,index,1000,32,
iso-index-blocks32-1000-memory,iso,lookup-batch,15,21737125,24,49152,0,0,0,0,0,memory,index,1000,32,
iso-index-blocks32-1000-memory,iso,lookup-batch,16,21491333,24,49152,0,0,0,0,0,memory,index,1000,32,
iso-index-blocks32-1000-memory,iso,lookup-batch,17,21572792,24,49152,0,0,0,0,0,memory,index,1000,32,
iso-index-blocks32-1000-memory,iso,lookup-batch,18,21527625,24,49152,0,0,0,0,0,memory,index,1000,32,
iso-index-blocks32-1000-memory,iso,lookup-batch,19,21262208,24,49152,0,0,0,0,0,memory,index,1000,32,
iso-index-blocks32-1000-memory,iso,lookup-batch,20,21461750,24,49152,0,0,0,0,0,memory,index,1000,32,
iso-index-blocks32-1000-memory,iso,lookup-batch,21,21391292,24,49152,0,0,0,0,0,memory,index,1000,32,
iso-index-blocks32-1000-memory,iso,stat,1,250,0,0,0,0,0,0,0,memory,index,1000,32,
iso-index-blocks32-1000-memory,iso,stat,2,167,0,0,0,0,0,0,0,memory,index,1000,32,
iso-index-blocks32-1000-memory,iso,stat,3,166,0,0,0,0,0,0,0,memory,index,1000,32,
iso-index-blocks32-1000-memory,iso,stat,4,167,0,0,0,0,0,0,0,memory,index,1000,32,
iso-index-blocks32-1000-memory,iso,stat,5,166,0,0,0,0,0,0,0,memory,index,1000,32,
iso-index-blocks32-1000-memory,iso,stat,6,166,0,0,0,0,0,0,0,memory,index,1000,32,
iso-index-blocks32-1000-memory,iso,stat,7,125,0,0,0,0,0,0,0,memory,index,1000,32,
iso-index-blocks32-1000-memory,iso,stat,8,166,0,0,0,0,0,0,0,memory,index,1000,32,
iso-index-blocks32-1000-memory,iso,stat,9,167,0,0,0,0,0,0,0,memory,index,1000,32,
iso-index-blocks32-1000-memory,iso,stat,10,167,0,0,0,0,0,0,0,memory,index,1000,32,
iso-index-blocks32-1000-memory,iso,stat,11,167,0,0,0,0,0,0,0,memory,index,1000,32,
iso-index-blocks32-1000-memory,iso,stat,12,166,0,0,0,0,0,0,0,memory,index,1000,32,
iso-index-blocks32-1000-memory,iso,stat,13,209,0,0,0,0,0,0,0,memory,index,1000,32,
iso-index-blocks32-1000-memory,iso,stat,14,167,0,0,0,0,0,0,0,memory,index,1000,32,
iso-index-blocks32-1000-memory,iso,stat,15,208,0,0,0,0,0,0,0,memory,index,1000,32,
iso-index-blocks32-1000-memory,iso,stat,16,167,0,0,0,0,0,0,0,memory,index,1000,32,
iso-index-blocks32-1000-memory,iso,stat,17,166,0,0,0,0,0,0,0,memory,index,1000,32,
iso-index-blocks32-1000-memory,iso,stat,18,167,0,0,0,0,0,0,0,memory,index,1000,32,
iso-index-blocks32-1000-memory,iso,stat,19,209,0,0,0,0,0,0,0,memory,index,1000,32,
iso-index-blocks32-1000-memory,iso,stat,20,167,0,0,0,0,0,0,0,memory,index,1000,32,
iso-index-blocks32-1000-memory,iso,stat,21,208,0,0,0,0,0,0,0,memory,index,1000,32,
iso-index-blocks32-1000-memory,iso,read-4k,1,125,1,4096,0,0,0,0,0,memory,index,1000,32,
iso-index-blocks32-1000-memory,iso,read-4k,2,84,1,4096,0,0,0,0,0,memory,index,1000,32,
iso-index-blocks32-1000-memory,iso,read-4k,3,125,1,4096,0,0,0,0,0,memory,index,1000,32,
iso-index-blocks32-1000-memory,iso,read-4k,4,83,1,4096,0,0,0,0,0,memory,index,1000,32,
iso-index-blocks32-1000-memory,iso,read-4k,5,125,1,4096,0,0,0,0,0,memory,index,1000,32,
iso-index-blocks32-1000-memory,iso,read-4k,6,166,1,4096,0,0,0,0,0,memory,index,1000,32,
iso-index-blocks32-1000-memory,iso,read-4k,7,125,1,4096,0,0,0,0,0,memory,index,1000,32,
iso-index-blocks32-1000-memory,iso,read-4k,8,167,1,4096,0,0,0,0,0,memory,index,1000,32,
iso-index-blocks32-1000-memory,iso,read-4k,9,167,1,4096,0,0,0,0,0,memory,index,1000,32,
iso-index-blocks32-1000-memory,iso,read-4k,10,125,1,4096,0,0,0,0,0,memory,index,1000,32,
iso-index-blocks32-1000-memory,iso,read-4k,11,125,1,4096,0,0,0,0,0,memory,index,1000,32,
iso-index-blocks32-1000-memory,iso,read-4k,12,125,1,4096,0,0,0,0,0,memory,index,1000,32,
iso-index-blocks32-1000-memory,iso,read-4k,13,125,1,4096,0,0,0,0,0,memory,index,1000,32,
iso-index-blocks32-1000-memory,iso,read-4k,14,125,1,4096,0,0,0,0,0,memory,index,1000,32,
iso-index-blocks32-1000-memory,iso,read-4k,15,125,1,4096,0,0,0,0,0,memory,index,1000,32,
iso-index-blocks32-1000-memory,iso,read-4k,16,125,1,4096,0,0,0,0,0,memory,index,1000,32,
iso-index-blocks32-1000-memory,iso,read-4k,17,84,1,4096,0,0,0,0,0,memory,index,1000,32,
iso-index-blocks32-1000-memory,iso,read-4k,18,125,1,4096,0,0,0,0,0,memory,index,1000,32,
iso-index-blocks32-1000-memory,iso,read-4k,19,125,1,4096,0,0,0,0,0,memory,index,1000,32,
iso-index-blocks32-1000-memory,iso,read-4k,20,83,1,4096,0,0,0,0,0,memory,index,1000,32,
iso-index-blocks32-1000-memory,iso,read-4k,21,167,1,4096,0,0,0,0,0,memory,index,1000,32,
iso-index-blocks32-1000-memory,iso,read-64k,1,1584,1,65536,0,0,0,0,0,memory,index,1000,32,
iso-index-blocks32-1000-memory,iso,read-64k,2,1459,1,65536,0,0,0,0,0,memory,index,1000,32,
iso-index-blocks32-1000-memory,iso,read-64k,3,1583,1,65536,0,0,0,0,0,memory,index,1000,32,
iso-index-blocks32-1000-memory,iso,read-64k,4,1667,1,65536,0,0,0,0,0,memory,index,1000,32,
iso-index-blocks32-1000-memory,iso,read-64k,5,1541,1,65536,0,0,0,0,0,memory,index,1000,32,
iso-index-blocks32-1000-memory,iso,read-64k,6,1625,1,65536,0,0,0,0,0,memory,index,1000,32,
iso-index-blocks32-1000-memory,iso,read-64k,7,1292,1,65536,0,0,0,0,0,memory,index,1000,32,
iso-index-blocks32-1000-memory,iso,read-64k,8,1250,1,65536,0,0,0,0,0,memory,index,1000,32,
iso-index-blocks32-1000-memory,iso,read-64k,9,1500,1,65536,0,0,0,0,0,memory,index,1000,32,
iso-index-blocks32-1000-memory,iso,read-64k,10,1500,1,65536,0,0,0,0,0,memory,index,1000,32,
iso-index-blocks32-1000-memory,iso,read-64k,11,1458,1,65536,0,0,0,0,0,memory,index,1000,32,
iso-index-blocks32-1000-memory,iso,read-64k,12,1500,1,65536,0,0,0,0,0,memory,index,1000,32,
iso-index-blocks32-1000-memory,iso,read-64k,13,1375,1,65536,0,0,0,0,0,memory,index,1000,32,
iso-index-blocks32-1000-memory,iso,read-64k,14,1542,1,65536,0,0,0,0,0,memory,index,1000,32,
iso-index-blocks32-1000-memory,iso,read-64k,15,1375,1,65536,0,0,0,0,0,memory,index,1000,32,
iso-index-blocks32-1000-memory,iso,read-64k,16,1667,1,65536,0,0,0,0,0,memory,index,1000,32,
iso-index-blocks32-1000-memory,iso,read-64k,17,1458,1,65536,0,0,0,0,0,memory,index,1000,32,
iso-index-blocks32-1000-memory,iso,read-64k,18,1458,1,65536,0,0,0,0,0,memory,index,1000,32,
iso-index-blocks32-1000-memory,iso,read-64k,19,1583,1,65536,0,0,0,0,0,memory,index,1000,32,
iso-index-blocks32-1000-memory,iso,read-64k,20,1459,1,65536,0,0,0,0,0,memory,index,1000,32,
iso-index-blocks32-1000-memory,iso,read-64k,21,1417,1,65536,0,0,0,0,0,memory,index,1000,32,
iso-index-blocks32-1000-memory,iso,read-scattered,1,667,5,20480,0,0,0,0,0,memory,index,1000,32,
iso-index-blocks32-1000-memory,iso,read-scattered,2,625,5,20480,0,0,0,0,0,memory,index,1000,32,
iso-index-blocks32-1000-memory,iso,read-scattered,3,625,5,20480,0,0,0,0,0,memory,index,1000,32,
iso-index-blocks32-1000-memory,iso,read-scattered,4,625,5,20480,0,0,0,0,0,memory,index,1000,32,
iso-index-blocks32-1000-memory,iso,read-scattered,5,667,5,20480,0,0,0,0,0,memory,index,1000,32,
iso-index-blocks32-1000-memory,iso,read-scattered,6,834,5,20480,0,0,0,0,0,memory,index,1000,32,
iso-index-blocks32-1000-memory,iso,read-scattered,7,667,5,20480,0,0,0,0,0,memory,index,1000,32,
iso-index-blocks32-1000-memory,iso,read-scattered,8,583,5,20480,0,0,0,0,0,memory,index,1000,32,
iso-index-blocks32-1000-memory,iso,read-scattered,9,583,5,20480,0,0,0,0,0,memory,index,1000,32,
iso-index-blocks32-1000-memory,iso,read-scattered,10,583,5,20480,0,0,0,0,0,memory,index,1000,32,
iso-index-blocks32-1000-memory,iso,read-scattered,11,625,5,20480,0,0,0,0,0,memory,index,1000,32,
iso-index-blocks32-1000-memory,iso,read-scattered,12,625,5,20480,0,0,0,0,0,memory,index,1000,32,
iso-index-blocks32-1000-memory,iso,read-scattered,13,625,5,20480,0,0,0,0,0,memory,index,1000,32,
iso-index-blocks32-1000-memory,iso,read-scattered,14,625,5,20480,0,0,0,0,0,memory,index,1000,32,
iso-index-blocks32-1000-memory,iso,read-scattered,15,625,5,20480,0,0,0,0,0,memory,index,1000,32,
iso-index-blocks32-1000-memory,iso,read-scattered,16,792,5,20480,0,0,0,0,0,memory,index,1000,32,
iso-index-blocks32-1000-memory,iso,read-scattered,17,584,5,20480,0,0,0,0,0,memory,index,1000,32,
iso-index-blocks32-1000-memory,iso,read-scattered,18,625,5,20480,0,0,0,0,0,memory,index,1000,32,
iso-index-blocks32-1000-memory,iso,read-scattered,19,625,5,20480,0,0,0,0,0,memory,index,1000,32,
iso-index-blocks32-1000-memory,iso,read-scattered,20,625,5,20480,0,0,0,0,0,memory,index,1000,32,
iso-index-blocks32-1000-memory,iso,read-scattered,21,583,5,20480,0,0,0,0,0,memory,index,1000,32,
iso-index-blocks32-1000-memory,iso,read-full,1,2250,1,131072,0,0,0,0,0,memory,index,1000,32,
iso-index-blocks32-1000-memory,iso,read-full,2,2167,1,131072,0,0,0,0,0,memory,index,1000,32,
iso-index-blocks32-1000-memory,iso,read-full,3,2167,1,131072,0,0,0,0,0,memory,index,1000,32,
iso-index-blocks32-1000-memory,iso,read-full,4,2250,1,131072,0,0,0,0,0,memory,index,1000,32,
iso-index-blocks32-1000-memory,iso,read-full,5,2208,1,131072,0,0,0,0,0,memory,index,1000,32,
iso-index-blocks32-1000-memory,iso,read-full,6,2208,1,131072,0,0,0,0,0,memory,index,1000,32,
iso-index-blocks32-1000-memory,iso,read-full,7,2250,1,131072,0,0,0,0,0,memory,index,1000,32,
iso-index-blocks32-1000-memory,iso,read-full,8,2208,1,131072,0,0,0,0,0,memory,index,1000,32,
iso-index-blocks32-1000-memory,iso,read-full,9,2250,1,131072,0,0,0,0,0,memory,index,1000,32,
iso-index-blocks32-1000-memory,iso,read-full,10,2166,1,131072,0,0,0,0,0,memory,index,1000,32,
iso-index-blocks32-1000-memory,iso,read-full,11,2292,1,131072,0,0,0,0,0,memory,index,1000,32,
iso-index-blocks32-1000-memory,iso,read-full,12,2250,1,131072,0,0,0,0,0,memory,index,1000,32,
iso-index-blocks32-1000-memory,iso,read-full,13,2208,1,131072,0,0,0,0,0,memory,index,1000,32,
iso-index-blocks32-1000-memory,iso,read-full,14,2167,1,131072,0,0,0,0,0,memory,index,1000,32,
iso-index-blocks32-1000-memory,iso,read-full,15,2333,1,131072,0,0,0,0,0,memory,index,1000,32,
iso-index-blocks32-1000-memory,iso,read-full,16,2208,1,131072,0,0,0,0,0,memory,index,1000,32,
iso-index-blocks32-1000-memory,iso,read-full,17,2250,1,131072,0,0,0,0,0,memory,index,1000,32,
iso-index-blocks32-1000-memory,iso,read-full,18,2166,1,131072,0,0,0,0,0,memory,index,1000,32,
iso-index-blocks32-1000-memory,iso,read-full,19,2209,1,131072,0,0,0,0,0,memory,index,1000,32,
iso-index-blocks32-1000-memory,iso,read-full,20,2125,1,131072,0,0,0,0,0,memory,index,1000,32,
iso-index-blocks32-1000-memory,iso,read-full,21,2334,1,131072,0,0,0,0,0,memory,index,1000,32,
udf-1000-file,udf,mount,1,22083,16,22016,0,0,0,0,0,file,default,1000,0,2473984
udf-1000-file,udf,mount,2,20083,16,22016,0,0,0,0,0,file,default,1000,0,2473984
udf-1000-file,udf,mount,3,21833,16,22016,0,0,0,0,0,file,default,1000,0,2473984
udf-1000-file,udf,mount,4,20167,16,22016,0,0,0,0,0,file,default,1000,0,2473984
udf-1000-file,udf,mount,5,21917,16,22016,0,0,0,0,0,file,default,1000,0,2473984
udf-1000-file,udf,list,1,4511833,4100,5175808,0,0,0,0,0,file,default,1000,0,3670016
udf-1000-file,udf,list,2,4653375,4100,5175808,0,0,0,0,0,file,default,1000,0,3686400
udf-1000-file,udf,list,3,4447750,4100,5175808,0,0,0,0,0,file,default,1000,0,3670016
udf-1000-file,udf,list,4,4524666,4100,5175808,0,0,0,0,0,file,default,1000,0,3653632
udf-1000-file,udf,list,5,4419750,4100,5175808,0,0,0,0,0,file,default,1000,0,3670016
udf-1000-file,udf,lookup-last,1,1519959,2098,1075712,0,0,0,0,0,file,default,1000,0,2523136
udf-1000-file,udf,lookup-last,2,1561583,2098,1075712,0,0,0,0,0,file,default,1000,0,2523136
udf-1000-file,udf,lookup-last,3,1558833,2098,1075712,0,0,0,0,0,file,default,1000,0,2523136
udf-1000-file,udf,lookup-last,4,1582000,2098,1075712,0,0,0,0,0,file,default,1000,0,2523136
udf-1000-file,udf,lookup-last,5,1550542,2098,1075712,0,0,0,0,0,file,default,1000,0,2523136
udf-1000-file,udf,lookup-miss,1,1513875,2098,1075712,0,0,0,0,0,file,default,1000,0,2523136
udf-1000-file,udf,lookup-miss,2,1567334,2098,1075712,0,0,0,0,0,file,default,1000,0,2523136
udf-1000-file,udf,lookup-miss,3,1563750,2098,1075712,0,0,0,0,0,file,default,1000,0,2523136
udf-1000-file,udf,lookup-miss,4,1510041,2098,1075712,0,0,0,0,0,file,default,1000,0,2523136
udf-1000-file,udf,lookup-miss,5,1538625,2098,1075712,0,0,0,0,0,file,default,1000,0,2523136
udf-1000-file,udf,lookup-last-warm,1,1513250,2098,1075712,0,0,0,0,0,file,default,1000,0,2523136
udf-1000-file,udf,lookup-last-warm,2,1556291,2098,1075712,0,0,0,0,0,file,default,1000,0,2523136
udf-1000-file,udf,lookup-last-warm,3,1544667,2098,1075712,0,0,0,0,0,file,default,1000,0,2523136
udf-1000-file,udf,lookup-last-warm,4,1599292,2098,1075712,0,0,0,0,0,file,default,1000,0,2523136
udf-1000-file,udf,lookup-last-warm,5,1586292,2098,1075712,0,0,0,0,0,file,default,1000,0,2523136
udf-1000-file,udf,lookup-batch,1,771063417,1050615,539450880,0,0,0,0,0,file,default,1000,0,2637824
udf-1000-file,udf,lookup-batch,2,767514333,1050615,539450880,0,0,0,0,0,file,default,1000,0,2621440
udf-1000-file,udf,lookup-batch,3,775746541,1050615,539450880,0,0,0,0,0,file,default,1000,0,2621440
udf-1000-file,udf,lookup-batch,4,788911750,1050615,539450880,0,0,0,0,0,file,default,1000,0,2637824
udf-1000-file,udf,lookup-batch,5,1045240041,1050615,539450880,0,0,0,0,0,file,default,1000,0,2621440
udf-1000-file,udf,stat,1,2000,1,2048,0,0,0,0,0,file,default,1000,0,2490368
udf-1000-file,udf,stat,2,1459,1,2048,0,0,0,0,0,file,default,1000,0,2506752
udf-1000-file,udf,stat,3,1500,1,2048,0,0,0,0,0,file,default,1000,0,2506752
udf-1000-file,udf,stat,4,1750,1,2048,0,0,0,0,0,file,default,1000,0,2506752
udf-1000-file,udf,stat,5,2083,1,2048,0,0,0,0,0,file,default,1000,0,2506752
udf-1000-file,udf,read-4k,1,2792,2,6144,0,0,0,0,0,file,default,1000,0,2539520
udf-1000-file,udf,read-4k,2,2667,2,6144,0,0,0,0,0,file,default,1000,0,2523136
udf-1000-file,udf,read-4k,3,2458,2,6144,0,0,0,0,0,file,default,1000,0,2523136
udf-1000-file,udf,read-4k,4,3708,2,6144,0,0,0,0,0,file,default,1000,0,2523136
udf-1000-file,udf,read-4k,5,2583,2,6144,0,0,0,0,0,file,default,1000,0,2523136
udf-1000-file,udf,read-64k,1,10166,2,67584,0,0,0,0,0,file,default,1000,0,2670592
udf-1000-file,udf,read-64k,2,5959,2,67584,0,0,0,0,0,file,default,1000,0,2605056
udf-1000-file,udf,read-64k,3,6083,2,67584,0,0,0,0,0,file,default,1000,0,2588672
udf-1000-file,udf,read-64k,4,8375,2,67584,0,0,0,0,0,file,default,1000,0,2588672
udf-1000-file,udf,read-64k,5,9250,2,67584,0,0,0,0,0,file,default,1000,0,2605056
udf-1000-file,udf,read-scattered,1,14167,10,30720,0,0,0,0,0,file,default,1000,0,2506752
udf-1000-file,udf,read-scattered,2,15333,10,30720,0,0,0,0,0,file,default,1000,0,2506752
udf-1000-file,udf,read-scattered,3,23583,10,30720,0,0,0,0,0,file,default,1000,0,2506752
udf-1000-file,udf,read-scattered,4,11666,10,30720,0,0,0,0,0,file,default,1000,0,2506752
udf-1000-file,udf,read-scattered,5,12584,10,30720,0,0,0,0,0,file,default,1000,0,2506752
udf-1000-file,udf,read-full,1,22208,2,133120,0,0,0,0,0,file,default,1000,0,2654208
udf-1000-file,udf,read-full,2,7792,2,133120,0,0,0,0,0,file,default,1000,0,2654208
udf-1000-file,udf,read-full,3,19750,2,133120,0,0,0,0,0,file,default,1000,0,2801664
udf-1000-file,udf,read-full,4,8125,2,133120,0,0,0,0,0,file,default,1000,0,2654208
udf-1000-file,udf,read-full,5,18833,2,133120,0,0,0,0,0,file,default,1000,0,2801664
udf-1000-memory,udf,mount,1,13125,16,22016,0,0,0,0,0,memory,default,1000,0,
udf-1000-memory,udf,mount,2,12791,16,22016,0,0,0,0,0,memory,default,1000,0,
udf-1000-memory,udf,mount,3,12042,16,22016,0,0,0,0,0,memory,default,1000,0,
udf-1000-memory,udf,mount,4,12333,16,22016,0,0,0,0,0,memory,default,1000,0,
udf-1000-memory,udf,mount,5,11792,16,22016,0,0,0,0,0,memory,default,1000,0,
udf-1000-memory,udf,mount,6,11791,16,22016,0,0,0,0,0,memory,default,1000,0,
udf-1000-memory,udf,mount,7,11792,16,22016,0,0,0,0,0,memory,default,1000,0,
udf-1000-memory,udf,mount,8,11792,16,22016,0,0,0,0,0,memory,default,1000,0,
udf-1000-memory,udf,mount,9,11750,16,22016,0,0,0,0,0,memory,default,1000,0,
udf-1000-memory,udf,mount,10,11750,16,22016,0,0,0,0,0,memory,default,1000,0,
udf-1000-memory,udf,mount,11,11791,16,22016,0,0,0,0,0,memory,default,1000,0,
udf-1000-memory,udf,mount,12,11750,16,22016,0,0,0,0,0,memory,default,1000,0,
udf-1000-memory,udf,mount,13,11709,16,22016,0,0,0,0,0,memory,default,1000,0,
udf-1000-memory,udf,mount,14,11750,16,22016,0,0,0,0,0,memory,default,1000,0,
udf-1000-memory,udf,mount,15,11750,16,22016,0,0,0,0,0,memory,default,1000,0,
udf-1000-memory,udf,mount,16,11791,16,22016,0,0,0,0,0,memory,default,1000,0,
udf-1000-memory,udf,mount,17,11791,16,22016,0,0,0,0,0,memory,default,1000,0,
udf-1000-memory,udf,mount,18,11750,16,22016,0,0,0,0,0,memory,default,1000,0,
udf-1000-memory,udf,mount,19,11791,16,22016,0,0,0,0,0,memory,default,1000,0,
udf-1000-memory,udf,mount,20,11791,16,22016,0,0,0,0,0,memory,default,1000,0,
udf-1000-memory,udf,mount,21,11750,16,22016,0,0,0,0,0,memory,default,1000,0,
udf-1000-memory,udf,list,1,2169584,4100,5175808,0,0,0,0,0,memory,default,1000,0,
udf-1000-memory,udf,list,2,2092417,4100,5175808,0,0,0,0,0,memory,default,1000,0,
udf-1000-memory,udf,list,3,2046959,4100,5175808,0,0,0,0,0,memory,default,1000,0,
udf-1000-memory,udf,list,4,2044708,4100,5175808,0,0,0,0,0,memory,default,1000,0,
udf-1000-memory,udf,list,5,2061708,4100,5175808,0,0,0,0,0,memory,default,1000,0,
udf-1000-memory,udf,list,6,2057042,4100,5175808,0,0,0,0,0,memory,default,1000,0,
udf-1000-memory,udf,list,7,2109167,4100,5175808,0,0,0,0,0,memory,default,1000,0,
udf-1000-memory,udf,list,8,2204125,4100,5175808,0,0,0,0,0,memory,default,1000,0,
udf-1000-memory,udf,list,9,2092625,4100,5175808,0,0,0,0,0,memory,default,1000,0,
udf-1000-memory,udf,list,10,2069459,4100,5175808,0,0,0,0,0,memory,default,1000,0,
udf-1000-memory,udf,list,11,2132625,4100,5175808,0,0,0,0,0,memory,default,1000,0,
udf-1000-memory,udf,list,12,2083458,4100,5175808,0,0,0,0,0,memory,default,1000,0,
udf-1000-memory,udf,list,13,2046375,4100,5175808,0,0,0,0,0,memory,default,1000,0,
udf-1000-memory,udf,list,14,2133916,4100,5175808,0,0,0,0,0,memory,default,1000,0,
udf-1000-memory,udf,list,15,2072375,4100,5175808,0,0,0,0,0,memory,default,1000,0,
udf-1000-memory,udf,list,16,2100709,4100,5175808,0,0,0,0,0,memory,default,1000,0,
udf-1000-memory,udf,list,17,2078042,4100,5175808,0,0,0,0,0,memory,default,1000,0,
udf-1000-memory,udf,list,18,2117375,4100,5175808,0,0,0,0,0,memory,default,1000,0,
udf-1000-memory,udf,list,19,2226375,4100,5175808,0,0,0,0,0,memory,default,1000,0,
udf-1000-memory,udf,list,20,2253958,4100,5175808,0,0,0,0,0,memory,default,1000,0,
udf-1000-memory,udf,list,21,2284292,4100,5175808,0,0,0,0,0,memory,default,1000,0,
udf-1000-memory,udf,lookup-last,1,325958,2098,1075712,0,0,0,0,0,memory,default,1000,0,
udf-1000-memory,udf,lookup-last,2,316583,2098,1075712,0,0,0,0,0,memory,default,1000,0,
udf-1000-memory,udf,lookup-last,3,342667,2098,1075712,0,0,0,0,0,memory,default,1000,0,
udf-1000-memory,udf,lookup-last,4,347667,2098,1075712,0,0,0,0,0,memory,default,1000,0,
udf-1000-memory,udf,lookup-last,5,355667,2098,1075712,0,0,0,0,0,memory,default,1000,0,
udf-1000-memory,udf,lookup-last,6,342292,2098,1075712,0,0,0,0,0,memory,default,1000,0,
udf-1000-memory,udf,lookup-last,7,352000,2098,1075712,0,0,0,0,0,memory,default,1000,0,
udf-1000-memory,udf,lookup-last,8,344542,2098,1075712,0,0,0,0,0,memory,default,1000,0,
udf-1000-memory,udf,lookup-last,9,336500,2098,1075712,0,0,0,0,0,memory,default,1000,0,
udf-1000-memory,udf,lookup-last,10,354792,2098,1075712,0,0,0,0,0,memory,default,1000,0,
udf-1000-memory,udf,lookup-last,11,335917,2098,1075712,0,0,0,0,0,memory,default,1000,0,
udf-1000-memory,udf,lookup-last,12,342667,2098,1075712,0,0,0,0,0,memory,default,1000,0,
udf-1000-memory,udf,lookup-last,13,374083,2098,1075712,0,0,0,0,0,memory,default,1000,0,
udf-1000-memory,udf,lookup-last,14,350583,2098,1075712,0,0,0,0,0,memory,default,1000,0,
udf-1000-memory,udf,lookup-last,15,352917,2098,1075712,0,0,0,0,0,memory,default,1000,0,
udf-1000-memory,udf,lookup-last,16,353917,2098,1075712,0,0,0,0,0,memory,default,1000,0,
udf-1000-memory,udf,lookup-last,17,342416,2098,1075712,0,0,0,0,0,memory,default,1000,0,
udf-1000-memory,udf,lookup-last,18,322500,2098,1075712,0,0,0,0,0,memory,default,1000,0,
udf-1000-memory,udf,lookup-last,19,341292,2098,1075712,0,0,0,0,0,memory,default,1000,0,
udf-1000-memory,udf,lookup-last,20,350375,2098,1075712,0,0,0,0,0,memory,default,1000,0,
udf-1000-memory,udf,lookup-last,21,356000,2098,1075712,0,0,0,0,0,memory,default,1000,0,
udf-1000-memory,udf,lookup-miss,1,342875,2098,1075712,0,0,0,0,0,memory,default,1000,0,
udf-1000-memory,udf,lookup-miss,2,338416,2098,1075712,0,0,0,0,0,memory,default,1000,0,
udf-1000-memory,udf,lookup-miss,3,350709,2098,1075712,0,0,0,0,0,memory,default,1000,0,
udf-1000-memory,udf,lookup-miss,4,329209,2098,1075712,0,0,0,0,0,memory,default,1000,0,
udf-1000-memory,udf,lookup-miss,5,328625,2098,1075712,0,0,0,0,0,memory,default,1000,0,
udf-1000-memory,udf,lookup-miss,6,336083,2098,1075712,0,0,0,0,0,memory,default,1000,0,
udf-1000-memory,udf,lookup-miss,7,336750,2098,1075712,0,0,0,0,0,memory,default,1000,0,
udf-1000-memory,udf,lookup-miss,8,318833,2098,1075712,0,0,0,0,0,memory,default,1000,0,
udf-1000-memory,udf,lookup-miss,9,334334,2098,1075712,0,0,0,0,0,memory,default,1000,0,
udf-1000-memory,udf,lookup-miss,10,323166,2098,1075712,0,0,0,0,0,memory,default,1000,0,
udf-1000-memory,udf,lookup-miss,11,317042,2098,1075712,0,0,0,0,0,memory,default,1000,0,
udf-1000-memory,udf,lookup-miss,12,322334,2098,1075712,0,0,0,0,0,memory,default,1000,0,
udf-1000-memory,udf,lookup-miss,13,325541,2098,1075712,0,0,0,0,0,memory,default,1000,0,
udf-1000-memory,udf,lookup-miss,14,320125,2098,1075712,0,0,0,0,0,memory,default,1000,0,
udf-1000-memory,udf,lookup-miss,15,323042,2098,1075712,0,0,0,0,0,memory,default,1000,0,
udf-1000-memory,udf,lookup-miss,16,319709,2098,1075712,0,0,0,0,0,memory,default,1000,0,
udf-1000-memory,udf,lookup-miss,17,329625,2098,1075712,0,0,0,0,0,memory,default,1000,0,
udf-1000-memory,udf,lookup-miss,18,333042,2098,1075712,0,0,0,0,0,memory,default,1000,0,
udf-1000-memory,udf,lookup-miss,19,315250,2098,1075712,0,0,0,0,0,memory,default,1000,0,
udf-1000-memory,udf,lookup-miss,20,327792,2098,1075712,0,0,0,0,0,memory,default,1000,0,
udf-1000-memory,udf,lookup-miss,21,325333,2098,1075712,0,0,0,0,0,memory,default,1000,0,
udf-1000-memory,udf,lookup-last-warm,1,347167,2098,1075712,0,0,0,0,0,memory,default,1000,0,
udf-1000-memory,udf,lookup-last-warm,2,323708,2098,1075712,0,0,0,0,0,memory,default,1000,0,
udf-1000-memory,udf,lookup-last-warm,3,320459,2098,1075712,0,0,0,0,0,memory,default,1000,0,
udf-1000-memory,udf,lookup-last-warm,4,325167,2098,1075712,0,0,0,0,0,memory,default,1000,0,
udf-1000-memory,udf,lookup-last-warm,5,324500,2098,1075712,0,0,0,0,0,memory,default,1000,0,
udf-1000-memory,udf,lookup-last-warm,6,322666,2098,1075712,0,0,0,0,0,memory,default,1000,0,
udf-1000-memory,udf,lookup-last-warm,7,317833,2098,1075712,0,0,0,0,0,memory,default,1000,0,
udf-1000-memory,udf,lookup-last-warm,8,317417,2098,1075712,0,0,0,0,0,memory,default,1000,0,
udf-1000-memory,udf,lookup-last-warm,9,322000,2098,1075712,0,0,0,0,0,memory,default,1000,0,
udf-1000-memory,udf,lookup-last-warm,10,333000,2098,1075712,0,0,0,0,0,memory,default,1000,0,
udf-1000-memory,udf,lookup-last-warm,11,327000,2098,1075712,0,0,0,0,0,memory,default,1000,0,
udf-1000-memory,udf,lookup-last-warm,12,324500,2098,1075712,0,0,0,0,0,memory,default,1000,0,
udf-1000-memory,udf,lookup-last-warm,13,317667,2098,1075712,0,0,0,0,0,memory,default,1000,0,
udf-1000-memory,udf,lookup-last-warm,14,317083,2098,1075712,0,0,0,0,0,memory,default,1000,0,
udf-1000-memory,udf,lookup-last-warm,15,331792,2098,1075712,0,0,0,0,0,memory,default,1000,0,
udf-1000-memory,udf,lookup-last-warm,16,323959,2098,1075712,0,0,0,0,0,memory,default,1000,0,
udf-1000-memory,udf,lookup-last-warm,17,327625,2098,1075712,0,0,0,0,0,memory,default,1000,0,
udf-1000-memory,udf,lookup-last-warm,18,316292,2098,1075712,0,0,0,0,0,memory,default,1000,0,
udf-1000-memory,udf,lookup-last-warm,19,326167,2098,1075712,0,0,0,0,0,memory,default,1000,0,
udf-1000-memory,udf,lookup-last-warm,20,315959,2098,1075712,0,0,0,0,0,memory,default,1000,0,
udf-1000-memory,udf,lookup-last-warm,21,327166,2098,1075712,0,0,0,0,0,memory,default,1000,0,
udf-1000-memory,udf,lookup-batch,1,165422916,1050615,539450880,0,0,0,0,0,memory,default,1000,0,
udf-1000-memory,udf,lookup-batch,2,165648625,1050615,539450880,0,0,0,0,0,memory,default,1000,0,
udf-1000-memory,udf,lookup-batch,3,163335500,1050615,539450880,0,0,0,0,0,memory,default,1000,0,
udf-1000-memory,udf,lookup-batch,4,164376417,1050615,539450880,0,0,0,0,0,memory,default,1000,0,
udf-1000-memory,udf,lookup-batch,5,164717500,1050615,539450880,0,0,0,0,0,memory,default,1000,0,
udf-1000-memory,udf,lookup-batch,6,163344625,1050615,539450880,0,0,0,0,0,memory,default,1000,0,
udf-1000-memory,udf,lookup-batch,7,164251833,1050615,539450880,0,0,0,0,0,memory,default,1000,0,
udf-1000-memory,udf,lookup-batch,8,163024458,1050615,539450880,0,0,0,0,0,memory,default,1000,0,
udf-1000-memory,udf,lookup-batch,9,163842375,1050615,539450880,0,0,0,0,0,memory,default,1000,0,
udf-1000-memory,udf,lookup-batch,10,163773334,1050615,539450880,0,0,0,0,0,memory,default,1000,0,
udf-1000-memory,udf,lookup-batch,11,164436667,1050615,539450880,0,0,0,0,0,memory,default,1000,0,
udf-1000-memory,udf,lookup-batch,12,164157292,1050615,539450880,0,0,0,0,0,memory,default,1000,0,
udf-1000-memory,udf,lookup-batch,13,163504958,1050615,539450880,0,0,0,0,0,memory,default,1000,0,
udf-1000-memory,udf,lookup-batch,14,164021208,1050615,539450880,0,0,0,0,0,memory,default,1000,0,
udf-1000-memory,udf,lookup-batch,15,163283708,1050615,539450880,0,0,0,0,0,memory,default,1000,0,
udf-1000-memory,udf,lookup-batch,16,163794833,1050615,539450880,0,0,0,0,0,memory,default,1000,0,
udf-1000-memory,udf,lookup-batch,17,163311917,1050615,539450880,0,0,0,0,0,memory,default,1000,0,
udf-1000-memory,udf,lookup-batch,18,163883250,1050615,539450880,0,0,0,0,0,memory,default,1000,0,
udf-1000-memory,udf,lookup-batch,19,163619875,1050615,539450880,0,0,0,0,0,memory,default,1000,0,
udf-1000-memory,udf,lookup-batch,20,164038000,1050615,539450880,0,0,0,0,0,memory,default,1000,0,
udf-1000-memory,udf,lookup-batch,21,163526958,1050615,539450880,0,0,0,0,0,memory,default,1000,0,
udf-1000-memory,udf,stat,1,875,1,2048,0,0,0,0,0,memory,default,1000,0,
udf-1000-memory,udf,stat,2,834,1,2048,0,0,0,0,0,memory,default,1000,0,
udf-1000-memory,udf,stat,3,916,1,2048,0,0,0,0,0,memory,default,1000,0,
udf-1000-memory,udf,stat,4,875,1,2048,0,0,0,0,0,memory,default,1000,0,
udf-1000-memory,udf,stat,5,958,1,2048,0,0,0,0,0,memory,default,1000,0,
udf-1000-memory,udf,stat,6,833,1,2048,0,0,0,0,0,memory,default,1000,0,
udf-1000-memory,udf,stat,7,833,1,2048,0,0,0,0,0,memory,default,1000,0,
udf-1000-memory,udf,stat,8,875,1,2048,0,0,0,0,0,memory,default,1000,0,
udf-1000-memory,udf,stat,9,834,1,2048,0,0,0,0,0,memory,default,1000,0,
udf-1000-memory,udf,stat,10,833,1,2048,0,0,0,0,0,memory,default,1000,0,
udf-1000-memory,udf,stat,11,833,1,2048,0,0,0,0,0,memory,default,1000,0,
udf-1000-memory,udf,stat,12,834,1,2048,0,0,0,0,0,memory,default,1000,0,
udf-1000-memory,udf,stat,13,833,1,2048,0,0,0,0,0,memory,default,1000,0,
udf-1000-memory,udf,stat,14,833,1,2048,0,0,0,0,0,memory,default,1000,0,
udf-1000-memory,udf,stat,15,1125,1,2048,0,0,0,0,0,memory,default,1000,0,
udf-1000-memory,udf,stat,16,875,1,2048,0,0,0,0,0,memory,default,1000,0,
udf-1000-memory,udf,stat,17,875,1,2048,0,0,0,0,0,memory,default,1000,0,
udf-1000-memory,udf,stat,18,792,1,2048,0,0,0,0,0,memory,default,1000,0,
udf-1000-memory,udf,stat,19,833,1,2048,0,0,0,0,0,memory,default,1000,0,
udf-1000-memory,udf,stat,20,834,1,2048,0,0,0,0,0,memory,default,1000,0,
udf-1000-memory,udf,stat,21,833,1,2048,0,0,0,0,0,memory,default,1000,0,
udf-1000-memory,udf,read-4k,1,1000,2,6144,0,0,0,0,0,memory,default,1000,0,
udf-1000-memory,udf,read-4k,2,958,2,6144,0,0,0,0,0,memory,default,1000,0,
udf-1000-memory,udf,read-4k,3,917,2,6144,0,0,0,0,0,memory,default,1000,0,
udf-1000-memory,udf,read-4k,4,958,2,6144,0,0,0,0,0,memory,default,1000,0,
udf-1000-memory,udf,read-4k,5,958,2,6144,0,0,0,0,0,memory,default,1000,0,
udf-1000-memory,udf,read-4k,6,917,2,6144,0,0,0,0,0,memory,default,1000,0,
udf-1000-memory,udf,read-4k,7,958,2,6144,0,0,0,0,0,memory,default,1000,0,
udf-1000-memory,udf,read-4k,8,917,2,6144,0,0,0,0,0,memory,default,1000,0,
udf-1000-memory,udf,read-4k,9,958,2,6144,0,0,0,0,0,memory,default,1000,0,
udf-1000-memory,udf,read-4k,10,917,2,6144,0,0,0,0,0,memory,default,1000,0,
udf-1000-memory,udf,read-4k,11,917,2,6144,0,0,0,0,0,memory,default,1000,0,
udf-1000-memory,udf,read-4k,12,875,2,6144,0,0,0,0,0,memory,default,1000,0,
udf-1000-memory,udf,read-4k,13,917,2,6144,0,0,0,0,0,memory,default,1000,0,
udf-1000-memory,udf,read-4k,14,959,2,6144,0,0,0,0,0,memory,default,1000,0,
udf-1000-memory,udf,read-4k,15,917,2,6144,0,0,0,0,0,memory,default,1000,0,
udf-1000-memory,udf,read-4k,16,917,2,6144,0,0,0,0,0,memory,default,1000,0,
udf-1000-memory,udf,read-4k,17,917,2,6144,0,0,0,0,0,memory,default,1000,0,
udf-1000-memory,udf,read-4k,18,917,2,6144,0,0,0,0,0,memory,default,1000,0,
udf-1000-memory,udf,read-4k,19,958,2,6144,0,0,0,0,0,memory,default,1000,0,
udf-1000-memory,udf,read-4k,20,958,2,6144,0,0,0,0,0,memory,default,1000,0,
udf-1000-memory,udf,read-4k,21,917,2,6144,0,0,0,0,0,memory,default,1000,0,
udf-1000-memory,udf,read-64k,1,2333,2,67584,0,0,0,0,0,memory,default,1000,0,
udf-1000-memory,udf,read-64k,2,2541,2,67584,0,0,0,0,0,memory,default,1000,0,
udf-1000-memory,udf,read-64k,3,2375,2,67584,0,0,0,0,0,memory,default,1000,0,
udf-1000-memory,udf,read-64k,4,2459,2,67584,0,0,0,0,0,memory,default,1000,0,
udf-1000-memory,udf,read-64k,5,2458,2,67584,0,0,0,0,0,memory,default,1000,0,
udf-1000-memory,udf,read-64k,6,2750,2,67584,0,0,0,0,0,memory,default,1000,0,
udf-1000-memory,udf,read-64k,7,2250,2,67584,0,0,0,0,0,memory,default,1000,0,
udf-1000-memory,udf,read-64k,8,2250,2,67584,0,0,0,0,0,memory,default,1000,0,
udf-1000-memory,udf,read-64k,9,2209,2,67584,0,0,0,0,0,memory,default,1000,0,
udf-1000-memory,udf,read-64k,10,2417,2,67584,0,0,0,0,0,memory,default,1000,0,
udf-1000-memory,udf,read-64k,11,2334,2,67584,0,0,0,0,0,memory,default,1000,0,
udf-1000-memory,udf,read-64k,12,2416,2,67584,0,0,0,0,0,memory,default,1000,0,
udf-1000-memory,udf,read-64k,13,2500,2,67584,0,0,0,0,0,memory,default,1000,0,
udf-1000-memory,udf,read-64k,14,2250,2,67584,0,0,0,0,0,memory,default,1000,0,
udf-1000-memory,udf,read-64k,15,2458,2,67584,0,0,0,0,0,memory,default,1000,0,
udf-1000-memory,udf,read-64k,16,2417,2,67584,0,0,0,0,0,memory,default,1000,0,
udf-1000-memory,udf,read-64k,17,2375,2,67584,0,0,0,0,0,memory,default,1000,0,
udf-1000-memory,udf,read-64k,18,2250,2,67584,0,0,0,0,0,memory,default,1000,0,
udf-1000-memory,udf,read-64k,19,2500,2,67584,0,0,0,0,0,memory,default,1000,0,
udf-1000-memory,udf,read-64k,20,2416,2,67584,0,0,0,0,0,memory,default,1000,0,
udf-1000-memory,udf,read-64k,21,2375,2,67584,0,0,0,0,0,memory,default,1000,0,
udf-1000-memory,udf,read-scattered,1,4833,10,30720,0,0,0,0,0,memory,default,1000,0,
udf-1000-memory,udf,read-scattered,2,4542,10,30720,0,0,0,0,0,memory,default,1000,0,
udf-1000-memory,udf,read-scattered,3,4541,10,30720,0,0,0,0,0,memory,default,1000,0,
udf-1000-memory,udf,read-scattered,4,4542,10,30720,0,0,0,0,0,memory,default,1000,0,
udf-1000-memory,udf,read-scattered,5,4500,10,30720,0,0,0,0,0,memory,default,1000,0,
udf-1000-memory,udf,read-scattered,6,4667,10,30720,0,0,0,0,0,memory,default,1000,0,
udf-1000-memory,udf,read-scattered,7,4583,10,30720,0,0,0,0,0,memory,default,1000,0,
udf-1000-memory,udf,read-scattered,8,4541,10,30720,0,0,0,0,0,memory,default,1000,0,
udf-1000-memory,udf,read-scattered,9,4542,10,30720,0,0,0,0,0,memory,default,1000,0,
udf-1000-memory,udf,read-scattered,10,4500,10,30720,0,0,0,0,0,memory,default,1000,0,
udf-1000-memory,udf,read-scattered,11,4542,10,30720,0,0,0,0,0,memory,default,1000,0,
udf-1000-memory,udf,read-scattered,12,4541,10,30720,0,0,0,0,0,memory,default,1000,0,
udf-1000-memory,udf,read-scattered,13,4625,10,30720,0,0,0,0,0,memory,default,1000,0,
udf-1000-memory,udf,read-scattered,14,4542,10,30720,0,0,0,0,0,memory,default,1000,0,
udf-1000-memory,udf,read-scattered,15,4583,10,30720,0,0,0,0,0,memory,default,1000,0,
udf-1000-memory,udf,read-scattered,16,4584,10,30720,0,0,0,0,0,memory,default,1000,0,
udf-1000-memory,udf,read-scattered,17,4625,10,30720,0,0,0,0,0,memory,default,1000,0,
udf-1000-memory,udf,read-scattered,18,4583,10,30720,0,0,0,0,0,memory,default,1000,0,
udf-1000-memory,udf,read-scattered,19,4583,10,30720,0,0,0,0,0,memory,default,1000,0,
udf-1000-memory,udf,read-scattered,20,5667,10,30720,0,0,0,0,0,memory,default,1000,0,
udf-1000-memory,udf,read-scattered,21,4541,10,30720,0,0,0,0,0,memory,default,1000,0,
udf-1000-memory,udf,read-full,1,3166,2,133120,0,0,0,0,0,memory,default,1000,0,
udf-1000-memory,udf,read-full,2,3333,2,133120,0,0,0,0,0,memory,default,1000,0,
udf-1000-memory,udf,read-full,3,3291,2,133120,0,0,0,0,0,memory,default,1000,0,
udf-1000-memory,udf,read-full,4,3209,2,133120,0,0,0,0,0,memory,default,1000,0,
udf-1000-memory,udf,read-full,5,3334,2,133120,0,0,0,0,0,memory,default,1000,0,
udf-1000-memory,udf,read-full,6,3167,2,133120,0,0,0,0,0,memory,default,1000,0,
udf-1000-memory,udf,read-full,7,3208,2,133120,0,0,0,0,0,memory,default,1000,0,
udf-1000-memory,udf,read-full,8,3166,2,133120,0,0,0,0,0,memory,default,1000,0,
udf-1000-memory,udf,read-full,9,3292,2,133120,0,0,0,0,0,memory,default,1000,0,
udf-1000-memory,udf,read-full,10,3584,2,133120,0,0,0,0,0,memory,default,1000,0,
udf-1000-memory,udf,read-full,11,3417,2,133120,0,0,0,0,0,memory,default,1000,0,
udf-1000-memory,udf,read-full,12,3333,2,133120,0,0,0,0,0,memory,default,1000,0,
udf-1000-memory,udf,read-full,13,3375,2,133120,0,0,0,0,0,memory,default,1000,0,
udf-1000-memory,udf,read-full,14,3375,2,133120,0,0,0,0,0,memory,default,1000,0,
udf-1000-memory,udf,read-full,15,3250,2,133120,0,0,0,0,0,memory,default,1000,0,
udf-1000-memory,udf,read-full,16,3208,2,133120,0,0,0,0,0,memory,default,1000,0,
udf-1000-memory,udf,read-full,17,3333,2,133120,0,0,0,0,0,memory,default,1000,0,
udf-1000-memory,udf,read-full,18,3125,2,133120,0,0,0,0,0,memory,default,1000,0,
udf-1000-memory,udf,read-full,19,3250,2,133120,0,0,0,0,0,memory,default,1000,0,
udf-1000-memory,udf,read-full,20,3291,2,133120,0,0,0,0,0,memory,default,1000,0,
udf-1000-memory,udf,read-full,21,3166,2,133120,0,0,0,0,0,memory,default,1000,0,
